CustomerId,Surname,CreditScore,Geography,Gender,Age,Tenure,Balance,NumOfProducts,HasCrCard,IsActiveMember,EstimatedSalary,Exited
15600000,Renner,665,Germany,Female,20,10,0.0,1,1,1,94598.56,0
15600001,Fairweather,735,France,Female,34,9,0.0,3,0,1,151328.56,0
15600002,Duarte,661,Germany,Male,21,4,0.0,1,1,0,112890.1,0
15600003,Falk,840,Spain,Male,59,9,95527.71,2,1,1,152083.61,0
15600004,Schmitt,651,France,Male,41,0,0.0,2,1,0,147922.44,0
15600005,Hargrove,780,Germany,Male,40,2,114100.44,2,0,0,102563.77,1
15600006,Renner,744,Germany,Male,41,8,69623.85,2,1,0,105478.41,0
15600007,Abubakar,796,Germany,Female,45,10,110209.02,2,1,0,96098.66,1
15600008,Delacroix,839,France,Male,48,1,0.0,3,1,0,105546.18,1
15600009,Osei,481,France,Male,23,7,0.0,1,1,1,68565.14,0
15600010,Hallgren,675,France,Female,52,1,56333.99,2,1,1,119588.11,0
15600011,Girard,639,Germany,Male,51,8,0.0,2,1,1,110567.15,0
15600012,Dubois,661,Spain,Male,38,9,3000.0,1,1,0,65319.91,1
15600013,Osei,612,Germany,Male,37,5,0.0,1,0,0,122237.44,0
15600014,Bergstrom,598,France,Female,18,1,136277.08,2,1,1,170887.7,0
15600015,Girard,544,France,Male,26,2,120889.7,1,1,1,100473.84,0
15600016,Sorensen,659,Spain,Female,44,5,166195.12,2,1,1,103984.65,0
15600017,Renner,740,France,Female,51,8,64364.87,2,1,0,110591.19,1
15600018,Sorensen,603,Germany,Male,46,5,0.0,2,1,0,1000.0,0
15600019,Rousseau,618,Spain,Female,38,5,0.0,1,1,1,79068.83,0
15600020,Balogh,583,Germany,Male,58,6,107670.42,3,0,0,200000.0,1
15600021,Fontaine,555,France,Male,49,10,121250.0,4,0,1,102453.33,0
15600022,Bergstrom,627,Germany,Male,34,8,0.0,2,0,1,48393.63,0
15600023,Nakamura,683,Germany,Female,61,1,99289.71,1,0,0,97803.83,1
15600024,Weiss,771,Germany,Male,27,2,0.0,2,1,1,67562.03,0
15600025,Weiss,536,France,Male,23,3,0.0,1,0,1,109727.61,0
15600026,Osei,647,France,Female,34,2,97539.35,1,0,0,110537.62,0
15600027,Novak,763,France,Male,31,8,0.0,1,1,0,96387.65,0
15600028,Thibault,537,France,Female,35,10,140678.9,1,1,0,151278.66,0
15600029,Fontaine,772,Spain,Female,47,6,0.0,3,0,1,30388.11,1
15600030,Osei,608,Spain,Female,38,9,130042.13,2,1,1,119000.49,0
15600031,Adeyemi,718,Germany,Female,38,4,0.0,2,0,1,160046.54,0
15600032,Reyes,629,France,Female,39,7,0.0,2,1,0,84083.05,1
15600033,Novak,694,France,Male,18,7,117212.76,1,1,0,146692.88,0
15600034,Kessler,804,France,Female,23,3,112085.53,4,1,1,86833.51,1
15600035,Mendez,638,France,Female,35,8,172911.51,2,1,1,37242.29,0
15600036,Rousseau,746,France,Female,30,5,98281.85,1,1,1,1000.0,1
15600037,Hargrove,676,France,Female,36,6,140983.49,2,1,1,68051.4,0
15600038,Lindqvist,575,France,Male,53,2,0.0,2,1,0,81847.38,0
15600039,Kessler,636,Spain,Male,38,3,36086.67,2,1,1,200000.0,0
15600040,Fairweather,630,France,Male,25,9,82059.8,1,1,1,102629.34,0
15600041,Weiss,514,Germany,Male,30,6,96316.01,2,0,1,67578.72,0
15600042,Castellano,694,Spain,Female,56,1,0.0,1,0,0,130530.13,1
15600043,Lindqvist,713,France,Female,54,5,57127.4,2,1,1,77589.56,1
15600044,Duarte,728,Germany,Male,45,6,187348.04,2,0,0,159404.63,0
15600045,Kessler,787,Germany,Male,23,8,0.0,2,0,1,188677.07,0
15600046,Castellano,742,France,Female,42,9,107593.46,2,0,1,109276.45,0
15600047,Okonkwo,592,France,Male,42,7,112581.51,4,0,0,1000.0,1
15600048,Delacroix,613,Spain,Female,39,0,126962.6,1,1,1,94224.46,0
15600049,Sorensen,731,France,Female,33,5,134539.35,1,0,1,90713.24,0
15600050,Girard,687,France,Male,35,2,225104.14,2,1,1,194099.39,0
15600051,Adeyemi,648,France,Male,32,0,81868.26,2,0,1,125684.94,0
15600052,Okonkwo,566,Germany,Female,27,10,127636.89,2,1,1,77504.14,1
15600053,Adeyemi,599,Spain,Male,52,1,0.0,4,1,0,180391.54,0
15600054,Mendez,706,Spain,Female,47,2,161145.81,1,1,1,93216.27,0
15600055,Mendez,463,Germany,Male,36,3,134443.68,2,1,0,92668.54,1
15600056,Sorensen,425,France,Male,42,5,0.0,1,0,0,71226.38,0
15600057,Okafor,717,Spain,Male,42,6,0.0,2,1,0,166704.03,0
15600058,Dubois,599,France,Female,62,3,0.0,1,0,0,69116.84,0
15600059,Dubois,695,France,Female,47,8,0.0,1,1,0,137364.19,0
15600060,Petrov,801,Spain,Female,47,1,89641.0,3,1,0,123034.33,1
15600061,Bergstrom,553,France,Male,39,10,0.0,2,1,0,103938.73,0
15600062,Aoki,490,Spain,Female,34,9,86090.86,2,1,0,152469.98,1
15600063,Osei,623,Germany,Male,53,6,91450.36,2,1,1,188639.5,0
15600064,Winters,584,Spain,Female,45,0,92322.88,1,1,1,29189.07,0
15600065,Okafor,648,Spain,Female,30,8,97287.69,1,0,0,90633.27,0
15600066,Mendez,702,Spain,Male,43,7,65597.54,1,1,1,85999.18,0
15600067,Okonkwo,681,France,Female,47,6,113851.52,2,1,0,106119.95,1
15600068,Mendez,654,France,Male,18,3,66905.73,2,1,1,66671.77,0
15600069,Fairweather,752,France,Male,29,4,0.0,1,1,0,40900.93,0
15600070,Renner,714,France,Male,42,4,109490.58,1,0,0,93771.7,0
15600071,Fairweather,633,France,Female,19,6,3000.0,2,1,1,158486.01,0
15600072,Okafor,711,Germany,Male,20,3,236577.8,1,1,0,88370.22,0
15600073,Sorensen,502,France,Female,36,4,0.0,1,0,0,123897.02,1
15600074,Duarte,752,France,Male,44,9,127991.65,1,0,0,188037.69,1
15600075,Hallgren,652,France,Female,44,4,85908.0,1,1,1,109559.45,0
15600076,Mendez,535,France,Female,55,6,116698.58,2,1,1,156943.84,0
15600077,Marceau,610,Spain,Male,39,10,0.0,1,0,1,162288.89,0
15600078,Abubakar,750,Spain,Female,35,10,136511.38,2,0,1,171387.35,0
15600079,Lindqvist,576,Germany,Female,25,6,0.0,1,1,1,200000.0,0
15600080,Okonkwo,689,Spain,Male,35,2,48555.56,1,1,1,92674.15,0
15600081,Laurent,734,France,Male,46,1,0.0,2,1,1,152511.83,0
15600082,Renner,652,Germany,Male,46,9,187495.2,1,1,1,112501.09,0
15600083,Okafor,567,France,Female,41,5,56906.54,2,1,0,128669.26,0
15600084,Castellano,644,France,Female,44,6,0.0,1,1,0,123653.46,1
15600085,Lindqvist,515,France,Female,52,10,0.0,1,1,1,168647.98,0
15600086,Winters,603,Spain,Female,39,4,113240.44,1,1,1,70828.51,0
15600087,Nakamura,544,France,Female,52,1,198758.82,2,1,1,122594.92,0
15600088,Iyer,645,France,Male,31,7,137012.64,1,1,0,26914.92,1
15600089,Fairweather,528,Spain,Male,38,10,8345.6,4,1,1,54143.49,0
15600090,Bergstrom,658,France,Female,34,1,114175.46,2,0,0,66828.12,0
15600091,Sorensen,759,Spain,Male,47,10,0.0,2,0,1,134043.16,0
15600092,Adeyemi,765,France,Male,28,5,0.0,2,0,0,124106.49,0
15600093,Whitfield,530,France,Female,35,6,0.0,4,1,1,180509.07,1
15600094,Falk,586,France,Female,20,10,39993.69,1,1,1,156754.45,0
15600095,Girard,732,Spain,Female,45,3,105183.16,1,1,1,99121.11,0
15600096,Fontaine,718,France,Male,51,8,0.0,2,1,1,200000.0,0
15600097,Bergstrom,591,France,Female,48,0,3989.33,1,0,1,110875.86,0
15600098,Marceau,603,France,Male,47,7,0.0,2,1,0,19571.37,0
15600099,Marchetti,658,Germany,Male,47,0,0.0,2,1,0,27241.49,1
15600100,Delacroix,474,Germany,Female,46,0,0.0,4,1,1,140103.52,1
15600101,Schmitt,700,Spain,Female,45,4,0.0,2,1,0,10119.69,0
15600102,Sorensen,754,France,Female,45,4,0.0,1,1,1,110472.08,0
15600103,Falk,613,Germany,Female,32,8,36936.45,2,1,1,80733.25,0
15600104,Mendez,514,Germany,Female,36,9,0.0,2,0,1,200000.0,0
15600105,Castellano,786,Spain,Male,39,10,111069.17,1,1,1,32881.9,0
15600106,Mendez,671,France,Male,35,6,172761.08,2,1,0,157227.08,0
15600107,Petrov,718,France,Female,23,1,0.0,3,0,0,79970.63,0
15600108,Mendez,523,France,Female,26,7,105390.06,2,1,1,74719.11,0
15600109,Marchetti,524,Germany,Male,41,5,100179.73,1,0,0,187609.67,1
15600110,Falk,690,France,Male,48,5,0.0,2,1,1,70361.18,1
15600111,Girard,749,France,Male,39,5,0.0,1,1,0,48298.47,0
15600112,Rousseau,542,France,Male,67,9,107781.28,2,0,1,72986.29,0
15600113,Nakamura,640,Spain,Female,29,4,0.0,1,0,0,42002.21,1
15600114,Balogh,498,France,Male,43,10,0.0,2,0,1,11987.25,0
15600115,Marceau,583,Germany,Male,52,5,78182.81,1,1,1,55107.1,0
15600116,Kowalski,625,Germany,Female,49,7,0.0,1,0,0,7348.95,1
15600117,Dubois,697,Spain,Male,45,10,24999.86,1,1,1,50328.44,0
15600118,Adeyemi,448,France,Male,49,8,75660.9,2,1,1,48881.4,0
15600119,Iyer,777,Spain,Male,39,4,171061.45,3,1,0,114307.59,1
15600120,Weiss,634,Spain,Male,55,2,0.0,1,0,0,25636.57,1
15600121,Kessler,774,Spain,Male,52,1,56200.78,2,1,0,134160.66,0
15600122,Marchetti,717,France,Male,30,4,104092.02,2,1,0,1000.0,0
15600123,Fairweather,732,France,Male,42,7,118576.49,2,1,1,46588.29,0
15600124,Novak,844,France,Male,23,8,75753.52,2,1,0,87624.83,1
15600125,Fontaine,575,France,Male,54,0,177434.29,3,0,1,76752.68,1
15600126,Hargrove,663,France,Male,41,5,150101.45,2,1,1,103191.57,0
15600127,Lindqvist,555,France,Female,52,10,130042.93,1,1,0,22615.4,1
15600128,Sorensen,640,France,Male,37,9,115425.68,1,0,1,200000.0,0
15600129,Kessler,719,Spain,Male,20,10,0.0,1,1,0,193131.92,1
15600130,Marceau,758,France,Female,65,10,0.0,2,0,1,1000.0,0
15600131,Fairweather,613,Germany,Male,40,1,141025.68,1,1,1,134637.74,0
15600132,Rousseau,534,Spain,Male,28,7,132462.99,2,1,1,79669.05,0
15600133,Hallgren,657,France,Female,50,6,75102.44,2,0,0,92817.07,0
15600134,Nakamura,568,Spain,Female,59,5,79439.32,2,1,1,94017.2,0
15600135,Rousseau,595,France,Male,36,8,136727.7,2,1,1,53990.12,0
15600136,Novak,714,Germany,Female,37,10,0.0,1,1,0,93150.33,1
15600137,Winters,697,France,Female,41,5,198242.09,3,0,1,187547.07,0
15600138,Kowalski,730,Germany,Male,27,7,0.0,1,0,0,200000.0,0
15600139,Sorensen,618,France,Male,31,5,104056.2,1,1,0,92945.21,0
15600140,Okafor,747,France,Male,57,6,7283.38,3,1,0,6293.38,1
15600141,Reyes,651,France,Female,37,10,3000.0,2,1,1,84976.15,0
15600142,Bergstrom,623,Germany,Male,30,8,0.0,1,1,0,81850.06,0
15600143,Rousseau,545,Spain,Male,34,2,69334.84,2,1,0,182300.11,1
15600144,Duarte,449,France,Male,49,9,13338.61,2,1,1,30223.25,0
15600145,Marchetti,500,France,Female,18,5,0.0,2,1,0,1000.0,0
15600146,Duarte,671,France,Male,41,6,129141.26,2,1,0,58849.9,0
15600147,Novak,563,Spain,Male,64,1,0.0,1,1,1,137207.43,0
15600148,Novak,492,France,Male,59,4,0.0,2,0,0,45280.22,1
15600149,Whitfield,610,France,Female,44,3,173820.96,3,0,1,84751.02,0
15600150,Reyes,677,Germany,Male,52,0,77215.06,1,1,1,141956.01,0
15600151,Fontaine,690,Germany,Female,52,9,125745.49,2,1,1,10366.32,0
15600152,Falk,647,France,Male,37,1,113881.37,1,1,1,92794.79,0
15600153,Sorensen,644,Spain,Male,48,7,0.0,1,0,1,112706.79,0
15600154,Iyer,598,France,Male,57,8,65153.08,2,0,0,135869.88,1
15600155,Fontaine,711,Spain,Male,26,6,110784.13,2,0,0,74973.86,0
15600156,Fontaine,633,France,Male,44,9,125468.47,2,1,0,187355.53,1
15600157,Osei,643,Spain,Female,42,1,102034.2,2,0,1,70570.95,0
15600158,Odom,750,Spain,Male,40,0,0.0,2,1,0,145286.58,0
15600159,Sorensen,726,Germany,Female,39,9,167090.84,1,1,1,163423.41,0
15600160,Balogh,632,France,Male,41,2,0.0,1,0,0,1000.0,0
15600161,Kessler,619,Germany,Female,42,3,0.0,1,0,1,187431.74,0
15600162,Okonkwo,618,France,Male,50,7,101479.43,1,1,1,36263.8,0
15600163,Balogh,456,France,Male,43,5,183227.13,2,1,1,73682.66,0
15600164,Falk,755,Spain,Male,37,2,0.0,2,1,0,161648.86,0
15600165,Lindqvist,584,France,Female,30,2,0.0,1,1,0,73786.73,0
15600166,Renner,732,Germany,Female,34,9,85417.73,1,1,1,93949.55,1
15600167,Bergstrom,654,Germany,Female,41,5,217589.29,2,1,1,152036.78,0
15600168,Fontaine,784,France,Female,31,10,133763.93,1,1,0,108554.94,0
15600169,Renner,701,Germany,Male,48,6,154512.42,1,0,0,40993.26,1
15600170,Renner,738,France,Male,43,7,0.0,3,0,1,167434.8,0
15600171,Novak,593,Spain,Male,50,3,146035.9,2,1,0,118714.19,1
15600172,Renner,527,France,Female,32,0,146015.54,1,0,0,8968.47,1
15600173,Balogh,664,Germany,Male,30,5,104879.26,1,1,1,92064.11,1
15600174,Falk,466,France,Male,50,8,0.0,1,1,1,118220.57,0
15600175,Laurent,605,France,Female,40,4,3000.0,4,1,1,75830.22,0
15600176,Falk,536,France,Male,36,9,0.0,2,1,0,5113.46,0
15600177,Petrov,569,Germany,Female,46,7,0.0,2,1,0,19252.34,1
15600178,Lindqvist,707,Germany,Male,45,5,137094.65,1,1,1,60341.5,0
15600179,Kowalski,701,Spain,Female,26,5,0.0,1,1,0,119534.96,0
15600180,Okonkwo,634,Germany,Female,53,2,0.0,3,0,1,165683.19,0
15600181,Dubois,681,Germany,Female,34,9,0.0,1,0,1,18029.84,0
15600182,Nakamura,598,Spain,Male,56,0,155576.15,1,0,0,65254.3,0
15600183,Balogh,850,France,Male,25,0,169577.36,1,1,0,1000.0,0
15600184,Balogh,679,Germany,Male,42,8,148993.12,2,1,1,96656.26,0
15600185,Hargrove,593,Spain,Male,37,0,104348.01,1,1,0,185427.94,1
15600186,Kowalski,734,France,Female,18,5,0.0,1,1,0,157471.46,1
15600187,Castellano,769,France,Male,45,2,115967.68,1,0,1,82960.91,1
15600188,Marceau,576,Spain,Male,19,7,122821.61,1,1,1,79315.74,0
15600189,Kessler,514,France,Male,36,1,0.0,4,0,0,77668.67,1
15600190,Balogh,533,Germany,Female,50,2,188402.71,1,0,0,81254.03,0
15600191,Odom,586,France,Male,33,5,147375.61,2,1,0,99841.73,0
15600192,Whitfield,645,France,Male,29,4,66916.39,1,1,0,77494.68,0
15600193,Abubakar,494,Germany,Male,47,2,117633.05,2,1,1,97917.07,0
15600194,Novak,610,France,Male,36,0,137871.97,1,1,0,33483.2,0
15600195,Laurent,630,France,Female,34,0,209603.22,1,0,0,124088.93,0
15600196,Winters,681,Spain,Male,52,2,259487.69,2,1,0,133984.16,0
15600197,Petrov,709,Germany,Female,27,3,0.0,1,1,0,200000.0,1
15600198,Laurent,689,France,Female,34,1,0.0,2,1,1,126931.23,0
15600199,Hallgren,822,France,Female,47,5,0.0,2,0,1,89652.1,0
15600200,Marceau,755,Germany,Female,26,9,105756.62,1,1,0,190867.17,1
15600201,Reyes,671,Germany,Female,57,7,0.0,1,1,0,179398.58,0
15600202,Laurent,557,Spain,Male,36,3,0.0,1,1,0,57586.94,1
15600203,Dubois,585,France,Male,47,4,0.0,1,1,1,198791.17,0
15600204,Sorensen,513,France,Female,47,8,126672.1,1,1,1,118447.36,0
15600205,Winters,665,France,Female,37,10,114462.94,2,1,0,18525.85,0
15600206,Reyes,682,France,Male,34,6,130814.93,2,1,1,57516.45,0
15600207,Thibault,736,Spain,Male,38,2,0.0,3,1,1,63612.13,0
15600208,Adeyemi,676,France,Male,46,9,77740.14,1,1,1,184849.53,0
15600209,Hargrove,751,Spain,Male,28,5,27609.31,1,1,1,109733.16,1
15600210,Nakamura,753,Spain,Male,26,0,45629.03,2,0,1,105404.32,0
15600211,Osei,551,Spain,Male,54,2,31464.85,1,1,1,96272.27,0
15600212,Duarte,600,France,Male,31,5,121745.6,2,0,0,200000.0,0
15600213,Renner,649,Germany,Female,42,8,71176.09,1,1,0,87746.01,1
15600214,Marceau,582,Spain,Female,36,9,161005.02,1,1,0,75768.56,1
15600215,Kessler,627,Spain,Female,37,2,124033.13,1,1,1,167990.73,0
15600216,Osei,679,France,Female,53,7,20228.95,1,0,0,109258.06,1
15600217,Castellano,638,France,Male,38,10,0.0,1,0,1,180848.01,0
15600218,Nakamura,650,Germany,Male,35,8,5857.63,2,0,1,75831.76,0
15600219,Novak,560,France,Female,36,7,0.0,1,1,0,109948.31,1
15600220,Dubois,699,France,Female,33,8,87486.57,2,1,0,200000.0,1
15600221,Falk,692,France,Female,32,6,64731.74,2,1,1,71127.5,0
15600222,Osei,577,Spain,Female,33,6,0.0,1,0,1,155744.03,0
15600223,Osei,526,Germany,Female,55,5,149439.78,1,0,1,10732.67,0
15600224,Rousseau,768,France,Female,46,10,95608.87,3,1,1,142149.35,1
15600225,Girard,818,Germany,Female,35,3,0.0,1,0,1,62206.64,1
15600226,Adeyemi,673,France,Female,49,8,63276.64,1,0,1,150627.54,0
15600227,Girard,615,Spain,Male,22,0,95390.94,2,1,1,35067.84,0
15600228,Dubois,750,Spain,Male,53,4,0.0,1,1,0,158380.99,1
15600229,Rousseau,695,France,Male,52,10,56218.72,1,0,1,95679.33,0
15600230,Hargrove,630,France,Male,61,2,146251.74,1,1,1,122847.9,0
15600231,Iyer,743,France,Female,49,8,126639.18,1,0,1,106183.58,1
15600232,Marchetti,572,Germany,Male,43,5,0.0,2,1,0,93145.54,0
15600233,Falk,584,Spain,Male,52,1,0.0,1,1,0,61114.42,0
15600234,Girard,685,Germany,Female,32,1,0.0,1,1,1,43720.01,0
15600235,Nakamura,661,Germany,Male,34,1,118302.02,3,0,1,139121.38,1
15600236,Fairweather,711,France,Female,38,5,0.0,1,1,0,33611.25,0
15600237,Kowalski,765,Germany,Male,52,3,122514.26,2,1,0,89910.65,1
15600238,Adeyemi,501,France,Male,30,9,88002.75,2,1,0,40680.01,0
15600239,Aoki,654,France,Male,29,8,105843.6,1,1,0,79041.06,0
15600240,Weiss,833,Germany,Male,41,1,88328.35,2,1,1,1000.0,0
15600241,Hargrove,593,Germany,Male,46,5,136575.63,2,1,0,166632.42,1
15600242,Nakamura,581,France,Male,31,8,0.0,1,1,0,140127.89,0
15600243,Bergstrom,435,Spain,Male,45,7,0.0,2,1,1,95958.8,0
15600244,Okonkwo,660,Spain,Male,52,0,59921.32,1,1,0,109341.74,0
15600245,Renner,706,Germany,Female,51,0,22063.17,1,1,1,166570.16,0
15600246,Marceau,706,Spain,Male,42,6,0.0,2,0,1,67987.37,0
15600247,Weiss,550,France,Male,38,10,135194.64,2,0,0,174287.52,1
15600248,Reyes,649,France,Male,56,0,0.0,2,1,1,58308.37,0
15600249,Delacroix,671,France,Female,39,1,118829.53,2,0,0,96714.18,0
15600250,Novak,655,Spain,Female,48,2,93850.99,2,1,1,18995.11,0
15600251,Schmitt,545,Germany,Female,58,3,0.0,2,0,0,178057.26,0
15600252,Castellano,657,France,Female,47,9,139864.82,1,1,1,82560.66,0
15600253,Hallgren,572,France,Male,28,10,79433.72,1,1,1,118502.98,0
15600254,Fairweather,470,France,Female,26,3,130731.12,2,1,0,54783.27,1
15600255,Nakamura,715,Spain,Male,35,8,38990.67,4,0,1,87154.48,1
15600256,Renner,663,Germany,Female,46,0,0.0,1,1,0,41082.55,0
15600257,Okafor,707,France,Male,43,5,143192.99,1,1,0,50185.23,1
15600258,Delacroix,599,France,Male,61,6,129588.63,3,1,1,5060.96,1
15600259,Marceau,710,Spain,Female,43,9,156627.05,1,0,0,83616.84,0
15600260,Fairweather,748,France,Female,35,9,144274.7,2,0,0,57687.79,0
15600261,Thibault,818,Germany,Female,27,0,126960.82,1,1,0,200000.0,1
15600262,Novak,728,France,Male,51,4,154300.56,2,1,1,33456.8,0
15600263,Fontaine,687,France,Male,38,0,93312.11,1,0,0,57897.8,0
15600264,Lindqvist,518,Germany,Male,23,0,138063.92,2,1,1,141406.28,0
15600265,Voss,640,France,Male,39,1,0.0,1,1,0,40335.93,1
15600266,Schmitt,513,France,Male,28,10,204530.74,1,0,0,89040.87,1
15600267,Laurent,571,France,Male,34,2,0.0,2,1,0,138041.85,0
15600268,Aoki,838,France,Female,39,8,0.0,3,0,0,133694.6,1
15600269,Fontaine,552,France,Male,29,7,124651.67,2,1,1,98806.23,0
15600270,Whitfield,425,France,Female,34,9,64439.11,1,0,1,90641.4,0
15600271,Sorensen,728,France,Female,31,5,148424.47,1,1,0,151409.66,0
15600272,Duarte,585,France,Female,31,10,149324.79,1,1,1,165849.64,0
15600273,Okonkwo,724,Spain,Male,28,4,0.0,3,0,1,99624.91,1
15600274,Odom,538,Spain,Male,34,8,60108.35,1,1,1,125321.29,0
15600275,Rousseau,609,France,Male,29,8,118638.26,2,1,1,65723.6,0
15600276,Aoki,765,France,Female,44,5,0.0,2,1,0,161376.89,1
15600277,Marchetti,523,Spain,Male,41,3,70077.4,2,1,0,139979.29,0
15600278,Fontaine,634,Germany,Male,51,1,0.0,2,1,0,76964.86,0
15600279,Balogh,678,Germany,Female,58,0,143215.55,1,1,1,65274.62,0
15600280,Adeyemi,581,France,Female,45,5,37803.16,1,1,0,199286.19,1
15600281,Osei,673,France,Female,43,4,74275.8,1,1,0,66401.99,0
15600282,Adeyemi,652,France,Male,46,2,231936.87,1,1,1,83365.22,0
15600283,Schmitt,701,France,Female,43,8,209690.2,1,1,0,23592.31,1
15600284,Thibault,827,Spain,Male,39,1,172489.94,2,0,1,154447.93,0
15600285,Adeyemi,850,France,Male,38,5,114189.52,1,1,0,65882.66,0
15600286,Duarte,694,France,Female,28,4,149599.72,1,0,0,96862.3,1
15600287,Renner,639,France,Female,47,10,0.0,1,0,1,91805.1,0
15600288,Voss,692,Spain,Male,38,1,3000.0,1,1,1,200000.0,1
15600289,Lindqvist,628,France,Male,53,9,83489.36,1,1,0,198905.37,0
15600290,Hargrove,498,Germany,Male,48,7,88301.0,2,1,1,114839.25,0
15600291,Kessler,646,France,Female,32,8,113411.41,2,1,0,59116.47,0
15600292,Odom,754,Germany,Female,51,8,0.0,2,0,1,103925.76,0
15600293,Girard,509,France,Male,18,8,0.0,2,1,0,92781.55,0
15600294,Balogh,555,Germany,Male,58,4,0.0,1,1,1,188208.75,0
15600295,Schmitt,594,Germany,Female,25,6,61823.94,2,1,1,200000.0,0
15600296,Delacroix,686,Germany,Female,44,4,102203.62,2,1,1,115926.99,1
15600297,Laurent,850,Germany,Male,43,9,0.0,2,1,0,143056.27,0
15600298,Whitfield,572,Germany,Female,50,2,0.0,1,1,0,200000.0,1
15600299,Adeyemi,659,Spain,Female,35,6,0.0,1,1,0,127538.08,0
15600300,Renner,651,Germany,Male,18,2,138228.67,1,1,1,51104.68,0
15600301,Petrov,621,France,Female,35,4,54860.11,1,1,0,91263.12,1
15600302,Nakamura,645,Spain,Female,36,10,0.0,2,1,1,97439.62,0
15600303,Dubois,605,Spain,Female,18,2,132804.62,1,1,1,56169.34,0
15600304,Mendez,850,Germany,Female,39,9,0.0,2,1,0,100569.21,1
15600305,Hallgren,722,France,Female,28,8,94372.49,4,0,1,10505.75,0
15600306,Delacroix,606,France,Male,45,4,112795.3,1,0,1,1000.0,0
15600307,Falk,764,Spain,Male,36,4,0.0,4,0,0,94681.95,1
15600308,Voss,675,France,Female,59,0,63616.05,1,1,0,85502.88,1
15600309,Adeyemi,656,France,Male,36,8,128444.05,1,1,1,200000.0,0
15600310,Duarte,633,France,Male,43,7,0.0,2,1,0,71205.58,0
15600311,Iyer,626,France,Male,36,10,0.0,1,1,0,116309.49,0
15600312,Marchetti,533,France,Female,22,3,0.0,1,1,1,74801.89,0
15600313,Falk,489,France,Female,36,4,0.0,1,0,0,1000.0,1
15600314,Renner,686,France,Female,46,7,0.0,2,1,1,96231.32,0
15600315,Petrov,632,France,Female,45,3,94256.33,1,1,0,112121.27,1
15600316,Winters,734,France,Male,36,3,0.0,2,1,0,67882.27,1
15600317,Iyer,565,Spain,Male,24,1,148483.03,2,1,1,87990.53,0
15600318,Girard,545,France,Female,45,10,40870.13,3,1,0,153847.64,1
15600319,Fontaine,725,Germany,Male,43,5,48510.67,2,1,0,83958.04,0
15600320,Novak,622,Germany,Female,47,8,142349.11,1,0,1,172973.82,1
15600321,Bergstrom,732,France,Male,36,7,101960.9,2,1,0,112197.64,0
15600322,Nakamura,653,France,Male,21,6,76655.42,2,1,1,160632.99,0
15600323,Fairweather,830,Spain,Female,44,3,0.0,1,1,1,190949.22,0
15600324,Delacroix,723,Germany,Male,38,3,72225.25,4,1,1,48046.46,1
15600325,Winters,689,Spain,Male,53,5,0.0,2,1,0,161762.41,0
15600326,Thibault,727,Germany,Male,39,1,0.0,3,1,0,175973.66,1
15600327,Odom,624,Spain,Male,38,5,0.0,1,1,0,161690.63,0
15600328,Delacroix,492,Spain,Male,43,0,96367.56,1,1,1,84661.99,0
15600329,Marceau,685,France,Female,32,3,0.0,3,1,0,1000.0,0
15600330,Dubois,836,Spain,Male,32,6,63209.74,1,1,0,200000.0,0
15600331,Okonkwo,430,France,Female,38,0,84063.79,2,1,1,9695.69,0
15600332,Abubakar,695,Spain,Female,29,0,97094.1,1,1,1,200000.0,0
15600333,Rousseau,503,Germany,Male,36,2,67930.87,1,1,1,32985.92,0
15600334,Renner,648,France,Male,58,8,166820.24,2,1,0,27801.03,1
15600335,Kessler,658,Spain,Female,49,8,0.0,3,1,1,104601.38,0
15600336,Thibault,722,France,Female,42,0,106178.21,1,0,0,96188.2,1
15600337,Fairweather,670,Spain,Female,54,3,0.0,2,0,0,200000.0,0
15600338,Duarte,782,France,Male,30,0,0.0,1,1,1,62447.28,0
15600339,Fontaine,762,Germany,Female,64,0,107685.08,1,1,0,152791.09,1
15600340,Kowalski,631,France,Female,34,10,0.0,2,0,1,129404.86,0
15600341,Adeyemi,755,Germany,Female,59,4,93865.33,2,1,1,49130.29,0
15600342,Laurent,620,Germany,Male,59,8,100960.66,2,0,1,132292.07,0
15600343,Adeyemi,603,Spain,Female,21,7,158848.37,1,1,0,95748.55,0
15600344,Nakamura,534,Germany,Male,53,4,0.0,1,1,0,168161.36,0
15600345,Laurent,776,Germany,Female,36,8,0.0,2,1,1,87902.52,1
15600346,Aoki,621,Germany,Male,33,2,0.0,1,0,0,185740.39,1
15600347,Bergstrom,418,France,Female,44,4,154370.93,2,0,1,121839.22,0
15600348,Schmitt,702,Spain,Male,28,4,73961.12,1,1,0,30931.16,0
15600349,Renner,608,France,Female,44,6,111095.12,2,1,0,1000.0,0
15600350,Marchetti,621,Spain,Male,29,2,0.0,1,0,1,200000.0,0
15600351,Whitfield,628,France,Male,40,8,60424.0,2,0,0,97164.95,0
15600352,Marchetti,618,Spain,Female,52,9,0.0,1,1,0,96762.77,1
15600353,Falk,850,Spain,Female,42,9,0.0,1,1,1,114875.72,0
15600354,Marceau,810,France,Male,35,9,130736.58,1,1,1,98146.35,0
15600355,Hargrove,717,Spain,Female,44,7,115491.89,1,1,0,107093.08,1
15600356,Delacroix,673,Germany,Male,24,8,78636.65,1,1,0,6517.6,0
15600357,Voss,758,Germany,Female,30,7,0.0,1,1,0,154208.65,1
15600358,Iyer,673,France,Female,34,10,122847.9,1,1,1,110305.91,0
15600359,Weiss,728,Spain,Female,47,1,176995.03,1,1,0,140661.75,1
15600360,Okonkwo,704,Germany,Female,43,2,0.0,1,0,0,68579.63,0
15600361,Iyer,662,France,Male,44,4,0.0,1,1,1,99927.64,0
15600362,Falk,740,France,Male,38,6,73198.72,2,1,1,17936.04,1
15600363,Falk,610,France,Female,30,9,107554.37,1,0,0,164426.3,1
15600364,Laurent,656,Spain,Male,54,1,89596.53,1,1,1,93518.9,0
15600365,Nakamura,556,France,Male,31,1,0.0,1,1,1,1000.0,0
15600366,Castellano,567,Germany,Female,43,9,125375.71,1,1,1,79744.49,0
15600367,Bergstrom,407,Spain,Male,37,3,99689.22,2,1,0,122431.39,0
15600368,Whitfield,694,France,Male,44,0,40642.24,2,1,0,185243.53,0
15600369,Balogh,720,Germany,Female,32,7,0.0,1,1,1,16305.29,0
15600370,Schmitt,754,Germany,Male,49,9,0.0,1,1,1,175554.84,0
15600371,Winters,544,France,Male,53,9,156036.87,1,0,1,141281.58,1
15600372,Reyes,692,France,Male,49,9,39653.74,2,1,0,74456.2,0
15600373,Hallgren,650,France,Male,40,0,86355.12,1,1,0,151835.52,1
15600374,Weiss,721,France,Female,34,1,0.0,1,0,0,118392.85,1
15600375,Petrov,587,France,Female,67,9,149247.92,2,1,0,68381.05,1
15600376,Dubois,618,Germany,Female,28,7,84727.25,1,0,0,163942.98,0
15600377,Duarte,501,France,Male,47,2,164303.05,1,1,0,180598.5,1
15600378,Sorensen,581,France,Male,42,4,109645.92,2,0,0,19326.79,0
15600379,Hargrove,650,Spain,Male,38,9,136488.7,2,1,0,121129.02,1
15600380,Abubakar,667,Spain,Female,40,10,0.0,1,1,1,91101.62,0
15600381,Falk,488,Germany,Female,33,9,0.0,1,1,1,127264.98,1
15600382,Lindqvist,601,Germany,Male,43,5,99641.14,2,0,0,81253.4,0
15600383,Kowalski,665,France,Female,42,8,133054.93,1,0,0,187213.71,1
15600384,Hargrove,785,France,Female,66,0,121894.12,1,1,1,1000.0,0
15600385,Kessler,569,Germany,Male,49,10,47150.2,1,0,1,110446.48,0
15600386,Schmitt,697,Spain,Female,44,2,0.0,1,1,1,69632.82,0
15600387,Laurent,596,Germany,Female,44,10,114386.16,1,1,0,86551.42,0
15600388,Marceau,607,France,Male,57,0,0.0,1,1,1,1000.0,0
15600389,Lindqvist,566,Germany,Male,29,10,100932.3,2,1,1,173305.59,0
15600390,Weiss,550,Spain,Female,37,5,3000.0,2,1,0,19359.59,0
15600391,Lindqvist,604,France,Female,19,5,139272.89,1,1,1,126134.35,0
15600392,Reyes,751,Spain,Female,44,7,141401.16,1,1,0,68023.94,0
15600393,Kessler,578,Spain,Female,47,5,90928.19,2,1,1,84030.6,0
15600394,Fairweather,563,France,Female,28,10,37773.96,1,0,0,133717.7,1
15600395,Odom,670,France,Male,53,1,85229.29,2,0,0,171074.38,0
15600396,Kowalski,651,Germany,Male,31,7,161749.73,1,0,1,23648.79,0
15600397,Hallgren,643,France,Male,35,2,0.0,2,1,1,76263.71,0
15600398,Mendez,674,France,Female,40,0,113126.0,1,1,1,116011.94,0
15600399,Hargrove,553,France,Female,55,7,0.0,1,1,1,97431.57,0
15600400,Dubois,564,France,Female,30,7,127769.17,2,0,0,148873.34,0
15600401,Reyes,745,Germany,Male,41,1,0.0,1,1,1,186621.18,0
15600402,Mendez,636,Germany,Male,46,7,101887.44,1,1,1,61601.73,0
15600403,Rousseau,707,France,Female,44,10,166813.9,1,0,0,51860.61,1
15600404,Weiss,768,Germany,Male,45,7,66146.46,1,1,0,131733.81,0
15600405,Odom,731,Germany,Male,46,2,98259.64,2,1,1,31622.77,0
15600406,Fontaine,519,France,Female,33,0,0.0,1,0,1,127312.7,0
15600407,Sorensen,639,Germany,Female,56,0,149335.08,1,1,0,96960.33,1
15600408,Okonkwo,750,France,Female,37,6,0.0,1,0,1,90507.19,0
15600409,Reyes,700,Germany,Male,36,2,131442.6,2,1,0,140703.96,0
15600410,Falk,668,Spain,Male,52,4,130651.0,2,1,0,71990.04,1
15600411,Reyes,493,Spain,Male,32,0,0.0,2,1,1,200000.0,0
15600412,Abubakar,591,France,Male,42,4,0.0,2,1,0,82948.75,0
15600413,Okonkwo,657,Germany,Male,31,1,88573.59,2,1,1,57201.07,0
15600414,Winters,513,France,Male,64,4,62285.56,3,0,1,200000.0,0
15600415,Fontaine,726,France,Female,62,6,42804.42,1,0,1,98491.69,1
15600416,Aoki,639,France,Male,37,10,0.0,2,1,0,38730.09,0
15600417,Winters,460,Germany,Male,44,3,80531.2,1,1,1,90509.85,0
15600418,Marchetti,596,France,Male,39,3,76430.56,2,0,1,200000.0,0
15600419,Schmitt,623,Germany,Female,35,8,53219.51,1,1,1,114579.29,0
15600420,Reyes,638,Spain,Male,40,10,130701.31,2,1,0,47114.8,1
15600421,Reyes,786,France,Male,38,4,0.0,1,1,1,154843.86,0
15600422,Osei,706,France,Male,23,3,139422.76,2,1,0,136343.69,0
15600423,Weiss,519,France,Male,41,7,0.0,2,1,1,134772.81,0
15600424,Dubois,507,Spain,Female,38,8,240650.06,1,1,0,5806.6,1
15600425,Odom,624,Germany,Male,42,7,0.0,3,1,0,39332.18,1
15600426,Girard,662,France,Male,38,7,0.0,1,1,1,11008.73,1
15600427,Delacroix,745,Germany,Female,35,1,0.0,2,1,1,80316.74,1
15600428,Girard,816,France,Male,47,2,0.0,2,0,1,184008.5,0
15600429,Osei,821,Germany,Female,44,0,90987.58,2,0,1,1000.0,1
15600430,Duarte,608,Germany,Male,53,4,73199.79,2,1,0,31290.16,1
15600431,Iyer,740,Germany,Female,44,9,52798.4,1,1,0,1203.47,0
15600432,Girard,691,Spain,Male,36,2,123833.53,2,0,1,144945.64,0
15600433,Aoki,545,Germany,Male,45,7,58398.93,1,1,0,200000.0,1
15600434,Dubois,469,France,Male,18,4,140294.19,1,1,0,114568.15,0
15600435,Mendez,664,France,Female,60,1,154791.57,1,1,0,127148.46,0
15600436,Okonkwo,506,France,Male,41,2,68763.88,1,1,1,97703.85,0
15600437,Hallgren,568,Spain,Female,61,7,181925.69,1,1,0,89371.41,0
15600438,Marchetti,584,Spain,Female,30,8,132059.43,4,1,1,139983.14,0
15600439,Fairweather,671,Spain,Male,27,3,0.0,2,0,0,47333.96,1
15600440,Lindqvist,773,Germany,Male,42,10,0.0,4,1,1,136624.42,1
15600441,Schmitt,651,France,Male,42,0,0.0,2,0,0,81728.08,0
15600442,Balogh,598,Spain,Female,42,6,190633.24,2,0,1,97459.69,0
15600443,Laurent,451,France,Female,40,2,177981.94,1,1,1,67551.14,0
15600444,Girard,694,France,Male,32,9,0.0,2,1,1,1000.0,1
15600445,Abubakar,653,Spain,Male,23,8,204864.19,1,1,1,142486.53,0
15600446,Petrov,597,Germany,Female,41,0,180735.51,1,1,1,92879.15,0
15600447,Mendez,762,Spain,Male,25,4,123919.02,1,1,0,95843.45,0
15600448,Marchetti,536,France,Male,24,8,0.0,2,1,1,200000.0,0
15600449,Bergstrom,584,Spain,Male,35,5,0.0,2,1,1,107701.91,0
15600450,Delacroix,626,France,Male,43,5,123929.93,1,1,0,56653.84,0
15600451,Laurent,596,Germany,Female,59,1,0.0,2,1,0,10602.8,0
15600452,Iyer,703,Spain,Female,48,6,150241.42,3,1,0,80970.3,0
15600453,Okonkwo,695,France,Male,53,1,105727.46,2,1,0,123125.89,0
15600454,Odom,751,France,Male,45,3,10519.08,2,0,0,16135.84,1
15600455,Aoki,698,France,Female,42,2,36337.71,2,0,1,161582.72,1
15600456,Voss,639,Germany,Male,64,7,0.0,1,1,1,76325.52,0
15600457,Sorensen,617,France,Male,25,5,0.0,1,1,0,89507.04,1
15600458,Odom,694,Germany,Male,34,4,145260.94,1,1,0,98031.71,1
15600459,Okafor,632,Spain,Female,35,9,51138.5,3,1,0,17073.15,1
15600460,Petrov,655,Spain,Female,48,4,0.0,2,0,0,68784.32,0
15600461,Girard,699,France,Female,29,8,65118.97,1,1,1,122473.74,0
15600462,Sorensen,663,Germany,Male,46,9,185825.99,1,1,0,94183.79,1
15600463,Duarte,680,France,Female,44,1,34424.84,1,1,0,70235.44,0
15600464,Lindqvist,574,Spain,Male,47,8,142167.19,1,1,0,79668.24,1
15600465,Okafor,780,Spain,Female,47,0,0.0,2,1,1,130595.89,0
15600466,Winters,544,Spain,Male,54,7,111556.68,2,1,0,179672.65,1
15600467,Odom,692,Germany,Male,38,2,0.0,2,1,1,88590.59,0
15600468,Winters,603,France,Male,44,2,157088.46,2,1,0,47925.18,0
15600469,Hallgren,754,Spain,Male,31,9,70845.0,2,1,0,200000.0,0
15600470,Kessler,735,France,Male,29,2,81371.62,1,1,1,157487.41,0
15600471,Delacroix,650,France,Female,57,5,33361.36,2,0,1,92065.59,0
15600472,Rousseau,799,France,Female,30,8,22400.76,2,1,1,64424.13,0
15600473,Sorensen,632,France,Female,45,8,0.0,4,0,0,197879.53,1
15600474,Petrov,735,France,Male,44,2,69263.64,1,0,1,50181.93,0
15600475,Nakamura,580,France,Male,50,4,36685.22,1,1,1,99912.4,0
15600476,Okafor,689,France,Male,22,6,0.0,1,0,0,139019.11,0
15600477,Kowalski,560,Spain,Male,48,6,110379.57,3,1,1,110726.43,0
15600478,Odom,652,Spain,Male,38,1,111335.84,1,1,1,44619.34,0
15600479,Voss,645,France,Female,32,6,72051.16,1,1,0,76379.81,1
15600480,Hargrove,734,France,Female,36,0,0.0,2,1,0,98711.89,1
15600481,Falk,586,France,Male,49,6,96159.42,3,1,0,32190.87,1
15600482,Fontaine,850,Spain,Female,46,8,0.0,2,1,0,89253.7,0
15600483,Bergstrom,517,France,Female,37,5,78161.01,1,1,0,183836.92,0
15600484,Winters,672,France,Male,27,2,0.0,1,1,0,200000.0,0
15600485,Winters,678,France,Female,28,2,95941.77,1,1,1,86649.0,0
15600486,Winters,702,France,Male,46,7,90190.21,1,1,1,95804.96,0
15600487,Abubakar,601,France,Male,25,4,31246.7,1,0,1,87663.24,0
15600488,Duarte,673,Spain,Female,37,10,92035.64,2,1,0,1000.0,1
15600489,Bergstrom,596,Spain,Female,66,10,67754.53,1,1,1,125366.99,0
15600490,Hallgren,830,Spain,Male,43,4,0.0,2,0,0,114140.16,1
15600491,Rousseau,589,Spain,Male,46,2,132990.24,1,1,1,158500.84,0
15600492,Bergstrom,636,Spain,Female,28,8,85171.65,1,1,0,160060.38,0
15600493,Petrov,586,France,Male,26,7,137553.07,1,1,0,134529.82,1
15600494,Sorensen,573,Germany,Female,47,1,0.0,1,0,1,135244.27,0
15600495,Kessler,515,Spain,Female,36,10,98773.91,1,1,1,39471.16,0
15600496,Odom,715,France,Male,50,2,96542.89,1,0,1,109253.16,0
15600497,Balogh,585,Spain,Female,40,6,102303.54,1,1,0,18155.73,0
15600498,Marceau,573,France,Female,75,2,43174.93,1,0,1,77040.94,0
15600499,Adeyemi,558,Spain,Female,34,5,20547.27,1,0,0,192759.65,1
15600500,Mendez,679,Spain,Male,42,6,0.0,1,1,1,129280.87,0
15600501,Okonkwo,652,Germany,Male,30,1,0.0,2,1,0,115825.86,0
15600502,Hargrove,653,Germany,Male,50,2,84868.63,2,1,1,97062.8,0
15600503,Balogh,577,Spain,Female,44,8,165162.95,1,1,1,97863.76,0
15600504,Osei,692,Spain,Female,30,10,0.0,4,0,0,108517.15,0
15600505,Falk,586,Germany,Female,36,10,36997.15,1,1,0,103964.47,0
15600506,Delacroix,657,France,Female,54,8,110052.41,2,1,1,137105.83,0
15600507,Sorensen,637,Germany,Male,52,10,145356.93,1,0,0,200000.0,1
15600508,Kowalski,488,France,Male,25,1,30491.56,1,0,1,182314.86,0
15600509,Duarte,845,France,Female,35,2,35670.06,1,1,0,74173.32,1
15600510,Castellano,705,France,Female,58,4,0.0,1,1,0,64034.99,1
15600511,Osei,667,Germany,Female,38,10,109289.28,2,1,0,69241.91,0
15600512,Hargrove,682,France,Male,41,8,77315.77,1,1,0,63088.15,0
15600513,Dubois,847,France,Male,50,4,29965.32,2,0,0,1000.0,0
15600514,Petrov,759,France,Female,26,0,0.0,1,1,1,106145.35,1
15600515,Marceau,683,France,Male,30,6,0.0,1,1,0,76175.36,0
15600516,Duarte,582,France,Male,36,3,61052.66,1,1,1,98214.4,0
15600517,Aoki,597,Spain,Female,52,2,64213.31,3,1,0,70949.65,0
15600518,Fairweather,477,France,Female,50,2,95056.82,1,0,1,103178.87,0
15600519,Thibault,615,Germany,Female,47,2,56944.92,1,1,0,61861.03,0
15600520,Marchetti,714,Germany,Female,38,3,0.0,2,1,0,63072.81,0
15600521,Marceau,711,France,Female,51,6,159249.21,1,0,1,200000.0,0
15600522,Abubakar,709,France,Male,38,1,120394.23,2,1,1,29360.63,0
15600523,Rousseau,601,Spain,Male,45,5,0.0,1,1,0,200000.0,1
15600524,Fontaine,703,France,Female,49,10,0.0,2,0,1,21792.64,1
15600525,Kessler,729,France,Male,57,10,0.0,2,1,0,52072.89,0
15600526,Reyes,436,Germany,Female,39,9,0.0,1,1,0,27275.57,0
15600527,Novak,679,Germany,Female,36,2,0.0,2,1,1,77434.49,1
15600528,Thibault,850,Germany,Male,53,1,60816.38,1,1,1,1000.0,1
15600529,Sorensen,622,France,Male,54,9,141834.81,3,1,1,156402.03,1
15600530,Castellano,408,Spain,Female,34,4,123784.34,1,1,1,52449.2,0
15600531,Odom,572,Spain,Male,28,5,0.0,1,1,1,118098.17,0
15600532,Nakamura,476,France,Male,52,4,0.0,2,1,1,199183.27,1
15600533,Girard,589,Spain,Female,23,1,118117.95,1,0,0,69909.21,0
15600534,Delacroix,532,France,Male,22,7,0.0,3,0,1,122298.16,1
15600535,Fairweather,739,France,Male,37,2,118515.19,2,1,0,47212.51,0
15600536,Novak,725,Spain,Female,40,2,0.0,1,1,1,147620.18,0
15600537,Thibault,683,France,Female,28,8,56563.21,1,0,0,119838.64,0
15600538,Fontaine,768,France,Male,41,7,10801.33,2,1,1,27690.64,0
15600539,Renner,596,Germany,Female,41,9,0.0,2,0,0,177972.55,1
15600540,Fairweather,657,Germany,Female,34,7,159155.72,1,0,0,93682.37,0
15600541,Voss,850,Spain,Male,59,0,159626.62,1,1,1,90183.85,0
15600542,Reyes,706,Germany,Male,43,4,0.0,2,1,1,139511.55,0
15600543,Reyes,706,Germany,Female,50,4,190502.26,1,0,0,159120.11,1
15600544,Kowalski,576,France,Male,24,3,120725.22,2,1,1,40482.87,0
15600545,Fontaine,610,France,Female,24,5,102140.0,1,1,1,153373.85,0
15600546,Okafor,554,France,Female,43,5,0.0,3,0,0,102222.66,1
15600547,Osei,811,France,Male,57,6,75348.5,2,0,1,85838.04,0
15600548,Weiss,500,Germany,Female,28,10,48636.02,1,0,0,62722.86,0
15600549,Renner,738,France,Male,40,7,63064.04,3,1,1,112862.86,1
15600550,Aoki,706,France,Female,26,10,0.0,4,0,1,18689.84,0
15600551,Rousseau,496,France,Male,31,9,0.0,4,1,1,52013.52,0
15600552,Lindqvist,760,France,Female,40,8,39646.96,1,0,1,3240.87,0
15600553,Girard,625,Germany,Male,33,3,63296.33,1,1,1,148046.81,1
15600554,Schmitt,523,France,Female,25,6,152264.67,1,1,0,109543.15,0
15600555,Bergstrom,685,France,Female,25,1,94158.13,2,1,1,113550.0,0
15600556,Okafor,571,France,Male,19,10,102033.46,2,1,0,73335.4,0
15600557,Mendez,630,France,Male,43,2,93260.86,1,1,1,88736.79,0
15600558,Rousseau,601,Spain,Female,45,2,208630.39,1,0,1,88955.49,0
15600559,Delacroix,566,France,Female,45,10,140014.79,2,1,1,119446.61,0
15600560,Whitfield,536,France,Male,29,1,124597.73,1,1,1,11801.77,0
15600561,Castellano,726,France,Male,49,6,0.0,2,0,1,105414.82,1
15600562,Delacroix,681,Germany,Female,46,6,132473.83,1,0,1,126116.8,0
15600563,Kessler,675,Spain,Male,39,2,0.0,1,1,0,128335.9,0
15600564,Voss,615,Spain,Female,37,4,93303.47,1,1,0,200000.0,1
15600565,Okonkwo,655,Spain,Male,32,8,120435.64,1,1,1,115284.48,1
15600566,Nakamura,579,Germany,Male,40,7,113456.55,1,1,1,150082.33,1
15600567,Aoki,578,France,Female,55,6,157170.81,1,0,1,154757.52,0
15600568,Schmitt,814,France,Male,50,5,197243.7,1,1,1,57342.7,0
15600569,Marchetti,735,Spain,Female,36,4,0.0,3,0,0,145499.34,1
15600570,Rousseau,596,France,Female,44,6,134655.99,2,1,0,1000.0,1
15600571,Duarte,506,Germany,Male,27,0,120810.79,1,1,0,53265.78,1
15600572,Balogh,487,France,Male,46,0,0.0,1,1,1,139872.82,1
15600573,Girard,589,Germany,Male,30,8,0.0,1,1,0,35607.4,1
15600574,Balogh,660,Germany,Female,46,1,190170.33,1,1,0,162578.06,1
15600575,Adeyemi,661,Spain,Female,69,7,152985.34,2,1,1,160123.3,0
15600576,Delacroix,664,Germany,Female,33,0,80395.17,2,1,1,125260.16,0
15600577,Okafor,682,Spain,Male,68,2,44162.92,2,0,0,117235.86,1
15600578,Fairweather,550,Germany,Male,44,10,144054.79,1,1,0,87058.13,0
15600579,Marchetti,795,France,Male,31,2,0.0,1,1,0,111190.64,1
15600580,Novak,631,France,Female,30,10,63009.91,1,1,1,159421.5,1
15600581,Novak,678,Spain,Male,63,2,122466.62,1,1,0,167013.88,1
15600582,Novak,587,France,Male,44,6,148791.92,1,0,0,106445.35,0
15600583,Abubakar,680,France,Male,33,7,0.0,1,0,0,23739.39,0
15600584,Marceau,849,Germany,Male,36,6,101667.2,1,0,0,84052.8,1
15600585,Adeyemi,555,Spain,Female,43,3,106404.76,1,1,0,115452.54,1
15600586,Odom,543,France,Female,38,8,66197.01,2,1,1,146568.68,0
15600587,Marceau,567,France,Female,42,3,0.0,1,1,1,125255.25,0
15600588,Nakamura,618,France,Male,57,8,0.0,2,0,0,174889.45,1
15600589,Voss,600,France,Female,27,4,148772.42,2,1,0,61452.49,0
15600590,Rousseau,550,Germany,Male,45,9,251412.59,2,0,1,61691.15,0
15600591,Hargrove,645,France,Female,38,10,0.0,2,0,1,157896.43,0
15600592,Dubois,800,France,Female,33,8,171552.97,2,1,0,47997.46,0
15600593,Balogh,636,Spain,Male,49,5,0.0,1,1,1,40980.07,0
15600594,Lindqvist,641,France,Female,24,4,44677.68,1,1,1,103858.59,0
15600595,Petrov,683,France,Male,18,4,0.0,1,0,0,143886.67,0
15600596,Mendez,712,Spain,Male,41,3,0.0,2,1,0,113224.84,1
15600597,Weiss,782,Spain,Male,37,5,0.0,1,1,0,1000.0,0
15600598,Okonkwo,673,Germany,Male,25,5,122802.92,1,1,1,92206.16,0
15600599,Winters,650,Spain,Female,21,7,171358.79,1,1,1,57594.22,0
15600600,Hallgren,555,France,Female,58,9,0.0,1,1,0,168932.25,0
15600601,Delacroix,721,Germany,Female,43,9,53807.82,2,1,1,11724.47,0
15600602,Osei,569,Germany,Female,39,6,78765.05,2,1,1,133094.99,0
15600603,Thibault,566,Spain,Female,61,10,229611.54,1,1,0,101086.17,0
15600604,Novak,669,Germany,Male,49,9,127983.93,3,1,1,115363.53,1
15600605,Kowalski,798,Germany,Male,57,5,220870.62,2,1,1,146006.67,0
15600606,Abubakar,720,Germany,Male,26,4,0.0,2,1,0,88295.87,0
15600607,Aoki,646,France,Female,26,5,147691.05,2,1,1,105678.31,0
15600608,Reyes,556,Spain,Female,45,0,47804.41,2,1,1,200000.0,0
15600609,Mendez,796,France,Female,43,3,113488.71,3,1,0,157734.21,1
15600610,Bergstrom,645,Spain,Male,51,4,223154.97,1,0,0,153601.08,1
15600611,Renner,622,Spain,Male,22,8,72809.23,2,0,1,151742.02,0
15600612,Winters,703,Germany,Female,46,2,77481.17,1,0,1,200000.0,0
15600613,Girard,607,Germany,Male,49,7,153379.67,3,1,0,133508.35,1
15600614,Marchetti,578,France,Female,48,3,117730.63,2,1,1,107301.5,0
15600615,Marchetti,587,Spain,Male,34,3,206806.41,1,0,0,136663.81,1
15600616,Balogh,587,Spain,Male,44,0,99953.09,2,1,1,68172.13,0
15600617,Sorensen,542,France,Female,31,5,0.0,1,1,0,148846.32,0
15600618,Iyer,531,France,Female,36,1,127842.62,2,1,1,159212.03,0
15600619,Nakamura,743,France,Female,28,2,58211.79,2,1,1,81198.96,0
15600620,Thibault,714,Germany,Male,31,5,0.0,1,0,0,92757.45,0
15600621,Thibault,571,France,Male,36,7,42511.72,2,0,0,120383.72,0
15600622,Odom,735,Germany,Female,33,4,0.0,2,0,1,63798.26,0
15600623,Petrov,680,France,Female,31,2,0.0,3,0,0,40737.49,1
15600624,Weiss,619,Germany,Male,25,9,46964.88,3,1,1,86405.19,1
15600625,Adeyemi,532,France,Female,59,3,0.0,1,1,1,104423.7,1
15600626,Schmitt,683,Germany,Male,33,3,163003.9,1,1,0,138475.18,1
15600627,Mendez,829,France,Male,42,0,64705.41,1,1,0,132165.21,1
15600628,Falk,651,Spain,Female,21,3,0.0,1,0,1,97641.0,0
15600629,Petrov,746,Germany,Female,52,2,0.0,1,1,1,133277.08,0
15600630,Nakamura,630,Germany,Male,40,3,0.0,1,0,0,70080.03,1
15600631,Rousseau,738,Germany,Male,34,2,199053.2,2,1,1,13544.21,0
15600632,Aoki,636,France,Female,34,2,90608.74,2,1,1,88578.74,0
15600633,Iyer,419,France,Female,47,8,176390.55,2,1,0,114444.86,0
15600634,Voss,581,France,Female,18,5,0.0,1,1,0,66823.79,0
15600635,Whitfield,663,France,Male,30,7,91057.36,1,1,0,15972.21,0
15600636,Iyer,754,Spain,Female,37,6,78713.48,1,1,1,50371.48,0
15600637,Novak,635,Spain,Female,37,5,3987.23,1,1,1,30850.7,0
15600638,Hargrove,653,Germany,Female,64,5,126590.16,2,1,1,21623.1,1
15600639,Aoki,594,Germany,Male,35,4,0.0,3,0,1,103427.59,1
15600640,Osei,800,Spain,Female,49,2,0.0,2,1,0,168526.84,0
15600641,Voss,794,Germany,Female,57,9,181567.52,3,0,0,102526.21,0
15600642,Hallgren,585,France,Female,45,4,60704.3,1,1,1,167848.41,0
15600643,Schmitt,504,France,Female,32,9,205555.22,1,1,1,1000.0,0
15600644,Adeyemi,477,Spain,Female,25,8,0.0,1,1,1,111514.8,0
15600645,Falk,708,Germany,Male,46,6,130183.45,1,1,1,132557.59,0
15600646,Aoki,663,France,Male,55,9,108629.87,1,0,1,56268.45,0
15600647,Duarte,575,Spain,Female,44,7,73432.21,2,1,0,49247.4,0
15600648,Sorensen,676,Spain,Male,51,8,52058.53,1,1,0,79777.06,1
15600649,Hargrove,532,France,Male,65,8,122515.22,2,1,1,151515.48,0
15600650,Mendez,726,France,Female,47,7,63791.54,1,0,0,32476.09,1
15600651,Rousseau,613,Germany,Male,27,7,100979.27,2,1,0,52930.97,0
15600652,Okafor,546,Spain,Female,39,8,0.0,2,1,1,24825.33,0
15600653,Schmitt,615,France,Male,52,2,0.0,2,0,0,134838.75,0
15600654,Hallgren,611,Germany,Male,36,9,0.0,1,1,1,59758.48,0
15600655,Fairweather,685,France,Male,54,5,3000.0,1,1,1,94429.87,0
15600656,Odom,762,Germany,Female,38,1,153952.31,1,1,1,127485.05,0
15600657,Schmitt,757,France,Female,42,1,0.0,1,1,0,71477.69,1
15600658,Sorensen,665,Spain,Male,35,8,3000.0,1,1,1,15741.11,0
15600659,Adeyemi,632,France,Male,40,8,132909.36,1,0,0,129110.54,1
15600660,Laurent,595,France,Male,41,7,122861.94,2,1,0,133340.35,0
15600661,Marceau,480,Germany,Female,22,7,0.0,3,1,0,192284.42,1
15600662,Renner,648,France,Female,34,9,156892.93,1,1,1,117875.84,0
15600663,Sorensen,568,France,Female,26,10,168909.7,1,0,0,104282.33,1
15600664,Hallgren,767,France,Male,34,9,164968.6,1,1,0,116008.43,1
15600665,Fontaine,631,Spain,Female,30,1,199241.85,1,1,0,89588.24,0
15600666,Iyer,722,Germany,Male,49,8,0.0,1,1,1,98164.18,0
15600667,Adeyemi,604,Germany,Male,49,5,70426.99,2,1,0,65611.64,1
15600668,Duarte,585,France,Male,44,8,112868.6,1,0,1,115305.98,0
15600669,Castellano,708,France,Male,26,7,0.0,1,1,0,116373.2,0
15600670,Winters,677,France,Male,37,7,187948.02,3,1,1,90561.94,0
15600671,Delacroix,681,Spain,Female,25,9,0.0,2,1,1,45877.11,0
15600672,Dubois,641,Germany,Male,37,1,80383.99,1,1,1,14730.27,0
15600673,Castellano,726,Spain,Female,45,9,29302.78,1,0,1,69346.42,1
15600674,Hargrove,712,Spain,Female,49,3,155654.83,4,1,1,63342.68,0
15600675,Whitfield,441,France,Female,43,2,122458.33,3,1,1,77267.98,1
15600676,Nakamura,625,Germany,Male,51,7,68673.5,2,1,0,73530.72,1
15600677,Lindqvist,747,France,Female,41,10,0.0,1,0,0,198652.43,1
15600678,Renner,552,France,Male,36,0,94991.86,2,1,0,77583.26,0
15600679,Whitfield,488,France,Male,47,10,0.0,1,0,1,23319.9,0
15600680,Okonkwo,637,France,Male,48,3,178540.49,1,1,1,101020.36,0
15600681,Marceau,700,France,Female,33,10,0.0,1,1,1,78081.14,0
15600682,Hargrove,606,France,Female,42,0,119189.86,1,1,0,200000.0,0
15600683,Renner,774,France,Female,35,6,106458.99,1,0,1,117105.94,0
15600684,Whitfield,827,Spain,Female,18,5,30062.19,2,1,1,151561.0,0
15600685,Winters,465,France,Male,43,9,128270.79,2,1,0,101722.79,0
15600686,Hallgren,613,France,Female,25,5,77326.8,3,1,0,111042.27,1
15600687,Adeyemi,431,Germany,Female,42,0,196179.15,4,0,1,69310.69,0
15600688,Laurent,713,Germany,Male,23,2,0.0,2,1,0,97122.38,1
15600689,Bergstrom,585,Spain,Female,31,2,123057.76,1,1,1,48078.32,0
15600690,Iyer,604,France,Female,34,9,0.0,1,0,1,74772.97,0
15600691,Odom,760,Germany,Male,51,1,84216.02,1,0,0,118127.72,0
15600692,Castellano,522,France,Male,33,9,80362.14,2,1,0,122156.74,1
15600693,Kowalski,498,France,Male,28,5,172518.16,1,1,1,112577.96,0
15600694,Marceau,431,Germany,Female,42,6,0.0,2,0,1,64858.53,0
15600695,Marchetti,772,Spain,Male,36,10,127844.86,1,1,1,200000.0,1
15600696,Castellano,750,Spain,Male,47,8,162868.46,2,1,0,94645.97,0
15600697,Winters,622,Spain,Female,28,7,193533.75,2,0,1,113964.23,0
15600698,Balogh,528,Spain,Female,41,9,0.0,1,1,1,172606.48,0
15600699,Marceau,730,France,Female,64,5,139309.89,4,1,1,46452.42,0
15600700,Nakamura,850,France,Female,36,10,98408.44,1,1,1,89715.19,0
15600701,Whitfield,627,France,Male,40,8,133746.89,1,1,0,200000.0,1
15600702,Hallgren,535,France,Male,22,10,110350.44,2,1,1,126303.01,0
15600703,Reyes,769,Germany,Female,30,6,0.0,1,1,1,145705.15,0
15600704,Rousseau,541,France,Male,43,7,83611.08,2,0,0,78567.21,0
15600705,Okonkwo,615,Spain,Female,35,5,0.0,2,1,1,76424.29,0
15600706,Novak,397,Germany,Female,45,10,114325.69,1,0,1,38072.7,0
15600707,Bergstrom,621,Germany,Female,43,6,0.0,2,1,0,200000.0,0
15600708,Duarte,527,France,Female,25,1,52186.47,2,1,0,74189.13,0
15600709,Adeyemi,771,France,Female,49,5,98319.11,1,0,1,22403.42,0
15600710,Fontaine,556,Germany,Female,26,1,0.0,1,1,0,167652.71,0
15600711,Girard,725,Spain,Male,31,7,102885.32,2,1,0,61701.78,0
15600712,Whitfield,640,Germany,Male,41,7,0.0,2,1,1,140558.56,0
15600713,Whitfield,662,Germany,Male,54,8,0.0,2,1,0,138764.45,0
15600714,Girard,700,Germany,Female,28,1,129090.76,1,1,0,159631.21,0
15600715,Renner,645,France,Male,40,5,0.0,2,0,0,19793.43,0
15600716,Novak,588,Spain,Male,40,3,0.0,1,0,0,121618.35,0
15600717,Marchetti,572,France,Female,45,4,87553.41,2,1,0,37553.05,0
15600718,Voss,699,Spain,Male,51,10,0.0,1,1,0,103389.29,0
15600719,Fairweather,467,Germany,Female,34,6,112544.78,1,0,1,149337.25,0
15600720,Sorensen,811,Spain,Male,49,4,149154.35,2,1,0,1490.07,0
15600721,Lindqvist,663,France,Male,52,9,97214.1,1,1,0,74719.33,0
15600722,Mendez,618,France,Male,57,5,91690.21,1,1,0,45595.83,0
15600723,Schmitt,676,Germany,Male,44,4,153097.91,2,1,1,109282.67,0
15600724,Osei,593,France,Female,40,5,0.0,2,0,0,35751.31,0
15600725,Mendez,633,France,Female,34,9,95958.94,1,1,0,139261.78,0
15600726,Okafor,541,France,Female,24,4,55789.14,2,1,0,85736.88,0
15600727,Kessler,686,France,Female,36,6,28540.91,3,1,1,96902.23,0
15600728,Whitfield,642,France,Female,40,1,35127.06,2,1,1,113218.7,0
15600729,Hallgren,668,Spain,Female,37,0,80338.21,1,1,0,1000.0,1
15600730,Iyer,792,France,Male,45,0,0.0,2,1,0,38581.48,0
15600731,Hallgren,573,France,Male,24,5,28718.11,1,0,0,183877.26,0
15600732,Kowalski,638,France,Female,37,7,0.0,1,0,1,29221.49,0
15600733,Whitfield,491,France,Female,59,2,130878.05,1,1,0,39345.05,0
15600734,Iyer,703,France,Male,49,10,190436.42,1,1,0,79289.46,1
15600735,Hargrove,648,Spain,Male,45,1,166439.19,1,0,0,144891.27,1
15600736,Renner,652,France,Male,42,7,0.0,1,1,1,20278.42,0
15600737,Aoki,635,France,Male,35,2,0.0,1,0,1,84801.26,0
15600738,Kessler,594,France,Female,21,0,0.0,2,1,1,170214.06,0
15600739,Weiss,850,France,Male,43,7,87237.04,1,1,1,118257.65,0
15600740,Marceau,654,France,Female,18,5,100156.32,2,1,1,43038.31,0
15600741,Okafor,678,France,Female,35,6,0.0,1,1,0,159493.94,1
15600742,Marchetti,541,Germany,Male,38,10,136390.32,1,1,0,80868.08,0
15600743,Lindqvist,735,France,Female,34,5,130856.16,2,0,0,126358.96,1
15600744,Winters,638,Spain,Female,61,9,148214.03,1,1,1,55038.49,0
15600745,Weiss,693,France,Male,57,5,0.0,2,1,1,156848.17,0
15600746,Renner,737,France,Male,49,3,0.0,2,1,1,81050.93,0
15600747,Balogh,640,France,Female,29,4,0.0,2,0,1,112854.39,1
15600748,Odom,585,Germany,Male,58,3,0.0,1,0,0,1000.0,1
15600749,Fontaine,427,Germany,Male,45,9,0.0,2,1,1,186099.75,0
15600750,Adeyemi,613,France,Male,29,5,140086.23,1,1,0,175158.97,0
15600751,Marchetti,584,France,Male,39,10,73361.79,1,1,1,32057.16,0
15600752,Weiss,540,France,Female,48,2,0.0,1,0,0,188206.16,0
15600753,Bergstrom,789,France,Male,32,8,62584.03,2,1,0,22963.4,0
15600754,Iyer,744,Spain,Female,40,1,122162.03,2,1,1,27302.15,0
15600755,Laurent,474,France,Male,42,3,0.0,1,1,0,88043.47,1
15600756,Girard,665,France,Female,27,0,0.0,2,1,0,110655.6,0
15600757,Aoki,572,Germany,Male,36,10,0.0,2,1,1,151112.38,1
15600758,Kowalski,685,France,Female,28,3,118662.87,1,1,1,94879.69,1
15600759,Dubois,573,France,Female,47,9,75110.23,3,0,1,38983.5,0
15600760,Okonkwo,598,Spain,Male,29,4,0.0,1,1,0,161675.13,0
15600761,Castellano,742,France,Female,41,1,0.0,1,1,0,90032.75,1
15600762,Marchetti,729,France,Male,24,3,0.0,1,0,1,136909.95,0
15600763,Duarte,795,France,Female,27,3,0.0,3,1,1,154919.31,0
15600764,Aoki,629,Germany,Female,26,5,184798.76,2,1,0,68009.53,1
15600765,Schmitt,510,France,Male,36,3,127111.95,1,0,0,85732.18,1
15600766,Nakamura,738,France,Male,40,7,100359.47,1,1,0,137549.92,0
15600767,Bergstrom,739,France,Male,42,8,103964.8,1,1,1,155582.7,1
15600768,Bergstrom,710,France,Female,20,1,0.0,2,1,1,65102.65,0
15600769,Nakamura,579,Spain,Female,37,5,0.0,1,1,0,98307.36,1
15600770,Fairweather,547,France,Male,31,6,88731.96,1,1,1,20451.86,0
15600771,Laurent,701,Spain,Male,44,2,65434.25,1,0,0,76895.27,1
15600772,Laurent,565,Spain,Male,36,8,67296.45,2,1,0,185451.16,0
15600773,Girard,620,Germany,Female,38,2,156662.16,1,1,1,1000.0,0
15600774,Bergstrom,850,France,Male,31,9,87701.31,4,1,0,200000.0,0
15600775,Thibault,850,Germany,Male,56,5,139761.29,2,0,0,200000.0,1
15600776,Odom,726,Spain,Female,25,4,143800.11,2,0,0,31440.27,0
15600777,Reyes,586,France,Male,34,7,64199.03,2,0,0,39754.58,0
15600778,Okafor,581,Germany,Female,40,6,0.0,1,1,0,101142.1,0
15600779,Laurent,719,Germany,Male,36,5,0.0,1,1,0,76793.79,1
15600780,Mendez,794,France,Male,31,7,119022.96,1,1,0,161092.34,0
15600781,Hallgren,601,Germany,Female,20,2,103057.98,2,0,0,144900.0,0
15600782,Petrov,606,France,Male,31,8,0.0,1,1,0,95776.73,1
15600783,Whitfield,658,Spain,Male,29,6,162622.34,2,1,0,24526.17,0
15600784,Fontaine,517,Germany,Female,56,2,110053.36,2,0,1,84903.56,0
15600785,Castellano,520,France,Female,62,10,83556.12,3,0,1,200000.0,1
15600786,Marchetti,537,Germany,Female,38,9,0.0,2,0,1,113773.83,0
15600787,Marchetti,702,France,Male,24,1,71764.36,2,1,1,183505.23,0
15600788,Castellano,676,Germany,Male,46,8,119136.44,1,1,1,122454.84,0
15600789,Winters,759,Spain,Male,28,5,0.0,3,1,0,200000.0,1
15600790,Rousseau,483,France,Female,33,8,0.0,1,1,1,97244.94,0
15600791,Voss,504,France,Female,32,4,91761.68,1,1,1,170832.98,0
15600792,Fairweather,694,France,Male,33,2,95788.65,2,1,1,157041.84,0
15600793,Voss,566,France,Female,35,2,0.0,4,1,0,106111.17,1
15600794,Weiss,573,France,Male,25,0,0.0,1,0,1,106346.94,0
15600795,Iyer,747,France,Female,31,9,0.0,4,1,1,16693.11,0
15600796,Castellano,597,France,Male,49,3,0.0,1,1,0,79380.14,1
15600797,Okonkwo,608,France,Male,38,10,140197.81,2,0,1,200000.0,0
15600798,Adeyemi,626,Spain,Female,40,2,0.0,2,1,0,200000.0,1
15600799,Mendez,632,Spain,Female,18,3,125093.86,2,0,1,96433.35,0
15600800,Nakamura,716,Spain,Male,48,9,147741.88,3,1,1,52427.46,1
15600801,Dubois,534,France,Male,32,3,0.0,1,1,1,172603.93,0
15600802,Sorensen,632,Germany,Female,50,8,119875.39,2,0,0,118242.01,0
15600803,Thibault,762,Spain,Male,40,1,71918.33,2,1,0,129012.39,1
15600804,Renner,850,France,Female,33,10,108129.23,2,1,0,84254.94,0
15600805,Bergstrom,520,France,Female,21,6,0.0,2,0,1,187595.31,0
15600806,Laurent,682,Spain,Male,61,8,0.0,1,0,1,116539.6,0
15600807,Bergstrom,632,France,Male,47,0,87416.78,1,0,0,137638.07,1
15600808,Castellano,641,Spain,Male,47,10,117603.65,2,1,0,40998.48,0
15600809,Castellano,574,Germany,Female,57,5,0.0,1,1,1,56671.72,0
15600810,Laurent,723,France,Male,41,2,92849.49,1,1,0,35496.41,1
15600811,Weiss,718,France,Female,52,1,0.0,2,1,0,127054.15,1
15600812,Falk,850,Germany,Male,34,0,0.0,1,1,1,105977.48,0
15600813,Kowalski,523,Spain,Female,46,7,80475.92,2,0,1,24392.95,0
15600814,Adeyemi,482,France,Male,32,2,57104.17,1,0,0,119085.51,1
15600815,Fontaine,847,Germany,Male,33,10,0.0,1,1,0,108234.3,1
15600816,Okonkwo,645,Germany,Female,39,2,51681.12,2,1,1,1000.0,0
15600817,Hargrove,606,Spain,Female,26,0,201740.64,1,0,0,58902.63,1
15600818,Marchetti,668,Spain,Male,42,9,176357.65,2,1,0,114563.88,0
15600819,Weiss,516,France,Male,35,8,32508.28,1,1,1,40938.62,0
15600820,Lindqvist,686,France,Female,18,5,143375.39,2,0,0,85196.53,1
15600821,Rousseau,642,Spain,Male,34,9,168915.86,1,1,1,57173.92,0
15600822,Novak,753,France,Male,35,7,82694.87,2,1,1,9178.78,0
15600823,Nakamura,732,Spain,Male,47,1,129555.48,1,1,1,1000.0,0
15600824,Aoki,740,Germany,Male,41,4,105741.07,2,1,1,32142.09,1
15600825,Mendez,668,France,Female,53,10,146092.4,1,0,1,200000.0,1
15600826,Bergstrom,804,Spain,Female,44,7,89681.65,1,1,1,28667.93,0
15600827,Girard,705,France,Male,33,6,162698.07,1,0,1,89916.47,0
15600828,Renner,599,Germany,Female,38,1,104829.94,1,1,0,96054.25,1
15600829,Marchetti,572,France,Male,35,5,96146.05,1,1,0,200000.0,0
15600830,Thibault,583,Spain,Female,43,1,144423.6,1,1,0,1000.0,1
15600831,Duarte,707,Spain,Male,39,7,157035.72,2,1,1,58396.0,0
15600832,Adeyemi,522,France,Male,32,2,3000.0,2,0,1,116340.22,0
15600833,Fairweather,665,Spain,Female,39,3,3000.0,1,1,0,92385.74,0
15600834,Whitfield,570,Spain,Male,43,6,129083.64,1,1,0,74849.77,0
15600835,Hargrove,530,Spain,Male,28,0,0.0,1,1,0,130974.83,1
15600836,Iyer,545,Germany,Male,42,7,0.0,1,0,0,1000.0,0
15600837,Duarte,648,Germany,Female,22,4,0.0,1,1,1,81891.56,0
15600838,Voss,723,France,Male,50,5,257555.94,1,0,1,65784.19,1
15600839,Okonkwo,585,Spain,Female,44,8,45496.28,1,1,1,149382.18,0
15600840,Delacroix,451,France,Female,55,8,0.0,2,1,1,1000.0,0
15600841,Adeyemi,850,Germany,Female,27,10,0.0,1,0,1,85548.45,0
15600842,Kessler,757,Spain,Male,50,1,39390.67,2,0,1,88016.62,0
15600843,Odom,739,France,Female,48,4,0.0,2,0,0,72954.12,1
15600844,Osei,806,France,Male,37,1,40930.82,2,1,1,63473.01,1
15600845,Nakamura,659,Germany,Female,35,2,0.0,1,0,0,89391.45,1
15600846,Laurent,637,France,Female,27,6,75754.56,1,1,1,160176.4,0
15600847,Fairweather,780,Spain,Male,25,1,57487.61,4,1,0,134347.39,1
15600848,Nakamura,780,France,Female,31,4,104698.0,2,1,1,55557.48,0
15600849,Fontaine,709,Germany,Male,26,10,120429.96,1,1,1,55133.97,0
15600850,Fontaine,735,France,Male,55,0,72547.42,2,1,0,33883.21,0
15600851,Winters,531,France,Male,23,2,143478.27,2,0,0,154499.46,0
15600852,Abubakar,625,Germany,Female,40,3,78792.34,3,0,1,61965.0,1
15600853,Dubois,814,Germany,Female,43,10,0.0,2,1,0,25498.12,0
15600854,Hallgren,727,France,Female,42,8,3537.15,2,1,0,100978.03,0
15600855,Bergstrom,510,France,Male,43,2,0.0,1,1,1,111585.76,0
15600856,Falk,599,Spain,Female,48,7,224603.44,2,1,0,79193.92,0
15600857,Petrov,798,Germany,Female,34,0,151749.06,1,0,0,101702.24,1
15600858,Hallgren,694,France,Female,39,8,103372.06,2,0,1,85315.18,0
15600859,Weiss,667,Spain,Male,36,2,0.0,2,1,0,124197.21,0
15600860,Balogh,670,Spain,Male,52,7,0.0,2,0,0,110581.54,0
15600861,Aoki,642,Spain,Female,60,5,103950.21,2,1,0,58136.41,0
15600862,Laurent,600,Germany,Male,26,8,78327.57,1,1,1,132212.07,0
15600863,Rousseau,570,Spain,Male,18,3,79580.71,1,1,0,45824.31,0
15600864,Thibault,747,France,Female,44,5,215649.43,2,1,1,33192.13,0
15600865,Schmitt,673,Germany,Male,49,9,0.0,2,1,0,104599.76,1
15600866,Falk,718,Germany,Male,58,8,134528.52,2,1,0,116637.4,1
15600867,Girard,702,Germany,Male,46,5,0.0,2,1,1,144300.25,0
15600868,Winters,785,France,Female,53,10,108739.08,1,0,0,200000.0,1
15600869,Kowalski,694,France,Female,55,1,90754.77,2,0,0,1000.0,0
15600870,Dubois,729,Spain,Male,53,7,183116.18,2,1,0,61337.35,1
15600871,Okonkwo,666,France,Male,47,6,114202.69,2,0,0,102245.18,0
15600872,Rousseau,559,Germany,Female,25,2,0.0,2,0,0,192285.93,1
15600873,Thibault,628,France,Male,38,4,0.0,2,1,0,72327.28,1
15600874,Mendez,707,Spain,Female,42,4,0.0,2,1,1,1000.0,1
15600875,Okonkwo,715,Germany,Female,37,7,131056.3,1,1,1,32155.22,0
15600876,Sorensen,789,France,Male,38,6,0.0,2,1,0,83477.99,0
15600877,Delacroix,606,France,Male,54,8,84946.97,1,1,0,117522.49,1
15600878,Fontaine,672,Spain,Male,31,7,156707.39,2,1,0,200000.0,0
15600879,Abubakar,638,Spain,Female,47,10,204956.9,1,1,1,57354.84,0
15600880,Okonkwo,806,France,Male,42,9,0.0,2,0,0,125672.64,0
15600881,Okafor,686,Spain,Female,30,6,116101.97,2,1,1,154717.06,0
15600882,Hallgren,688,Germany,Female,28,0,84992.4,1,1,0,61865.54,0
15600883,Osei,647,France,Female,21,4,0.0,1,1,0,190744.11,1
15600884,Renner,628,France,Female,43,1,4173.97,2,1,0,61179.11,1
15600885,Fairweather,511,France,Male,38,4,130039.45,1,1,1,34980.0,0
15600886,Castellano,529,France,Male,30,10,0.0,1,1,1,183126.95,0
15600887,Hargrove,667,France,Female,19,4,84849.73,2,1,1,91847.59,0
15600888,Sorensen,655,France,Male,43,8,172135.13,2,1,0,29931.23,0
15600889,Thibault,668,Spain,Male,37,4,90029.48,1,1,0,69165.3,0
15600890,Girard,740,France,Male,31,6,87908.9,1,1,1,53081.26,0
15600891,Voss,659,Germany,Male,29,0,45201.02,2,1,1,62321.25,0
15600892,Aoki,617,France,Female,36,7,66606.25,1,1,0,104479.41,1
15600893,Lindqvist,630,France,Male,43,2,185320.92,1,1,0,74311.16,0
15600894,Abubakar,673,Germany,Female,35,5,142579.27,2,1,1,200000.0,0
15600895,Balogh,614,Germany,Female,26,10,176380.67,1,1,1,73511.55,0
15600896,Laurent,752,France,Male,38,2,69970.95,3,0,0,85406.37,1
15600897,Reyes,649,France,Female,49,10,130058.86,1,1,0,179259.21,1
15600898,Sorensen,674,France,Male,39,9,164391.06,2,1,1,165722.19,1
15600899,Reyes,572,Spain,Male,39,0,0.0,2,0,1,137381.57,0
15600900,Kessler,752,France,Male,35,4,0.0,2,0,0,71131.52,0
15600901,Kowalski,788,France,Male,29,10,132100.71,2,1,1,177056.93,0
15600902,Duarte,519,France,Male,29,4,111908.34,2,1,1,71872.47,0
15600903,Rousseau,688,France,Male,22,8,3000.0,2,1,0,32948.54,0
15600904,Thibault,640,Germany,Male,51,10,132840.08,2,0,1,59808.07,0
15600905,Marceau,677,Spain,Male,43,0,141881.97,3,1,1,140084.71,0
15600906,Schmitt,693,France,Female,39,8,169377.56,1,1,1,79027.54,1
15600907,Iyer,435,France,Male,42,10,72271.58,2,0,1,105683.83,0
15600908,Thibault,723,France,Female,42,6,110321.07,2,1,0,37714.89,0
15600909,Voss,757,France,Female,31,10,32499.76,2,1,1,141480.52,0
15600910,Kessler,768,Germany,Female,35,7,31340.14,1,0,1,51660.39,0
15600911,Winters,559,Germany,Female,34,6,0.0,2,1,0,43338.09,1
15600912,Okafor,647,Germany,Female,64,1,175326.62,2,1,1,81960.92,0
15600913,Marceau,598,Germany,Female,49,8,177080.21,2,1,1,19183.12,0
15600914,Odom,466,Germany,Female,40,9,133923.33,2,1,1,41095.16,0
15600915,Hallgren,590,Germany,Female,52,3,214298.29,2,1,0,44092.01,0
15600916,Dubois,546,France,Male,51,1,0.0,1,1,0,107429.67,0
15600917,Dubois,682,France,Female,24,6,0.0,2,1,1,53228.57,0
15600918,Okonkwo,493,France,Female,36,10,46106.92,2,1,0,111394.1,0
15600919,Fontaine,556,Spain,Male,38,8,3000.0,2,1,1,84921.71,0
15600920,Thibault,600,France,Male,45,8,0.0,1,1,0,67030.16,1
15600921,Duarte,724,Germany,Female,36,6,105967.96,1,1,1,165181.73,1
15600922,Odom,850,Spain,Female,37,4,0.0,2,1,1,1000.0,0
15600923,Aoki,679,Spain,Male,34,3,102691.94,3,0,1,129548.41,0
15600924,Falk,551,France,Male,49,8,0.0,1,1,0,28905.99,0
15600925,Bergstrom,585,France,Male,24,7,199015.27,1,1,1,47286.29,0
15600926,Laurent,713,France,Female,34,8,0.0,1,1,0,69307.68,1
15600927,Kowalski,521,Germany,Female,20,9,73718.49,1,0,1,80955.12,0
15600928,Lindqvist,755,Spain,Female,28,10,3000.0,1,1,0,91009.43,1
15600929,Dubois,676,Spain,Male,42,9,0.0,2,0,0,100096.75,0
15600930,Renner,638,France,Male,42,4,0.0,1,1,0,64615.72,0
15600931,Fontaine,488,France,Female,35,1,0.0,1,1,0,1000.0,1
15600932,Adeyemi,738,France,Female,50,6,0.0,2,1,1,51761.5,0
15600933,Nakamura,577,Germany,Male,52,4,144014.96,3,0,1,141518.45,0
15600934,Reyes,665,Germany,Male,38,10,109216.1,2,1,1,125786.62,0
15600935,Osei,635,France,Male,41,0,107660.24,1,0,1,127540.73,0
15600936,Delacroix,498,Germany,Female,34,9,78784.52,1,1,0,79139.69,0
15600937,Mendez,628,France,Female,45,6,223360.37,3,0,0,121041.92,1
15600938,Castellano,534,Germany,Male,26,0,0.0,2,0,0,66298.86,0
15600939,Aoki,587,France,Female,57,2,168047.52,1,1,1,71880.26,1
15600940,Kowalski,692,France,Female,50,0,153539.15,3,0,1,59478.34,1
15600941,Adeyemi,717,Germany,Female,26,10,0.0,1,1,0,148415.17,1
15600942,Winters,648,France,Male,30,7,0.0,2,0,0,1000.0,1
15600943,Osei,565,France,Male,43,6,0.0,3,1,0,99746.67,1
15600944,Renner,588,France,Female,35,5,54597.3,1,0,1,99714.46,1
15600945,Castellano,586,France,Female,44,4,73261.31,1,1,1,104432.45,0
15600946,Mendez,445,Spain,Female,35,1,0.0,2,0,1,87917.25,0
15600947,Nakamura,657,Germany,Female,54,8,0.0,1,1,0,163678.97,1
15600948,Okonkwo,490,Germany,Male,39,1,0.0,3,0,1,94977.36,1
15600949,Mendez,657,France,Male,63,2,124985.47,1,1,1,80408.38,0
15600950,Iyer,510,Spain,Male,45,10,164122.33,2,1,1,130069.26,0
15600951,Fontaine,534,France,Female,25,1,0.0,1,1,1,1218.04,0
15600952,Falk,714,France,Male,60,10,0.0,4,0,0,50788.2,1
15600953,Laurent,652,France,Female,50,0,0.0,2,1,1,153332.86,0
15600954,Odom,469,Germany,Female,42,5,158277.05,1,1,1,108638.0,0
15600955,Petrov,596,Germany,Female,45,6,11532.63,1,0,0,12225.76,1
15600956,Novak,675,Germany,Female,26,1,0.0,1,1,0,200000.0,0
15600957,Abubakar,591,Spain,Female,20,9,66480.66,2,1,0,83281.6,0
15600958,Novak,617,France,Male,38,10,119759.4,2,1,1,48753.18,0
15600959,Reyes,673,Spain,Female,53,2,0.0,2,1,1,10445.29,0
15600960,Odom,654,Spain,Male,43,2,0.0,2,1,0,170641.73,1
15600961,Thibault,555,France,Male,56,8,92041.76,2,1,1,38962.65,0
15600962,Schmitt,652,France,Female,52,4,0.0,3,0,1,70524.75,0
15600963,Odom,622,France,Female,39,0,0.0,1,1,0,111770.28,1
15600964,Thibault,816,Germany,Male,51,8,175236.46,2,0,0,1000.0,1
15600965,Nakamura,640,France,Male,54,3,93879.91,1,1,1,140017.24,0
15600966,Balogh,663,Germany,Male,38,4,68747.52,1,1,0,41242.31,0
15600967,Girard,675,France,Female,36,7,0.0,1,0,0,154893.72,0
15600968,Thibault,619,Spain,Female,40,6,210769.75,3,1,0,109263.93,0
15600969,Hargrove,581,France,Male,18,9,109340.79,2,0,1,158681.94,0
15600970,Schmitt,694,France,Female,41,8,0.0,3,1,0,104780.17,1
15600971,Petrov,695,France,Female,46,10,0.0,1,1,1,152057.65,0
15600972,Hargrove,850,France,Female,40,10,150602.0,1,1,0,119304.4,0
15600973,Lindqvist,721,Germany,Male,42,6,0.0,1,1,0,89723.67,0
15600974,Reyes,723,France,Female,38,6,46159.33,1,1,0,112740.85,0
15600975,Castellano,719,Spain,Male,18,5,0.0,3,0,0,1000.0,1
15600976,Voss,584,France,Male,55,7,114377.71,1,0,0,61924.87,0
15600977,Dubois,529,France,Male,35,0,0.0,3,1,1,161163.31,0
15600978,Fontaine,554,Spain,Male,32,4,0.0,1,1,0,19708.61,0
15600979,Reyes,716,France,Female,52,3,0.0,1,0,1,59678.78,0
15600980,Marceau,786,Germany,Male,48,6,0.0,1,1,1,5942.21,0
15600981,Bergstrom,720,Germany,Male,41,10,90920.98,1,1,1,1000.0,0
15600982,Whitfield,634,Spain,Male,46,5,70679.06,2,1,0,70749.15,0
15600983,Bergstrom,811,France,Male,27,6,45550.04,3,1,0,116583.14,0
15600984,Whitfield,607,France,Female,38,4,105137.38,4,0,0,76543.53,1
15600985,Laurent,540,Germany,Male,52,3,94669.97,1,1,1,20012.79,1
15600986,Delacroix,674,France,Male,32,7,162170.58,2,1,1,24276.58,0
15600987,Whitfield,774,France,Female,28,2,0.0,1,0,1,36450.76,0
15600988,Laurent,569,France,Male,39,9,114711.52,1,1,0,74762.62,0
15600989,Adeyemi,486,Germany,Female,40,1,114913.88,2,1,1,37040.99,0
15600990,Aoki,654,Spain,Female,45,2,0.0,1,1,0,154897.26,0
15600991,Fontaine,724,Germany,Female,24,8,23042.57,1,1,1,50628.9,0
15600992,Osei,365,Germany,Female,18,0,52879.67,3,1,1,63658.55,0
15600993,Fairweather,744,France,Male,48,4,0.0,2,1,0,122138.72,1
15600994,Osei,519,Germany,Female,27,4,105076.58,2,1,1,1000.0,0
15600995,Abubakar,720,France,Female,32,10,46406.82,2,1,1,178829.37,0
15600996,Aoki,458,Spain,Male,18,1,180353.38,1,1,1,139341.34,0
15600997,Thibault,508,France,Female,49,4,0.0,1,1,0,137767.91,1
15600998,Mendez,709,Germany,Male,42,5,0.0,1,1,0,49180.8,1
15600999,Fairweather,767,France,Female,42,9,0.0,3,1,1,42081.32,1
15601000,Delacroix,649,France,Female,42,5,126310.07,2,0,0,56649.19,0
15601001,Falk,850,France,Male,18,1,0.0,1,1,1,69362.92,1
15601002,Hallgren,552,France,Female,28,9,120171.9,2,1,1,164625.81,0
15601003,Novak,551,France,Female,34,1,0.0,4,0,1,1000.0,1
15601004,Winters,621,Spain,Female,31,7,0.0,1,1,1,166832.0,0
15601005,Bergstrom,616,France,Male,36,3,134705.91,2,1,0,79610.89,0
15601006,Whitfield,677,Germany,Female,41,1,3000.0,1,1,0,153820.32,1
15601007,Weiss,579,France,Female,49,2,169559.32,1,1,1,114112.57,0
15601008,Duarte,704,Spain,Male,23,10,121974.72,3,1,0,128776.33,0
15601009,Voss,702,France,Female,38,10,44127.21,1,1,1,146851.33,0
15601010,Marceau,805,Spain,Female,46,6,0.0,2,1,0,85122.72,0
15601011,Duarte,603,Spain,Female,29,8,0.0,1,0,0,37439.21,0
15601012,Nakamura,682,France,Female,37,9,0.0,1,1,0,39998.61,0
15601013,Delacroix,708,Germany,Male,43,3,79871.4,4,0,0,147439.41,1
15601014,Duarte,649,France,Female,39,8,0.0,1,1,1,180797.05,0
15601015,Kowalski,630,France,Female,45,5,63324.26,1,1,0,50237.85,0
15601016,Abubakar,452,Spain,Male,39,1,0.0,1,0,0,156260.24,1
15601017,Odom,658,Germany,Male,35,5,80890.62,3,0,1,147812.68,0
15601018,Okonkwo,707,France,Male,27,0,0.0,3,1,0,5484.06,1
15601019,Hargrove,644,France,Female,41,6,148880.93,1,0,0,145735.65,0
15601020,Sorensen,575,Germany,Male,40,2,90305.42,2,1,1,58057.25,0
15601021,Marchetti,489,Spain,Female,28,1,150876.52,2,1,0,179601.2,0
15601022,Hallgren,693,Germany,Female,44,7,179756.57,3,1,0,106941.65,1
15601023,Fairweather,653,Spain,Female,51,3,154311.11,2,1,1,200000.0,0
15601024,Thibault,783,Spain,Male,32,4,0.0,2,0,1,92006.29,0
15601025,Kowalski,511,France,Female,31,0,154723.13,1,1,1,58427.34,0
15601026,Rousseau,605,Germany,Male,31,0,131747.54,1,1,1,125003.7,1
15601027,Marchetti,523,France,Female,21,10,154442.57,2,0,0,139019.91,1
15601028,Petrov,748,Spain,Male,59,6,0.0,1,1,0,127651.3,0
15601029,Girard,769,France,Female,34,4,108274.99,1,0,0,73214.38,0
15601030,Castellano,835,Spain,Male,30,7,131606.85,3,1,1,139782.07,1
15601031,Thibault,700,Spain,Male,27,7,108252.61,2,1,1,27541.73,0
15601032,Marchetti,726,Spain,Female,35,1,0.0,1,1,1,1000.0,0
15601033,Thibault,692,Germany,Male,31,10,0.0,1,0,1,116048.81,0
15601034,Hargrove,705,France,Female,53,7,0.0,1,0,0,200000.0,0
15601035,Novak,655,Spain,Female,26,3,114755.72,1,0,0,130770.57,1
15601036,Falk,709,France,Male,23,2,153415.49,1,1,1,50908.53,0
15601037,Kessler,850,France,Male,44,0,0.0,1,1,1,76862.56,0
15601038,Girard,671,France,Female,37,2,110165.11,4,1,1,95569.9,0
15601039,Thibault,652,France,Female,36,3,108339.73,1,0,1,43344.18,0
15601040,Nakamura,669,France,Female,44,2,109020.28,1,1,1,38555.45,0
15601041,Girard,636,Spain,Male,40,7,82087.99,1,1,0,117110.37,0
15601042,Voss,674,Spain,Female,38,2,166846.98,1,1,0,120288.13,0
15601043,Bergstrom,632,Spain,Male,24,5,220371.23,2,1,0,41880.61,1
15601044,Adeyemi,760,France,Female,21,6,70024.33,2,0,0,16302.1,0
15601045,Hallgren,750,France,Female,31,0,0.0,2,1,0,82565.15,1
15601046,Fairweather,850,France,Female,27,1,0.0,2,1,0,70071.18,0
15601047,Bergstrom,648,Germany,Male,41,0,182351.01,1,1,0,131116.6,1
15601048,Duarte,678,Germany,Male,20,7,99099.19,1,1,1,51075.23,0
15601049,Nakamura,674,France,Male,34,7,130312.25,1,1,1,112711.25,0
15601050,Okafor,669,Spain,Male,37,1,66383.89,1,1,0,117504.79,0
15601051,Voss,758,France,Male,38,8,201190.4,1,0,1,139326.21,0
15601052,Fairweather,494,France,Female,43,8,97230.38,1,1,1,89116.35,0
15601053,Petrov,694,France,Male,35,1,0.0,2,1,1,54321.07,0
15601054,Reyes,842,France,Male,32,1,72201.8,1,0,1,76510.87,0
15601055,Bergstrom,781,Spain,Female,51,8,67390.91,1,1,1,82768.24,0
15601056,Weiss,770,Germany,Male,35,3,111818.9,1,1,0,200000.0,0
15601057,Fairweather,731,France,Male,53,3,117203.62,1,1,0,63176.24,1
15601058,Kessler,593,Spain,Female,35,6,0.0,1,1,1,200000.0,0
15601059,Abubakar,578,Spain,Male,38,0,27613.34,1,1,1,96374.21,0
15601060,Reyes,579,Germany,Male,37,4,0.0,3,0,0,70639.24,1
15601061,Kessler,541,Spain,Female,41,3,0.0,1,1,0,55036.13,0
15601062,Girard,741,France,Male,34,9,118005.16,2,0,1,31432.61,0
15601063,Duarte,791,Spain,Male,39,8,0.0,2,1,0,82818.19,0
15601064,Abubakar,692,France,Male,54,3,107228.4,4,1,1,89434.3,1
15601065,Marchetti,727,Germany,Male,49,7,79815.18,1,0,0,93964.4,1
15601066,Okafor,678,France,Female,49,4,105222.02,1,1,0,200000.0,1
15601067,Okonkwo,705,Spain,Male,25,5,0.0,1,1,1,172685.26,0
15601068,Voss,447,France,Male,26,8,0.0,2,1,0,98318.12,1
15601069,Novak,680,France,Male,41,3,126253.78,1,0,1,69734.24,0
15601070,Rousseau,609,Germany,Female,46,6,167649.07,1,1,1,11921.42,1
15601071,Reyes,646,Spain,Male,33,4,152671.37,3,1,1,108195.56,0
15601072,Weiss,672,France,Female,31,7,167634.82,1,1,0,150027.41,1
15601073,Whitfield,581,Germany,Male,53,4,0.0,1,1,1,168259.01,0
15601074,Lindqvist,547,Germany,Female,45,10,103971.81,4,0,1,60913.69,0
15601075,Rousseau,578,France,Male,49,4,205545.82,2,1,1,15090.32,0
15601076,Laurent,511,Spain,Male,34,1,149806.17,2,1,1,93515.69,0
15601077,Marchetti,539,France,Male,33,5,0.0,1,0,0,120692.27,1
15601078,Mendez,552,Spain,Male,48,2,78566.67,1,1,1,74017.29,0
15601079,Delacroix,512,France,Female,36,5,119544.66,1,1,0,120179.13,1
15601080,Abubakar,701,France,Female,32,10,156026.73,2,1,0,86436.44,1
15601081,Girard,564,Germany,Female,29,1,0.0,3,1,0,101980.84,1
15601082,Marchetti,471,Germany,Male,33,0,63446.0,3,0,1,106613.07,0
15601083,Schmitt,611,Germany,Female,47,3,151524.09,2,1,0,88848.09,1
15601084,Okafor,543,Germany,Male,23,4,0.0,2,0,1,19305.07,0
15601085,Hallgren,790,Spain,Female,45,1,0.0,1,1,0,162662.93,0
15601086,Iyer,663,Germany,Female,31,7,0.0,1,1,1,58901.66,0
15601087,Kessler,509,Germany,Female,36,6,0.0,1,1,0,1000.0,1
15601088,Hargrove,705,France,Female,37,7,200864.76,2,1,0,85797.23,1
15601089,Marceau,658,France,Female,36,4,0.0,3,1,0,113268.81,1
15601090,Renner,627,France,Female,36,10,0.0,2,0,1,146196.23,0
15601091,Hallgren,801,Spain,Male,34,7,114427.47,1,0,1,103448.15,0
15601092,Thibault,556,France,Female,33,10,25493.94,1,1,1,96057.82,0
15601093,Weiss,749,France,Male,52,0,130054.52,1,1,0,100297.76,1
15601094,Dubois,611,Spain,Male,39,7,155054.64,1,0,1,50993.93,0
15601095,Voss,648,France,Female,37,3,0.0,3,1,0,71842.8,1
15601096,Whitfield,578,France,Male,32,2,116892.92,2,1,1,142019.68,0
15601097,Sorensen,584,Germany,Female,34,1,79053.7,1,1,1,62433.07,1
15601098,Fontaine,608,Germany,Male,32,2,0.0,1,1,1,99793.42,0
15601099,Osei,468,France,Male,46,1,0.0,1,1,0,67247.73,1
15601100,Odom,683,France,Female,31,4,0.0,1,1,0,55448.39,0
15601101,Rousseau,661,France,Male,18,8,0.0,1,1,0,81157.94,0
15601102,Iyer,506,Germany,Female,39,5,0.0,1,1,0,82075.07,0
15601103,Marchetti,713,Germany,Female,36,1,0.0,1,0,1,83842.38,1
15601104,Whitfield,790,France,Female,33,7,41907.93,1,1,1,107846.72,1
15601105,Weiss,586,Germany,Male,48,1,0.0,1,1,0,1000.0,0
15601106,Novak,575,France,Female,18,9,33034.38,1,1,0,67844.34,1
15601107,Girard,757,France,Male,55,4,0.0,1,1,0,123763.47,1
15601108,Adeyemi,689,Germany,Male,49,0,57881.74,2,1,0,172075.02,1
15601109,Sorensen,637,France,Male,32,3,204986.21,2,0,1,22866.4,0
15601110,Hallgren,728,France,Male,34,9,76657.29,1,1,1,28846.78,0
15601111,Falk,676,France,Male,44,10,0.0,4,1,1,104288.97,0
15601112,Hargrove,787,Spain,Male,44,4,0.0,2,1,0,150134.64,1
15601113,Nakamura,648,Germany,Male,32,10,0.0,2,0,1,47919.5,0
15601114,Delacroix,691,Germany,Female,22,2,0.0,1,1,1,1000.0,0
15601115,Rousseau,755,France,Male,60,4,49201.29,3,1,1,105270.51,1
15601116,Whitfield,415,France,Male,48,5,141887.11,2,0,0,42185.75,1
15601117,Lindqvist,759,Germany,Male,40,2,78008.66,2,1,1,182456.89,1
15601118,Hallgren,602,France,Male,40,4,76331.37,2,0,1,84708.65,0
15601119,Petrov,698,Germany,Female,45,5,96676.66,2,1,1,24260.66,0
15601120,Laurent,810,Spain,Female,46,7,0.0,2,1,1,40189.44,0
15601121,Marchetti,621,France,Female,18,5,80772.0,2,0,0,99672.16,0
15601122,Okonkwo,606,Germany,Female,35,1,0.0,1,1,1,72006.3,0
15601123,Odom,645,France,Male,34,5,132142.36,2,1,1,96990.62,0
15601124,Abubakar,511,France,Female,37,9,124841.51,2,1,0,200000.0,0
15601125,Kowalski,850,Spain,Male,46,0,0.0,1,1,1,30982.55,0
15601126,Osei,646,Spain,Male,20,10,41821.35,1,0,1,134498.94,0
15601127,Voss,808,Spain,Male,25,1,118343.46,2,0,0,167327.49,1
15601128,Odom,618,Spain,Male,32,0,0.0,1,1,1,159763.54,0
15601129,Okafor,653,Germany,Female,40,1,24001.3,2,0,1,33266.55,0
15601130,Thibault,741,Germany,Male,47,2,88867.5,1,1,1,97214.32,0
15601131,Osei,544,Spain,Male,55,3,86057.64,2,1,1,8317.43,0
15601132,Sorensen,640,France,Male,36,9,0.0,3,0,0,136433.32,1
15601133,Schmitt,737,Spain,Female,47,6,160809.99,2,1,1,64550.87,0
15601134,Adeyemi,630,Germany,Female,46,7,151215.1,2,1,1,110157.13,0
15601135,Marchetti,604,France,Female,44,9,91613.55,1,1,0,169980.15,1
15601136,Renner,757,France,Female,38,1,0.0,1,1,1,104987.55,0
15601137,Petrov,785,France,Female,34,2,240578.41,1,1,1,103986.25,0
15601138,Bergstrom,800,France,Male,28,10,0.0,1,0,1,78587.35,0
15601139,Abubakar,585,Spain,Male,27,8,124746.21,1,1,0,163644.08,1
15601140,Reyes,594,France,Male,42,0,204065.21,1,0,1,59778.58,0
15601141,Okafor,605,Germany,Male,38,2,75815.48,1,1,1,116210.8,1
15601142,Balogh,719,Germany,Female,34,4,119489.51,1,1,0,124938.42,0
15601143,Castellano,535,Germany,Male,45,0,111092.64,2,1,0,135412.0,1
15601144,Winters,541,France,Male,36,6,67560.86,3,1,1,110178.68,0
15601145,Petrov,581,France,Female,29,7,0.0,1,0,0,34916.26,0
15601146,Okafor,560,Spain,Male,36,3,56234.0,1,1,1,92318.96,0
15601147,Aoki,735,Germany,Male,47,2,150793.12,1,1,0,1000.0,1
15601148,Nakamura,728,France,Male,28,4,133477.4,1,1,1,78296.12,0
15601149,Abubakar,604,Germany,Female,41,10,156896.98,2,1,1,129764.2,0
15601150,Kessler,631,France,Male,38,7,0.0,2,1,1,149991.98,0
15601151,Whitfield,406,Germany,Male,31,10,0.0,2,1,1,56340.31,1
15601152,Odom,606,France,Male,36,6,163309.01,2,0,0,200000.0,0
15601153,Renner,769,France,Female,22,1,0.0,1,0,1,4478.64,0
15601154,Voss,601,Spain,Male,40,0,0.0,2,1,1,119983.38,0
15601155,Winters,545,France,Male,25,2,141087.7,2,1,0,125663.31,0
15601156,Mendez,782,France,Female,49,5,153149.2,2,0,1,126681.11,0
15601157,Laurent,543,France,Female,38,2,0.0,3,1,1,116487.49,1
15601158,Schmitt,798,France,Male,33,3,0.0,2,0,1,98486.07,0
15601159,Osei,850,Germany,Male,50,10,93889.92,1,1,1,191154.12,0
15601160,Rousseau,639,France,Male,28,0,0.0,2,0,1,34178.64,1
15601161,Winters,769,Spain,Female,31,0,0.0,2,0,1,75247.75,0
15601162,Reyes,490,Germany,Male,20,4,0.0,1,0,0,100795.59,0
15601163,Abubakar,486,France,Female,52,8,183243.47,1,1,0,85977.94,1
15601164,Aoki,574,France,Female,58,9,153343.42,2,0,0,40578.72,1
15601165,Okonkwo,729,Germany,Female,21,3,0.0,1,1,0,129198.09,1
15601166,Aoki,650,Germany,Male,30,3,90486.35,2,0,1,108719.78,0
15601167,Duarte,632,Spain,Female,39,6,0.0,1,0,0,191024.53,0
15601168,Petrov,526,Germany,Female,33,9,61972.55,1,0,0,141245.56,1
15601169,Osei,638,France,Female,38,1,0.0,1,0,1,156912.45,0
15601170,Novak,588,France,Male,37,9,0.0,3,1,1,154699.19,0
15601171,Falk,561,Spain,Female,43,8,122738.07,3,1,1,36437.42,0
15601172,Novak,553,France,Female,29,2,0.0,3,0,1,75848.52,0
15601173,Aoki,668,Germany,Female,40,7,0.0,2,1,1,77511.25,0
15601174,Mendez,581,Spain,Female,27,6,124683.48,2,1,1,159957.7,0
15601175,Delacroix,649,Germany,Male,34,0,164630.81,1,1,0,105862.26,1
15601176,Fontaine,480,France,Male,21,4,105442.35,2,1,0,98112.5,0
15601177,Odom,698,France,Female,34,2,148127.76,1,0,0,94198.98,0
15601178,Novak,673,France,Female,33,0,0.0,1,0,0,159665.71,1
15601179,Schmitt,628,France,Female,48,5,89570.28,2,0,1,41040.89,0
15601180,Dubois,666,Germany,Male,38,7,125992.8,1,1,0,100491.15,1
15601181,Rousseau,740,France,Male,40,5,108881.72,2,1,0,184098.91,0
15601182,Aoki,511,France,Female,38,0,150130.87,4,0,1,127884.51,1
15601183,Weiss,656,France,Female,18,9,99156.42,1,1,1,77180.15,0
15601184,Whitfield,525,France,Male,18,0,99643.98,1,1,0,114394.58,0
15601185,Fairweather,658,Germany,Male,35,4,144681.4,2,0,1,15234.45,0
15601186,Laurent,625,France,Female,41,6,85130.39,2,1,1,60179.27,0
15601187,Falk,648,Germany,Male,36,10,66616.94,2,1,1,80678.85,0
15601188,Odom,731,France,Male,30,8,135242.65,2,1,1,35404.24,0
15601189,Novak,729,Spain,Male,36,2,63814.75,2,1,1,137768.18,0
15601190,Castellano,754,France,Male,35,4,0.0,2,1,1,31125.38,0
15601191,Dubois,612,France,Male,46,9,19895.46,1,1,1,166966.9,0
15601192,Castellano,718,Germany,Female,46,2,97087.4,4,1,1,129556.98,1
15601193,Girard,699,Germany,Female,33,9,0.0,2,1,0,61175.39,1
15601194,Weiss,614,Germany,Female,38,5,210791.92,2,1,0,69347.36,1
15601195,Novak,661,France,Female,41,6,107437.63,1,1,1,98197.22,0
15601196,Iyer,637,France,Male,43,7,167198.65,4,1,0,150315.91,1
15601197,Sorensen,784,Spain,Male,55,10,150755.79,1,0,1,94821.1,0
15601198,Fontaine,728,France,Male,38,7,87423.02,2,1,1,156132.89,0
15601199,Voss,618,Spain,Male,50,4,0.0,1,1,0,98031.46,0
15601200,Kessler,611,Spain,Female,27,6,68920.69,2,1,1,135639.05,0
15601201,Winters,742,Spain,Male,32,7,0.0,1,1,0,181877.36,1
15601202,Castellano,779,Germany,Female,18,6,137213.33,1,1,1,111082.91,0
15601203,Iyer,680,Spain,Male,40,0,140157.49,1,1,0,38240.07,1
15601204,Marchetti,713,France,Male,45,9,52726.31,1,1,1,87759.87,0
15601205,Sorensen,775,France,Male,18,3,0.0,1,1,1,200000.0,0
15601206,Mendez,633,Spain,Male,40,7,52694.4,1,1,0,69498.67,0
15601207,Rousseau,658,France,Female,45,6,88934.14,1,1,0,1000.0,0
15601208,Fontaine,697,France,Female,44,1,0.0,2,1,1,44191.38,1
15601209,Iyer,609,France,Male,26,9,149043.07,2,1,1,85106.09,0
15601210,Renner,813,Germany,Female,46,0,86995.47,1,1,0,126490.81,1
15601211,Petrov,608,Germany,Female,39,10,0.0,2,1,0,164367.99,0
15601212,Marceau,656,Spain,Male,45,10,197786.41,2,0,1,51984.6,1
15601213,Rousseau,834,France,Male,37,6,136745.4,2,1,1,175042.88,0
15601214,Abubakar,471,France,Male,42,10,156801.33,3,1,1,139919.66,1
15601215,Winters,671,Spain,Male,50,9,142409.57,2,1,1,159549.82,0
15601216,Hargrove,587,France,Female,36,9,0.0,2,0,1,155253.45,0
15601217,Hallgren,650,Spain,Male,41,8,0.0,2,1,0,76742.84,0
15601218,Hallgren,534,Spain,Male,51,10,135256.35,1,1,0,200000.0,1
15601219,Laurent,614,France,Female,37,8,118366.17,1,1,0,174138.21,1
15601220,Castellano,652,France,Male,27,9,90044.85,2,1,0,104224.13,0
15601221,Lindqvist,673,France,Female,45,1,156333.55,2,1,1,179817.28,0
15601222,Kessler,736,Germany,Male,53,4,0.0,2,1,1,200000.0,0
15601223,Hallgren,427,Spain,Male,52,5,0.0,2,1,0,156386.28,1
15601224,Whitfield,638,France,Male,46,10,130504.05,2,1,1,1000.0,0
15601225,Duarte,633,Germany,Male,18,5,0.0,1,1,0,6778.86,0
15601226,Bergstrom,644,France,Male,32,4,0.0,3,1,1,116742.8,0
15601227,Rousseau,653,France,Female,33,8,122059.89,2,1,1,48159.89,0
15601228,Lindqvist,570,Germany,Female,39,7,60960.2,1,0,1,58481.27,0
15601229,Okonkwo,501,France,Female,56,6,0.0,2,1,0,114031.2,0
15601230,Novak,671,France,Male,27,10,150988.98,2,1,1,78968.13,0
15601231,Delacroix,555,Spain,Female,61,9,201993.12,2,0,1,149816.71,0
15601232,Iyer,689,France,Male,35,7,140884.57,2,0,0,157068.87,0
15601233,Voss,560,Spain,Female,31,10,0.0,3,1,0,41374.53,0
15601234,Dubois,717,France,Female,47,0,57612.3,2,1,1,116829.85,0
15601235,Nakamura,645,France,Female,48,6,138908.63,2,0,1,72152.57,0
15601236,Abubakar,651,France,Male,45,0,0.0,1,1,1,142107.9,0
15601237,Odom,626,France,Female,31,8,0.0,2,0,0,88126.72,0
15601238,Abubakar,611,France,Female,44,1,58688.66,2,1,1,154214.02,0
15601239,Schmitt,628,France,Male,28,6,0.0,1,1,1,96119.7,0
15601240,Hargrove,763,Germany,Female,30,8,0.0,2,1,1,190775.4,0
15601241,Abubakar,503,France,Male,38,6,195988.55,2,1,1,115454.05,0
15601242,Lindqvist,588,France,Male,30,0,164892.54,1,0,0,12227.68,1
15601243,Petrov,751,France,Female,49,5,94300.98,2,1,1,132579.2,0
15601244,Thibault,729,France,Female,33,8,62532.55,2,0,1,82766.36,0
15601245,Abubakar,779,France,Male,36,10,90607.85,1,1,0,1000.0,0
15601246,Osei,644,Spain,Male,30,9,118286.08,2,0,1,81312.73,0
15601247,Castellano,523,France,Male,49,8,108130.15,1,0,1,131771.63,1
15601248,Sorensen,544,Germany,Male,32,3,60556.35,1,1,1,144667.58,0
15601249,Thibault,621,Germany,Male,50,8,176308.24,1,1,0,138361.75,1
15601250,Sorensen,723,France,Male,49,1,177396.24,2,0,0,98896.14,1
15601251,Rousseau,626,France,Female,34,3,206247.53,2,1,1,78729.59,0
15601252,Schmitt,618,France,Male,39,3,28976.07,2,1,1,47943.17,0
15601253,Duarte,688,Spain,Male,34,5,0.0,1,1,0,148347.53,1
15601254,Hargrove,653,France,Male,44,9,124542.38,1,1,0,140396.03,1
15601255,Weiss,608,Germany,Male,37,9,112241.82,1,1,0,66073.78,1
15601256,Falk,554,Germany,Male,34,9,0.0,1,1,0,184820.35,0
15601257,Okafor,741,Germany,Male,39,10,0.0,2,1,0,152218.15,0
15601258,Hargrove,751,Spain,Male,22,0,0.0,4,0,1,152963.69,1
15601259,Girard,548,Germany,Male,38,10,0.0,3,0,0,98808.84,0
15601260,Winters,611,France,Female,45,9,40650.53,1,1,1,200000.0,0
15601261,Mendez,714,France,Female,40,8,34124.49,1,1,1,53493.14,0
15601262,Fairweather,541,France,Male,48,0,52590.53,2,1,0,1000.0,0
15601263,Winters,685,Germany,Male,35,8,121610.36,2,1,0,152398.5,1
15601264,Hallgren,619,Spain,Male,34,7,98348.29,1,0,1,155556.57,0
15601265,Adeyemi,533,Germany,Male,27,1,132681.45,3,1,0,149158.85,1
15601266,Hallgren,821,France,Female,34,2,76666.21,2,1,1,171653.78,0
15601267,Odom,617,Germany,Female,59,8,116403.78,2,0,0,166787.02,0
15601268,Novak,700,France,Male,41,1,116238.08,2,1,1,169799.37,1
15601269,Marchetti,542,France,Male,33,3,0.0,1,1,1,123016.81,0
15601270,Lindqvist,799,Germany,Male,28,6,200950.37,2,1,1,123056.0,0
15601271,Petrov,837,France,Male,22,9,104452.73,3,1,0,108912.85,1
15601272,Marchetti,506,France,Female,30,3,0.0,3,1,0,162666.59,1
15601273,Bergstrom,634,Spain,Male,46,0,0.0,1,0,0,60850.29,1
15601274,Novak,777,France,Male,34,9,150537.85,1,1,0,92833.16,0
15601275,Mendez,605,France,Male,29,10,131242.94,2,1,0,39981.82,1
15601276,Aoki,689,France,Male,30,9,148796.33,1,0,1,137964.41,0
15601277,Lindqvist,489,France,Male,45,5,154653.6,2,1,0,194999.4,1
15601278,Iyer,574,Germany,Male,38,7,0.0,2,0,1,53742.15,0
15601279,Winters,679,Spain,Male,32,1,118838.91,1,1,0,6139.21,0
15601280,Aoki,593,France,Male,35,7,164141.02,1,1,0,96909.66,1
15601281,Odom,615,France,Female,61,6,105267.62,1,0,0,118305.78,1
15601282,Hargrove,505,France,Male,51,6,83195.12,4,1,0,91210.41,1
15601283,Voss,713,Spain,Male,53,7,0.0,2,0,0,31281.5,0
15601284,Hargrove,521,Germany,Female,21,9,133265.02,3,1,0,163616.74,0
15601285,Falk,798,Germany,Male,37,8,146615.11,2,0,0,119557.12,0
15601286,Laurent,584,France,Female,32,0,0.0,1,1,1,200000.0,0
15601287,Girard,727,France,Female,44,7,0.0,1,1,1,156152.37,0
15601288,Kessler,717,France,Male,49,8,149550.39,2,0,0,51751.03,1
15601289,Nakamura,555,Spain,Male,42,6,104816.22,1,1,1,127797.62,0
15601290,Kowalski,595,France,Female,30,6,0.0,1,1,1,134360.46,0
15601291,Lindqvist,606,Spain,Male,32,0,157632.12,1,1,1,194051.12,0
15601292,Odom,613,Spain,Male,45,2,106593.7,2,1,0,67119.95,0
15601293,Petrov,525,France,Female,46,9,131215.11,3,1,1,28366.65,1
15601294,Delacroix,701,France,Male,40,0,57954.45,3,1,1,102067.44,1
15601295,Laurent,584,France,Female,40,10,0.0,2,1,0,88817.16,0
15601296,Aoki,639,France,Female,39,2,0.0,1,1,1,87289.59,1
15601297,Petrov,747,France,Female,41,8,47162.17,1,1,1,119348.4,0
15601298,Dubois,705,Spain,Female,46,2,0.0,1,1,1,1000.0,0
15601299,Kowalski,590,France,Female,45,0,0.0,2,1,0,35072.52,0
15601300,Voss,750,France,Male,39,6,0.0,2,0,0,107232.89,1
15601301,Marceau,714,Spain,Female,38,8,0.0,1,1,1,95295.88,0
15601302,Girard,582,Germany,Female,38,0,155874.15,1,1,0,200000.0,1
15601303,Marceau,601,France,Female,31,2,127937.53,4,0,0,100680.86,1
15601304,Petrov,746,Germany,Female,30,3,0.0,1,1,0,22088.48,0
15601305,Marchetti,725,Germany,Female,44,10,0.0,2,0,1,60104.84,0
15601306,Novak,506,Spain,Male,31,3,183714.39,2,1,0,157079.31,0
15601307,Voss,553,Spain,Female,47,0,191096.02,2,1,1,85461.8,0
15601308,Marchetti,717,France,Male,38,10,157581.52,1,0,1,1000.0,1
15601309,Marceau,537,Germany,Male,47,1,136393.51,2,1,0,138335.06,0
15601310,Mendez,727,France,Male,45,5,0.0,2,1,0,165922.29,0
15601311,Marceau,836,Germany,Female,47,1,128533.32,2,1,1,93858.59,0
15601312,Schmitt,686,Spain,Female,34,2,43342.04,2,0,1,68487.74,0
15601313,Delacroix,561,France,Male,43,8,0.0,1,1,0,148945.74,1
15601314,Duarte,667,France,Male,46,1,106798.33,1,1,0,1000.0,0
15601315,Hargrove,749,Spain,Male,23,7,60480.91,2,1,1,143547.6,0
15601316,Hargrove,659,Spain,Male,56,6,183743.3,1,1,1,102349.51,0
15601317,Renner,696,France,Male,62,7,0.0,2,0,0,150832.88,0
15601318,Bergstrom,573,Spain,Female,48,1,0.0,1,1,0,34960.35,0
15601319,Okafor,581,Germany,Male,47,3,151507.01,2,0,0,96668.44,1
15601320,Weiss,737,France,Male,45,0,0.0,2,0,0,155971.18,0
15601321,Odom,582,France,Male,35,9,0.0,2,1,0,131583.62,0
15601322,Fairweather,402,France,Male,37,10,89467.32,2,1,1,1000.0,1
15601323,Marceau,621,Germany,Female,48,4,0.0,1,0,1,149086.5,1
15601324,Osei,680,France,Male,29,5,0.0,2,1,1,161308.47,0
15601325,Whitfield,752,Germany,Male,28,1,0.0,1,0,0,124303.73,1
15601326,Okafor,808,France,Female,34,9,0.0,3,1,0,104097.49,1
15601327,Osei,658,Spain,Male,45,8,0.0,2,1,0,157845.62,0
15601328,Novak,713,France,Female,30,1,111483.84,1,1,1,107169.19,0
15601329,Iyer,662,France,Female,36,5,206254.95,1,1,1,1000.0,0
15601330,Duarte,684,Germany,Female,37,1,0.0,2,1,1,57782.69,0
15601331,Fontaine,632,France,Female,28,6,92736.0,1,0,1,189018.04,0
15601332,Okafor,687,Spain,Male,18,7,0.0,1,1,1,86450.47,1
15601333,Delacroix,580,Germany,Male,28,4,0.0,1,0,1,113380.99,0
15601334,Lindqvist,840,Germany,Male,41,4,167600.55,2,1,1,4005.09,0
15601335,Bergstrom,420,Germany,Male,43,7,57695.0,1,1,0,131147.84,1
15601336,Kowalski,705,France,Male,44,1,0.0,1,0,1,134717.49,0
15601337,Lindqvist,681,Spain,Male,45,0,146466.89,1,0,1,200000.0,0
15601338,Schmitt,686,Germany,Male,32,4,0.0,2,1,1,146394.41,0
15601339,Aoki,536,France,Male,30,5,70778.21,1,1,0,155626.81,0
15601340,Castellano,489,France,Female,42,3,183504.34,1,0,0,1000.0,0
15601341,Nakamura,708,Germany,Male,36,4,188441.78,1,1,1,67915.64,0
15601342,Marchetti,779,France,Male,48,1,190488.58,2,0,1,200000.0,1
15601343,Marceau,671,Spain,Male,42,8,46603.96,1,0,0,152043.23,1
15601344,Petrov,727,Germany,Female,52,8,101519.19,2,1,0,127819.74,0
15601345,Odom,606,Spain,Male,34,2,114847.99,2,0,1,200000.0,0
15601346,Castellano,682,France,Female,49,7,187123.93,2,1,0,51805.91,1
15601347,Aoki,768,France,Male,59,2,152379.39,1,0,0,122260.24,1
15601348,Delacroix,620,France,Male,39,4,100807.91,1,0,0,128377.91,0
15601349,Adeyemi,764,France,Female,44,3,120099.61,2,1,0,92644.88,0
15601350,Fontaine,493,Germany,Male,29,10,147689.75,1,0,0,18519.84,0
15601351,Kessler,591,Germany,Male,48,5,149384.2,2,0,1,186222.68,0
15601352,Thibault,702,France,Male,50,6,0.0,1,1,0,105674.6,1
15601353,Bergstrom,833,France,Male,33,2,0.0,2,0,1,125831.19,0
15601354,Schmitt,651,Germany,Male,44,10,0.0,1,1,1,60743.56,0
15601355,Weiss,551,France,Male,41,7,0.0,2,1,0,58619.99,1
15601356,Sorensen,830,Spain,Male,42,1,0.0,1,1,0,81024.07,0
15601357,Rousseau,638,France,Female,47,3,62462.59,2,0,0,86978.33,0
15601358,Novak,714,Spain,Male,44,5,133157.85,1,0,1,164511.49,0
15601359,Iyer,618,France,Male,37,4,0.0,1,1,0,122248.47,0
15601360,Reyes,664,Spain,Female,47,8,0.0,1,1,0,43200.58,0
15601361,Lindqvist,596,France,Male,50,6,0.0,2,0,1,13684.27,0
15601362,Marchetti,850,Spain,Female,33,6,124322.26,2,0,1,154026.53,0
15601363,Castellano,764,France,Male,38,4,157352.58,1,1,0,160132.53,1
15601364,Whitfield,820,France,Female,20,9,81215.16,1,0,1,82477.01,0
15601365,Marchetti,574,Spain,Female,44,7,39594.0,3,1,1,63913.43,1
15601366,Hallgren,475,France,Male,51,7,78205.14,1,1,0,103134.48,1
15601367,Castellano,622,France,Female,36,7,0.0,1,1,1,103415.8,0
15601368,Reyes,850,France,Female,40,7,205535.71,1,0,0,116164.78,0
15601369,Marchetti,619,France,Female,36,8,187530.52,1,0,0,161527.52,0
15601370,Balogh,751,France,Male,35,2,103647.99,3,1,1,156883.08,0
15601371,Iyer,552,Germany,Male,41,5,161718.08,2,1,1,149918.15,0
15601372,Bergstrom,570,France,Male,31,1,44382.3,1,0,0,41617.92,0
15601373,Schmitt,642,Germany,Female,36,4,191219.24,2,0,0,130332.44,0
15601374,Castellano,850,Germany,Male,29,3,140170.4,2,1,0,119329.33,0
15601375,Fontaine,756,France,Male,45,2,153507.36,1,1,0,26444.88,1
15601376,Kowalski,453,Spain,Female,41,6,0.0,1,1,0,78532.07,1
15601377,Voss,714,Germany,Male,34,4,137241.88,1,1,1,128582.75,0
15601378,Nakamura,540,Spain,Female,39,4,206403.76,1,0,1,18609.33,0
15601379,Sorensen,585,France,Male,36,9,129044.39,1,1,1,65877.8,1
15601380,Kowalski,699,France,Female,50,3,109764.94,1,0,1,105395.2,1
15601381,Weiss,784,France,Male,34,1,101592.45,1,1,1,75804.24,0
15601382,Okafor,780,Spain,Male,45,8,78367.56,2,1,0,162180.38,0
15601383,Schmitt,682,Germany,Male,31,2,118918.38,1,1,1,142521.04,1
15601384,Reyes,683,Germany,Male,47,10,53622.05,2,0,1,24869.09,0
15601385,Mendez,779,France,Male,49,7,136984.7,2,1,0,50456.39,0
15601386,Marchetti,499,Spain,Male,50,2,0.0,2,1,0,165654.81,0
15601387,Voss,825,France,Female,54,6,93006.53,1,0,1,132795.68,0
15601388,Odom,579,Germany,Male,41,10,0.0,1,1,0,1000.0,0
15601389,Sorensen,675,France,Male,51,10,111304.69,1,1,1,181983.04,0
15601390,Novak,602,Germany,Male,55,4,134245.74,1,1,1,100863.95,0
15601391,Reyes,539,Germany,Male,27,0,0.0,1,0,0,97858.71,0
15601392,Osei,694,France,Female,32,0,135232.26,1,0,0,49110.6,0
15601393,Hallgren,673,France,Male,23,9,0.0,2,0,0,172622.09,0
15601394,Kessler,640,Germany,Female,49,7,0.0,2,0,0,129909.23,0
15601395,Marceau,635,France,Female,23,7,0.0,1,1,0,92216.74,1
15601396,Marceau,796,Spain,Female,20,7,0.0,2,0,0,1000.0,0
15601397,Kessler,850,Germany,Female,27,8,131065.61,1,0,0,71949.93,1
15601398,Aoki,770,Spain,Male,21,5,149085.56,2,0,1,37389.64,0
15601399,Kowalski,677,France,Female,41,4,110881.37,2,1,1,77496.65,0
15601400,Marceau,493,France,Female,27,2,136995.04,1,1,0,49083.28,0
15601401,Abubakar,710,France,Female,21,3,69931.27,1,1,1,146002.94,0
15601402,Iyer,714,Germany,Male,38,8,23868.23,3,1,1,189043.51,1
15601403,Fontaine,724,France,Male,39,0,119096.19,1,1,0,95771.22,1
15601404,Kowalski,540,France,Female,19,1,0.0,1,0,0,33452.06,0
15601405,Reyes,732,France,Male,31,8,210976.01,1,1,1,79475.97,0
15601406,Okafor,800,Germany,Female,38,7,74385.1,2,1,0,74636.89,0
15601407,Abubakar,556,France,Male,35,1,152571.15,1,1,0,190552.53,1
15601408,Voss,716,Germany,Male,35,0,78762.71,1,1,0,102428.9,1
15601409,Novak,572,Spain,Male,51,2,113067.97,1,1,1,183410.28,0
15601410,Girard,640,Germany,Male,60,1,58379.4,1,1,0,18571.39,0
15601411,Schmitt,559,Germany,Male,35,3,0.0,1,1,0,100175.83,1
15601412,Whitfield,616,Germany,Female,25,9,128491.11,1,1,1,40191.36,0
15601413,Renner,617,Germany,Female,36,9,94341.37,2,1,0,92771.53,1
15601414,Renner,690,France,Female,40,3,151313.45,1,1,1,128889.06,0
15601415,Nakamura,735,Germany,Female,38,3,176574.24,3,1,0,13396.77,1
15601416,Novak,767,Spain,Female,45,9,0.0,1,1,1,68589.13,0
15601417,Kessler,587,Spain,Male,61,4,0.0,1,1,1,89011.67,0
15601418,Osei,685,Germany,Female,21,2,63934.55,1,1,1,110656.04,1
15601419,Abubakar,545,Germany,Female,33,8,95346.92,2,0,1,10846.26,0
15601420,Castellano,639,Spain,Female,54,5,0.0,1,1,0,123548.56,0
15601421,Castellano,654,France,Male,33,9,43400.3,1,1,1,125567.26,0
15601422,Bergstrom,561,France,Female,47,9,14740.31,3,0,1,157185.0,1
15601423,Marchetti,704,France,Male,45,8,0.0,1,1,0,8401.6,1
15601424,Castellano,635,France,Male,51,10,0.0,3,1,1,81563.37,0
15601425,Winters,665,France,Female,58,5,93426.14,1,1,1,98898.58,0
15601426,Marceau,768,France,Female,42,6,22468.01,1,1,1,110797.7,0
15601427,Aoki,609,France,Male,21,0,14152.11,2,1,1,103921.61,0
15601428,Novak,732,Germany,Male,31,1,112505.77,1,1,1,67900.68,1
15601429,Duarte,789,France,Female,61,1,0.0,1,1,0,105647.83,0
15601430,Kessler,783,Germany,Male,24,10,0.0,2,1,0,200000.0,0
15601431,Schmitt,632,Spain,Male,44,2,205395.32,2,1,1,132600.64,0
15601432,Voss,557,France,Female,18,6,0.0,1,1,0,11001.14,0
15601433,Hargrove,582,France,Female,25,4,0.0,2,1,0,187370.75,1
15601434,Osei,498,France,Male,48,8,110949.41,1,0,0,195228.07,1
15601435,Marchetti,716,Germany,Male,39,3,72923.6,1,1,0,147582.65,1
15601436,Winters,722,France,Male,35,10,103788.02,1,1,0,174430.81,1
15601437,Novak,661,Spain,Male,30,5,153925.31,4,1,1,200000.0,0
15601438,Fairweather,518,Germany,Female,18,2,155878.43,1,1,1,116427.62,0
15601439,Schmitt,615,Germany,Female,46,4,129878.22,3,1,1,160890.21,0
15601440,Girard,783,France,Male,36,4,191113.43,1,1,0,187519.27,1
15601441,Thibault,709,France,Male,23,7,0.0,1,1,1,55805.37,0
15601442,Winters,725,France,Male,39,3,128337.71,2,1,1,186679.64,0
15601443,Thibault,850,France,Male,44,0,187110.03,1,0,1,111561.23,0
15601444,Fontaine,681,France,Male,36,8,76248.49,1,1,0,155640.11,0
15601445,Schmitt,443,Spain,Male,40,10,183401.58,1,0,0,152922.79,1
15601446,Thibault,544,Germany,Female,39,2,63302.72,1,1,1,61270.46,1
15601447,Hargrove,679,Spain,Male,31,9,0.0,1,1,1,178429.62,0
15601448,Petrov,652,Spain,Female,39,0,20179.27,1,0,0,75082.08,1
15601449,Laurent,633,France,Male,46,3,124562.09,1,1,1,115971.14,0
15601450,Lindqvist,635,Germany,Female,49,0,0.0,2,1,1,147881.89,0
15601451,Thibault,575,Spain,Female,47,4,65109.59,2,1,1,132935.73,0
15601452,Renner,686,Germany,Male,32,6,97859.24,3,0,1,67425.82,1
15601453,Fontaine,784,Germany,Male,45,10,100917.48,1,1,1,26314.13,0
15601454,Petrov,816,France,Female,43,9,101245.59,1,0,1,52534.94,1
15601455,Rousseau,814,France,Male,31,10,59607.22,1,1,0,141584.84,0
15601456,Balogh,558,France,Male,34,7,113875.23,1,1,1,130856.66,0
15601457,Kowalski,648,France,Male,45,4,0.0,1,1,0,88652.24,0
15601458,Aoki,620,Germany,Female,53,9,86955.45,1,1,0,86719.52,1
15601459,Fairweather,707,France,Male,20,0,0.0,2,0,1,82183.68,0
15601460,Duarte,642,Germany,Male,55,8,0.0,1,0,1,37290.06,0
15601461,Fairweather,628,Spain,Male,50,10,0.0,2,1,0,152679.66,0
15601462,Dubois,790,France,Female,41,0,0.0,2,1,1,36412.99,0
15601463,Hallgren,659,France,Male,36,7,92958.01,2,1,1,107128.03,0
15601464,Schmitt,662,Spain,Female,42,9,0.0,1,1,1,173195.2,1
15601465,Balogh,690,Spain,Female,32,7,0.0,2,1,0,97921.71,0
15601466,Fontaine,715,France,Male,37,10,41711.93,1,1,1,191037.02,0
15601467,Dubois,715,France,Male,23,3,22047.3,2,0,0,38586.03,1
15601468,Balogh,799,Spain,Female,21,7,5102.41,1,1,1,23642.47,0
15601469,Winters,527,France,Female,62,9,91492.33,3,0,0,1000.0,0
15601470,Osei,681,Germany,Male,39,0,153534.14,1,1,1,143431.49,0
15601471,Balogh,640,France,Male,41,6,75496.85,1,0,1,1000.0,0
15601472,Delacroix,621,France,Male,38,10,99654.7,2,1,0,191413.34,0
15601473,Girard,723,France,Male,30,5,79308.37,2,0,0,199684.82,0
15601474,Delacroix,774,Spain,Male,35,8,70251.32,1,0,1,115338.27,0
15601475,Schmitt,593,Spain,Male,39,8,0.0,2,1,1,53478.57,0
15601476,Castellano,812,France,Male,36,2,0.0,2,1,0,1000.0,1
15601477,Duarte,513,Germany,Female,31,4,44388.49,1,1,1,122934.22,0
15601478,Fontaine,707,France,Female,43,5,0.0,1,1,1,99042.33,0
15601479,Reyes,564,France,Female,40,4,0.0,2,1,0,113406.4,1
15601480,Okafor,588,France,Female,43,6,83326.57,2,1,1,130808.22,0
15601481,Fairweather,656,France,Female,46,7,126296.32,1,1,0,37076.56,1
15601482,Novak,612,Spain,Male,37,4,75485.31,1,1,1,87463.62,0
15601483,Fontaine,375,France,Female,37,7,82601.34,1,0,1,108683.63,0
15601484,Fontaine,709,Spain,Male,54,7,0.0,2,1,1,200000.0,0
15601485,Okafor,725,France,Male,29,10,107429.97,3,0,1,145104.7,1
15601486,Voss,635,Germany,Female,19,8,0.0,1,0,1,108599.64,0
15601487,Fairweather,627,France,Female,44,6,0.0,3,1,0,41757.37,0
15601488,Adeyemi,614,Germany,Male,32,1,182376.58,1,1,1,173558.36,0
15601489,Falk,486,France,Female,28,3,46373.89,1,1,1,197299.5,1
15601490,Lindqvist,476,France,Male,48,3,0.0,1,1,0,13385.99,0
15601491,Fontaine,727,Germany,Male,37,3,66068.48,4,1,0,1000.0,1
15601492,Rousseau,752,Spain,Male,26,10,111832.89,1,1,1,103519.33,0
15601493,Whitfield,707,Germany,Male,58,5,58143.17,3,1,1,88982.41,0
15601494,Winters,686,France,Female,22,10,0.0,2,0,1,181560.87,0
15601495,Weiss,725,Spain,Male,38,1,0.0,2,1,0,35058.31,0
15601496,Duarte,719,Germany,Male,19,7,165503.98,1,1,0,45694.56,1
15601497,Odom,575,Spain,Female,41,6,146651.04,2,1,0,12122.96,1
15601498,Balogh,671,France,Male,32,8,128026.02,1,0,0,42412.19,0
15601499,Duarte,622,Spain,Male,47,4,0.0,1,1,1,109367.28,0
15601500,Weiss,623,Spain,Male,38,5,113063.31,2,1,0,12485.76,0
15601501,Reyes,759,Germany,Male,52,3,0.0,1,1,0,200000.0,1
15601502,Hargrove,801,France,Male,34,7,0.0,1,1,0,1000.0,1
15601503,Voss,425,France,Female,22,2,0.0,1,1,0,68585.1,0
15601504,Okafor,626,Germany,Female,41,7,159532.64,2,1,1,113269.45,1
15601505,Bergstrom,620,Spain,Male,36,5,95601.56,1,1,0,173656.32,0
15601506,Kowalski,762,Spain,Male,20,8,0.0,1,1,1,41516.14,1
15601507,Fontaine,511,France,Male,28,0,93011.74,1,1,1,1000.0,0
15601508,Adeyemi,363,France,Female,31,2,0.0,1,1,0,40881.25,0
15601509,Adeyemi,729,Spain,Male,54,6,173335.99,2,1,1,200000.0,0
15601510,Sorensen,742,France,Male,46,4,189691.35,1,1,0,1000.0,1
15601511,Marchetti,479,France,Female,35,3,0.0,2,0,0,160031.28,1
15601512,Girard,638,Spain,Female,43,10,0.0,2,1,0,116393.74,1
15601513,Schmitt,797,Spain,Male,18,9,0.0,1,1,0,122982.1,1
15601514,Bergstrom,547,Germany,Male,33,1,68771.58,1,0,0,168953.13,1
15601515,Petrov,660,France,Male,43,5,184291.78,1,1,0,57072.37,1
15601516,Weiss,699,France,Female,40,7,0.0,1,1,0,156210.28,1
15601517,Kowalski,513,Germany,Male,33,8,0.0,2,1,0,109068.62,0
15601518,Dubois,596,France,Male,38,2,0.0,1,1,1,24375.89,0
15601519,Fairweather,488,France,Female,42,9,53339.54,3,1,0,94622.98,0
15601520,Girard,634,France,Male,38,7,185578.95,3,1,1,97497.16,0
15601521,Okafor,574,Spain,Male,47,9,132200.44,1,0,0,1000.0,1
15601522,Kowalski,670,Germany,Female,42,7,0.0,2,0,0,43595.65,0
15601523,Whitfield,711,Germany,Male,44,9,129500.23,1,1,1,127992.47,0
15601524,Iyer,783,Spain,Female,56,0,95166.67,1,0,0,108399.39,1
15601525,Okafor,850,France,Female,47,2,26760.19,2,1,0,160423.99,0
15601526,Nakamura,670,France,Male,56,5,103095.57,1,0,0,173969.59,1
15601527,Odom,620,France,Female,32,3,41651.84,3,0,1,48656.93,1
15601528,Adeyemi,614,France,Female,22,2,123892.0,2,0,0,57566.48,0
15601529,Bergstrom,557,France,Female,37,7,0.0,1,0,0,9444.43,0
15601530,Nakamura,693,France,Female,36,10,79932.88,2,1,1,129317.5,0
15601531,Okonkwo,602,France,Male,53,5,0.0,3,0,1,68540.85,1
15601532,Weiss,700,Spain,Male,27,6,0.0,2,1,0,167085.05,0
15601533,Novak,560,Spain,Female,38,6,110978.86,2,1,0,159632.43,1
15601534,Hallgren,605,France,Male,43,4,68102.0,2,1,0,128275.28,0
15601535,Duarte,692,France,Male,40,7,142966.17,2,1,0,74667.87,0
15601536,Osei,638,Germany,Male,37,8,179323.73,1,1,1,162817.78,0
15601537,Sorensen,466,Spain,Male,42,1,121622.28,1,1,0,99859.49,1
15601538,Hallgren,649,Germany,Female,50,3,138776.93,1,1,1,113800.92,0
15601539,Mendez,573,France,Female,54,1,138683.57,3,0,0,1000.0,1
15601540,Adeyemi,763,Germany,Female,39,8,99570.81,1,1,1,121788.75,0
15601541,Marceau,743,France,Male,30,7,0.0,1,1,0,102479.21,0
15601542,Fontaine,431,France,Male,54,7,86116.03,1,1,0,93355.71,0
15601543,Kessler,727,France,Female,28,6,33380.64,1,0,1,66252.43,0
15601544,Petrov,687,France,Male,57,5,0.0,4,0,1,11178.18,1
15601545,Dubois,508,France,Female,52,8,142786.98,1,0,0,96541.64,0
15601546,Fairweather,734,France,Female,54,1,0.0,2,1,0,1000.0,0
15601547,Winters,527,Germany,Male,45,7,116640.4,3,1,0,86551.51,1
15601548,Castellano,760,France,Male,18,9,100072.69,2,1,0,67338.01,0
15601549,Schmitt,588,France,Female,28,2,0.0,2,1,1,175297.29,0
15601550,Castellano,504,France,Male,42,7,166667.62,2,1,0,200000.0,1
15601551,Reyes,850,France,Female,32,0,188276.78,1,1,0,12345.82,1
15601552,Voss,502,France,Female,35,1,0.0,2,1,1,144950.5,0
15601553,Winters,573,France,Male,45,4,158601.4,2,1,1,61500.4,0
15601554,Duarte,591,France,Female,37,10,121835.86,1,0,0,72465.21,0
15601555,Okonkwo,606,Germany,Male,26,4,0.0,2,1,0,71447.53,0
15601556,Marchetti,717,Germany,Male,48,4,136712.14,2,1,1,174505.69,0
15601557,Castellano,656,France,Female,44,8,0.0,1,1,0,93160.29,0
15601558,Dubois,746,Spain,Female,36,8,0.0,2,0,1,124062.56,0
15601559,Novak,686,Germany,Female,46,7,100564.36,2,1,1,3693.84,0
15601560,Fontaine,489,Germany,Female,39,0,0.0,1,0,1,33902.28,0
15601561,Kessler,703,Spain,Male,52,9,106161.59,1,1,0,67892.47,0
15601562,Hargrove,672,Germany,Male,40,2,0.0,1,1,1,99873.16,0
15601563,Laurent,590,Germany,Male,52,5,210690.86,1,1,0,138429.46,0
15601564,Osei,849,Germany,Male,19,8,0.0,1,0,1,66127.94,0
15601565,Okafor,708,France,Male,43,3,160196.08,1,1,1,180393.75,0
15601566,Laurent,740,France,Male,34,7,127033.6,1,0,0,84014.42,1
15601567,Iyer,744,France,Female,30,5,0.0,1,1,1,60081.17,0
15601568,Okonkwo,610,France,Male,50,1,0.0,1,1,1,149362.74,0
15601569,Okonkwo,711,France,Female,48,2,109428.24,3,1,0,140533.38,0
15601570,Okafor,680,France,Female,18,8,154330.57,2,0,1,1000.0,0
15601571,Hallgren,597,Spain,Female,46,0,136444.31,2,1,1,190985.06,0
15601572,Adeyemi,533,Spain,Male,45,4,158784.04,2,1,0,68448.6,1
15601573,Adeyemi,652,Germany,Female,31,5,140062.66,1,1,0,87226.49,1
15601574,Balogh,706,France,Female,30,4,0.0,2,0,0,49095.59,0
15601575,Odom,652,France,Male,22,4,138106.46,2,1,1,74900.34,0
15601576,Fairweather,632,Germany,Male,35,10,0.0,2,1,0,1000.0,0
15601577,Nakamura,653,Germany,Male,37,0,75016.3,1,1,1,116501.28,0
15601578,Thibault,622,Germany,Female,47,10,126478.93,1,1,1,62958.98,0
15601579,Schmitt,799,Germany,Female,41,7,0.0,1,1,0,81453.53,0
15601580,Voss,676,Germany,Male,28,10,0.0,1,0,0,155964.85,0
15601581,Girard,603,France,Female,41,7,146237.99,2,0,1,125342.95,0
15601582,Falk,476,France,Male,36,10,159975.15,2,1,1,98865.42,0
15601583,Renner,631,France,Male,29,0,147037.63,1,0,0,200000.0,1
15601584,Novak,595,Spain,Female,22,7,67688.21,1,0,0,31745.87,0
15601585,Bergstrom,591,Germany,Female,45,7,0.0,1,0,0,102866.61,1
15601586,Winters,740,France,Female,43,10,159059.79,1,1,1,172082.84,0
15601587,Reyes,658,Spain,Male,44,0,0.0,2,1,0,186705.52,0
15601588,Schmitt,488,France,Male,31,5,136658.7,1,1,1,13931.34,0
15601589,Rousseau,709,France,Male,40,5,0.0,1,1,0,56813.21,0
15601590,Whitfield,498,France,Male,24,1,0.0,3,1,0,164487.08,1
15601591,Okafor,717,France,Male,28,6,202153.45,1,1,0,72236.88,1
15601592,Nakamura,604,Germany,Female,39,5,83891.6,2,0,1,102399.14,0
15601593,Lindqvist,658,France,Female,41,5,153246.56,2,1,1,71207.27,0
15601594,Adeyemi,648,Germany,Male,22,7,111341.95,1,1,1,98415.85,0
15601595,Odom,636,Spain,Male,28,8,94716.69,2,1,1,1000.0,1
15601596,Delacroix,670,France,Male,35,7,36554.12,2,1,1,77180.6,0
15601597,Hallgren,658,France,Male,48,4,78379.1,4,0,1,95827.44,0
15601598,Weiss,829,Germany,Female,30,10,135350.98,1,1,1,73564.27,1
15601599,Hallgren,671,France,Male,40,2,0.0,2,1,1,106177.93,0
15601600,Marceau,674,Germany,Female,41,3,0.0,2,1,1,23466.94,0
15601601,Laurent,582,France,Male,36,5,77419.0,1,1,1,115517.73,0
15601602,Balogh,687,Spain,Male,41,3,0.0,2,0,1,194792.12,0
15601603,Kowalski,552,Germany,Female,25,3,0.0,1,1,0,174273.35,1
15601604,Sorensen,760,France,Male,32,10,0.0,1,1,0,140457.87,1
15601605,Renner,508,France,Male,53,1,0.0,1,0,1,115050.74,0
15601606,Bergstrom,569,Germany,Female,54,5,88425.03,1,1,1,59012.51,1
15601607,Delacroix,494,France,Male,47,5,0.0,2,1,1,71500.66,0
15601608,Sorensen,690,France,Male,50,0,0.0,2,1,1,149677.83,0
15601609,Girard,609,France,Male,20,2,151324.17,1,1,1,91655.89,0
15601610,Duarte,716,France,Male,29,2,187257.42,1,0,1,200000.0,0
15601611,Novak,556,Germany,Male,35,5,80280.62,1,1,1,1000.0,1
15601612,Rousseau,701,Germany,Male,63,4,53680.74,3,1,1,87963.35,1
15601613,Voss,706,France,Female,35,6,0.0,2,1,1,67717.58,0
15601614,Duarte,670,Germany,Female,46,4,47682.42,3,1,1,144575.69,0
15601615,Bergstrom,653,France,Male,42,8,163679.22,1,1,1,156870.85,0
15601616,Mendez,663,France,Male,42,4,66540.92,2,0,1,25968.76,0
15601617,Dubois,563,Spain,Male,38,9,80517.92,2,1,1,22849.1,0
15601618,Kessler,547,Germany,Male,26,10,108046.32,1,1,1,55512.58,0
15601619,Petrov,702,France,Male,18,7,0.0,3,1,0,131576.37,0
15601620,Hargrove,615,France,Female,52,1,63498.91,1,0,1,125111.5,0
15601621,Nakamura,694,Spain,Male,32,9,28339.52,3,1,1,6207.28,0
15601622,Fontaine,799,Germany,Male,19,8,145460.97,1,0,1,116892.62,0
15601623,Weiss,606,France,Female,43,6,0.0,1,1,0,109104.75,1
15601624,Adeyemi,592,France,Female,43,3,0.0,1,1,0,96621.8,0
15601625,Adeyemi,619,Spain,Male,46,7,0.0,1,1,1,133844.65,0
15601626,Delacroix,654,France,Male,50,6,111116.1,1,0,0,113067.65,1
15601627,Castellano,709,France,Female,29,8,87898.63,1,1,1,104651.44,1
15601628,Falk,647,France,Male,30,7,0.0,1,1,1,167065.41,0
15601629,Osei,850,France,Female,35,9,23841.99,1,1,1,187888.93,0
15601630,Osei,690,France,Female,47,10,39868.3,1,0,0,76425.61,1
15601631,Castellano,725,Germany,Male,18,8,0.0,2,1,1,96335.9,0
15601632,Hallgren,646,Spain,Male,40,3,0.0,1,1,1,138640.97,0
15601633,Bergstrom,747,Spain,Male,48,9,10766.67,2,1,0,89160.39,0
15601634,Hallgren,630,Germany,Male,48,9,127970.67,2,1,1,140029.6,0
15601635,Aoki,588,France,Male,46,5,32523.29,1,0,0,107437.14,1
15601636,Voss,737,France,Female,49,0,177019.74,1,1,1,144635.26,0
15601637,Kessler,645,Germany,Female,18,10,158003.39,2,1,1,138589.25,0
15601638,Balogh,674,France,Female,55,5,0.0,2,1,0,95168.86,0
15601639,Kowalski,744,Spain,Female,42,4,0.0,1,1,1,151562.92,0
15601640,Lindqvist,663,Germany,Female,52,6,0.0,1,0,1,140944.7,0
15601641,Balogh,636,France,Male,27,0,84972.08,1,0,1,200000.0,0
15601642,Girard,599,France,Male,21,9,0.0,2,0,0,1000.0,1
15601643,Petrov,752,France,Female,57,2,131277.13,2,0,1,138299.28,0
15601644,Bergstrom,617,France,Female,29,2,0.0,1,1,1,159971.16,0
15601645,Thibault,645,France,Male,35,6,111732.62,2,0,1,200000.0,0
15601646,Whitfield,678,France,Female,44,7,61277.9,3,1,0,70395.26,0
15601647,Hargrove,677,Germany,Male,46,0,86351.51,2,0,1,106389.07,0
15601648,Marchetti,747,Germany,Male,49,6,181149.37,1,1,1,73515.3,1
15601649,Fontaine,643,Germany,Female,41,1,0.0,1,1,1,200000.0,0
15601650,Petrov,782,France,Male,28,10,0.0,1,1,1,55743.78,0
15601651,Aoki,626,France,Male,46,4,143822.45,2,1,0,71832.42,0
15601652,Marceau,686,France,Female,46,5,0.0,2,1,0,16337.31,0
15601653,Duarte,632,France,Female,20,6,109575.19,1,0,0,1000.0,1
15601654,Winters,850,Germany,Male,53,1,33371.24,3,0,0,100391.46,0
15601655,Petrov,616,France,Female,18,1,0.0,2,1,0,94122.92,0
15601656,Kessler,625,France,Male,49,10,0.0,1,1,0,86729.18,1
15601657,Falk,661,Germany,Female,32,6,0.0,2,0,1,135095.98,0
15601658,Abubakar,624,France,Male,46,2,146487.7,3,1,0,144212.33,1
15601659,Schmitt,680,France,Female,44,7,0.0,2,0,1,60512.1,0
15601660,Bergstrom,768,France,Female,38,9,97122.05,1,1,1,103601.92,0
15601661,Marchetti,664,Spain,Male,43,8,81657.24,2,1,1,93297.53,0
15601662,Balogh,668,Germany,Male,38,4,134538.44,1,0,1,100196.2,0
15601663,Delacroix,628,France,Male,46,7,145891.0,1,0,1,185924.13,0
15601664,Fontaine,602,Germany,Female,61,9,0.0,2,1,1,123719.0,0
15601665,Marchetti,659,Germany,Female,25,2,85780.97,1,1,0,159579.57,0
15601666,Thibault,651,Germany,Female,18,8,0.0,1,1,0,88160.03,1
15601667,Marceau,763,France,Female,34,10,128048.98,2,0,1,34613.87,0
15601668,Marchetti,558,France,Male,34,3,127414.09,1,1,0,161635.17,0
15601669,Castellano,790,Germany,Female,35,9,0.0,1,1,0,142019.59,1
15601670,Lindqvist,636,France,Male,29,0,147409.9,2,1,1,72689.54,1
15601671,Delacroix,664,Spain,Female,47,4,105211.68,2,1,1,89557.11,0
15601672,Marceau,548,Germany,Male,24,3,0.0,1,0,0,131456.48,0
15601673,Nakamura,704,France,Female,43,0,178859.99,3,1,1,120817.64,1
15601674,Abubakar,558,Germany,Male,45,6,0.0,1,1,1,92737.29,0
15601675,Laurent,686,Germany,Male,42,5,43145.84,1,0,1,37082.94,1
15601676,Thibault,676,Spain,Male,43,4,120925.71,2,1,1,200000.0,0
15601677,Adeyemi,619,France,Female,48,9,177028.61,1,1,0,99544.2,1
15601678,Sorensen,452,Germany,Male,39,2,96788.33,2,1,0,166102.21,0
15601679,Sorensen,850,Spain,Male,35,9,150581.79,2,1,1,1000.0,0
15601680,Okonkwo,549,Spain,Male,43,6,0.0,2,1,1,28994.98,0
15601681,Lindqvist,676,Germany,Male,45,9,0.0,2,1,0,163427.94,1
15601682,Petrov,580,Spain,Female,48,0,0.0,2,0,0,89312.13,1
15601683,Girard,751,France,Female,21,10,144492.91,1,1,0,160603.79,1
15601684,Marceau,614,France,Female,37,0,117103.13,2,0,1,66040.87,0
15601685,Osei,578,France,Female,28,7,0.0,1,0,0,92390.91,0
15601686,Duarte,707,Spain,Male,44,8,109637.76,2,1,0,56286.27,0
15601687,Balogh,528,Spain,Male,46,1,83777.18,2,1,1,156246.68,0
15601688,Winters,610,Spain,Female,36,0,56325.67,1,0,0,80903.01,0
15601689,Bergstrom,716,France,Female,31,0,67042.23,1,1,1,147790.79,0
15601690,Aoki,795,Germany,Male,45,1,0.0,2,1,1,186715.33,0
15601691,Petrov,558,Germany,Female,37,1,0.0,2,0,1,88412.32,0
15601692,Petrov,591,France,Male,53,10,128326.34,1,1,0,94659.63,1
15601693,Rousseau,684,Spain,Male,57,2,120451.8,2,1,1,70328.84,0
15601694,Odom,458,Spain,Male,49,8,218017.84,3,1,1,200000.0,0
15601695,Delacroix,780,Spain,Female,41,0,0.0,1,1,1,93813.26,1
15601696,Mendez,554,France,Female,57,7,66373.29,1,0,0,86477.27,0
15601697,Hallgren,608,Germany,Male,41,4,0.0,2,1,1,36024.72,0
15601698,Marchetti,675,Germany,Female,34,5,52636.31,1,0,1,68069.69,0
15601699,Laurent,655,Spain,Female,32,8,125388.66,2,1,0,74643.39,0
15601700,Novak,557,Germany,Male,31,2,0.0,1,1,1,163003.26,0
15601701,Lindqvist,815,Germany,Female,38,0,0.0,3,1,1,82809.8,1
15601702,Whitfield,403,France,Male,43,2,143194.44,2,1,0,79336.54,1
15601703,Marchetti,542,Spain,Male,24,8,89277.1,2,0,1,143992.32,0
15601704,Lindqvist,589,France,Male,34,6,58055.75,2,0,1,101646.93,0
15601705,Marceau,559,Germany,Male,41,10,77623.1,1,1,1,37553.42,0
15601706,Kessler,767,France,Male,45,9,64811.7,1,1,0,189251.91,1
15601707,Girard,491,France,Male,38,1,132621.26,1,1,1,68273.28,0
15601708,Lindqvist,800,Germany,Male,41,0,172137.05,2,1,0,116328.91,0
15601709,Odom,623,France,Female,26,0,102149.51,2,0,1,125792.62,0
15601710,Mendez,519,Germany,Female,29,2,163475.41,1,1,1,1000.0,0
15601711,Delacroix,448,France,Male,38,5,0.0,2,0,0,81229.52,1
15601712,Iyer,629,Germany,Male,44,0,106942.58,1,1,1,66107.01,0
15601713,Weiss,583,Germany,Male,41,9,0.0,1,1,1,31714.75,0
15601714,Adeyemi,673,France,Female,30,5,103107.63,2,0,0,93042.1,0
15601715,Kessler,607,Germany,Female,36,8,165497.88,2,1,1,106654.51,1
15601716,Fontaine,742,France,Male,54,9,75997.08,1,1,0,130976.67,1
15601717,Mendez,636,Spain,Female,44,0,110992.86,2,0,0,106346.5,0
15601718,Schmitt,609,Spain,Female,37,4,0.0,1,1,1,97213.91,1
15601719,Dubois,743,Germany,Female,28,7,115323.56,1,1,1,192033.95,0
15601720,Schmitt,672,France,Male,31,10,123973.12,2,1,1,79841.87,0
15601721,Reyes,724,France,Female,39,8,0.0,2,1,0,3440.56,1
15601722,Aoki,760,Spain,Female,41,2,0.0,1,1,1,53199.58,0
15601723,Girard,622,Spain,Male,44,2,103638.27,1,1,1,164668.99,1
15601724,Falk,654,France,Male,42,8,0.0,1,1,1,88372.34,0
15601725,Bergstrom,731,France,Male,35,7,51551.81,1,1,0,49541.1,0
15601726,Schmitt,415,France,Male,33,2,0.0,4,1,0,141457.27,1
15601727,Castellano,640,Germany,Female,59,5,0.0,2,1,0,189615.84,1
15601728,Abubakar,628,France,Female,33,10,0.0,1,1,0,89332.29,0
15601729,Rousseau,686,France,Male,25,2,0.0,4,1,1,137401.42,0
15601730,Fairweather,573,Germany,Female,22,3,64190.35,4,1,1,184937.06,0
15601731,Renner,755,France,Male,35,9,115570.4,1,1,1,200000.0,0
15601732,Delacroix,579,Spain,Female,48,7,0.0,1,0,0,132706.16,1
15601733,Lindqvist,606,France,Male,33,2,0.0,1,0,0,97394.57,0
15601734,Bergstrom,586,Germany,Female,54,3,0.0,2,1,1,96674.25,0
15601735,Dubois,768,Spain,Female,38,9,149234.48,1,1,0,1000.0,1
15601736,Petrov,450,Germany,Female,50,3,0.0,2,1,0,26873.49,1
15601737,Odom,822,France,Female,31,7,0.0,1,1,0,129213.1,0
15601738,Winters,791,Spain,Male,31,5,198291.01,2,1,0,200000.0,0
15601739,Kessler,596,Germany,Female,39,2,62339.06,1,1,1,67773.87,1
15601740,Duarte,749,France,Female,43,4,0.0,1,1,0,87599.8,0
15601741,Rousseau,662,France,Male,37,7,153756.22,2,1,1,124424.15,0
15601742,Aoki,809,France,Female,41,8,133086.42,4,0,1,190681.66,0
15601743,Falk,741,Germany,Male,45,0,0.0,1,1,1,52703.9,0
15601744,Okafor,850,Spain,Male,24,9,21181.93,2,1,1,74856.39,0
15601745,Kessler,500,Spain,Female,35,2,0.0,2,1,1,101951.1,0
15601746,Dubois,668,Spain,Male,33,7,53670.97,2,0,0,109408.12,0
15601747,Renner,484,Spain,Male,34,3,0.0,2,1,1,112838.4,0
15601748,Kessler,600,France,Male,43,2,167544.52,1,1,0,123621.18,0
15601749,Voss,850,France,Female,33,9,50934.26,1,0,0,135236.17,0
15601750,Lindqvist,695,Spain,Female,18,7,50178.23,2,1,0,121354.69,0
15601751,Winters,745,France,Male,36,10,0.0,2,0,1,102140.23,1
15601752,Laurent,699,Germany,Female,28,0,157981.33,2,0,1,23063.86,0
15601753,Fontaine,693,Germany,Female,44,2,82116.09,1,1,0,27493.89,1
15601754,Whitfield,600,France,Female,47,0,116693.98,1,1,0,59574.32,1
15601755,Fontaine,582,Spain,Female,18,5,86896.17,2,1,1,167650.32,0
15601756,Hallgren,597,France,Female,31,5,151284.1,2,1,1,184245.28,0
15601757,Duarte,388,Germany,Male,42,10,80254.57,2,1,1,25521.22,0
15601758,Fairweather,642,Germany,Male,24,2,75960.98,1,1,0,157110.97,0
15601759,Iyer,673,Germany,Female,46,7,60377.22,2,1,0,12334.32,0
15601760,Winters,591,France,Male,49,10,58834.58,2,1,0,138280.97,0
15601761,Osei,637,France,Male,37,0,165201.45,1,1,1,77375.39,1
15601762,Thibault,700,France,Male,31,4,94109.44,1,1,1,1000.0,0
15601763,Kessler,735,France,Male,18,4,0.0,1,1,0,44873.33,0
15601764,Abubakar,535,France,Female,47,0,28447.65,1,1,0,69111.3,0
15601765,Reyes,574,France,Male,59,4,0.0,2,0,1,128483.8,0
15601766,Thibault,722,Germany,Female,57,2,70957.91,1,1,1,100542.79,0
15601767,Okafor,707,France,Female,37,3,61469.89,1,0,1,96181.23,0
15601768,Winters,779,France,Male,27,2,0.0,2,1,0,86783.22,0
15601769,Reyes,775,Germany,Male,47,5,118088.99,3,1,1,160050.64,0
15601770,Whitfield,850,Spain,Male,37,4,0.0,2,1,1,45397.62,1
15601771,Aoki,622,Germany,Male,43,8,96691.14,2,0,0,133281.31,0
15601772,Dubois,802,Spain,Male,42,3,156279.84,1,1,0,200000.0,0
15601773,Castellano,562,Germany,Female,39,7,0.0,1,0,0,133969.49,1
15601774,Sorensen,850,Spain,Male,49,5,58795.21,1,1,0,131914.36,0
15601775,Adeyemi,694,Spain,Male,49,3,164762.93,1,0,1,64826.97,0
15601776,Okafor,702,Spain,Male,33,9,107594.54,2,0,1,200000.0,0
15601777,Reyes,745,France,Male,29,8,103268.12,2,0,0,56877.71,0
15601778,Adeyemi,520,France,Male,18,5,138054.02,1,1,1,97751.89,0
15601779,Mendez,547,France,Female,35,5,0.0,1,0,1,1000.0,0
15601780,Hallgren,661,France,Male,27,8,0.0,2,1,1,64744.37,0
15601781,Thibault,683,Germany,Male,43,8,0.0,2,0,1,145729.18,0
15601782,Delacroix,850,France,Female,35,7,0.0,2,1,0,94386.99,0
15601783,Thibault,559,France,Female,36,1,205122.14,3,0,1,162446.76,1
15601784,Iyer,798,France,Female,47,2,0.0,1,0,0,113851.37,1
15601785,Marceau,625,Germany,Male,43,4,115433.19,1,1,0,130244.08,1
15601786,Delacroix,623,France,Female,37,6,199097.04,1,0,1,159310.32,0
15601787,Okonkwo,634,Spain,Male,56,4,146339.65,1,0,0,10855.94,0
15601788,Hargrove,621,Germany,Female,46,9,126520.54,1,1,1,150238.95,0
15601789,Weiss,697,France,Male,34,3,71918.83,2,0,0,80355.19,1
15601790,Kessler,612,Germany,Female,35,5,0.0,1,0,0,73937.34,0
15601791,Dubois,515,France,Female,47,7,0.0,2,0,0,39660.82,1
15601792,Mendez,624,France,Female,41,4,0.0,1,1,1,127543.05,0
15601793,Mendez,694,Spain,Male,27,6,175628.38,2,1,1,109174.83,0
15601794,Renner,515,Germany,Female,48,7,117877.8,2,1,1,150026.98,0
15601795,Castellano,706,France,Female,51,4,83456.96,1,0,1,12687.79,0
15601796,Kowalski,763,Spain,Male,51,10,0.0,1,1,0,161954.97,0
15601797,Okonkwo,792,France,Male,54,5,0.0,2,0,0,130659.15,0
15601798,Weiss,682,Spain,Male,60,8,0.0,2,0,0,50433.15,0
15601799,Thibault,477,Spain,Male,56,7,99562.81,1,0,0,158989.42,0
15601800,Hargrove,712,Spain,Female,42,8,55986.13,1,1,1,123580.95,0
15601801,Marchetti,743,Spain,Male,36,7,165851.39,1,0,1,27527.98,0
15601802,Schmitt,583,France,Female,20,5,98908.07,1,0,1,110692.93,0
15601803,Voss,643,Spain,Female,39,8,0.0,1,1,0,1000.0,0
15601804,Thibault,696,Spain,Female,44,5,78166.72,2,0,1,139804.8,0
15601805,Aoki,822,Spain,Female,39,9,0.0,1,1,1,62210.17,0
15601806,Weiss,625,France,Female,19,5,0.0,2,1,0,4762.35,0
15601807,Kowalski,736,France,Male,36,8,48679.03,2,0,0,1000.0,0
15601808,Schmitt,680,France,Male,45,2,0.0,2,1,0,117645.32,0
15601809,Fairweather,669,France,Female,28,1,0.0,2,0,1,92492.58,0
15601810,Iyer,778,France,Female,40,6,0.0,2,0,1,81026.16,0
15601811,Falk,570,France,Male,43,9,0.0,3,1,1,114376.08,1
15601812,Kessler,672,Spain,Female,50,8,58374.83,2,1,0,100668.02,0
15601813,Lindqvist,653,France,Female,56,3,0.0,2,1,0,142475.03,1
15601814,Girard,505,Germany,Male,35,9,108316.19,1,1,0,99287.67,0
15601815,Laurent,768,Spain,Female,40,7,89885.69,3,0,0,72733.16,1
15601816,Schmitt,730,Germany,Female,41,6,0.0,2,0,1,73743.01,1
15601817,Falk,653,France,Male,45,10,0.0,1,1,1,112361.52,1
15601818,Lindqvist,625,France,Male,44,8,8532.15,1,1,0,126562.5,0
15601819,Marchetti,650,Spain,Male,53,3,126847.76,2,0,0,65877.88,1
15601820,Novak,718,Germany,Female,18,0,120079.55,1,1,0,72341.63,1
15601821,Fairweather,655,France,Male,43,2,124593.82,2,1,1,115248.89,0
15601822,Mendez,586,Spain,Female,43,1,150479.7,3,0,0,118676.31,1
15601823,Kessler,600,Spain,Female,36,2,137577.84,1,0,1,46218.57,1
15601824,Okonkwo,649,Spain,Female,18,5,186238.85,2,1,1,26773.02,0
15601825,Adeyemi,560,France,Male,38,10,170971.93,2,1,1,103048.75,0
15601826,Renner,682,Spain,Male,31,7,114923.25,2,1,1,127422.25,0
15601827,Kowalski,574,France,Male,56,4,119910.86,1,1,1,115720.23,0
15601828,Abubakar,558,Germany,Male,42,2,0.0,2,0,0,19735.48,0
15601829,Fairweather,850,France,Male,30,8,35309.33,1,1,0,119174.74,0
15601830,Duarte,836,France,Male,18,6,0.0,1,1,0,149628.34,0
15601831,Bergstrom,664,Germany,Male,45,0,141267.12,3,1,1,75263.53,1
15601832,Sorensen,732,France,Female,46,5,0.0,2,1,1,62226.88,0
15601833,Fontaine,748,France,Male,36,1,189477.76,2,1,1,167687.14,0
15601834,Rousseau,643,France,Male,45,5,0.0,1,0,1,161348.07,0
15601835,Nakamura,677,France,Female,35,0,105788.39,1,1,1,46098.02,0
15601836,Marchetti,625,France,Male,49,2,104830.53,1,0,1,111400.56,0
15601837,Abubakar,771,France,Female,49,8,103406.35,2,1,1,37272.8,0
15601838,Kessler,772,Germany,Female,22,1,0.0,2,0,1,124902.82,0
15601839,Okonkwo,800,Spain,Male,24,1,98943.28,2,1,0,72250.51,0
15601840,Balogh,676,France,Female,59,2,0.0,2,1,0,43078.68,1
15601841,Odom,850,Spain,Female,48,10,112973.68,1,1,0,17987.55,0
15601842,Schmitt,643,France,Female,26,10,0.0,1,1,1,171599.72,0
15601843,Girard,847,Germany,Male,22,7,126592.22,4,1,1,73140.28,1
15601844,Fairweather,606,France,Male,41,8,0.0,2,1,0,200000.0,1
15601845,Abubakar,525,Spain,Male,27,10,137039.55,2,1,0,181816.64,0
15601846,Girard,845,France,Female,35,3,59852.23,2,1,0,174770.52,0
15601847,Renner,713,Spain,Male,38,4,82640.64,2,0,0,1000.0,1
15601848,Marchetti,700,France,Male,38,0,0.0,2,1,0,92804.21,0
15601849,Fontaine,615,Germany,Male,50,5,85397.2,2,1,0,1000.0,0
15601850,Lindqvist,569,France,Male,57,10,0.0,1,1,0,127272.13,1
15601851,Odom,578,Germany,Male,34,0,3000.0,3,1,0,96816.05,0
15601852,Novak,663,Spain,Male,27,7,0.0,1,1,1,185531.09,0
15601853,Whitfield,636,Germany,Female,42,5,35200.25,1,1,1,39658.28,0
15601854,Okonkwo,464,Germany,Male,55,10,198691.66,1,1,0,127012.68,0
15601855,Schmitt,813,Germany,Male,34,6,0.0,2,0,0,102198.4,1
15601856,Balogh,610,France,Male,47,4,147429.24,2,1,1,98465.75,0
15601857,Balogh,769,France,Female,30,1,127455.21,2,1,1,145276.11,0
15601858,Hargrove,582,France,Female,39,6,58866.02,1,1,1,128084.75,1
15601859,Nakamura,665,France,Male,27,10,90967.84,2,0,0,150133.87,1
15601860,Bergstrom,743,Spain,Female,39,0,0.0,2,1,1,131202.67,0
15601861,Balogh,730,Germany,Female,37,0,145775.67,1,1,0,121306.8,0
15601862,Mendez,624,Germany,Female,45,9,155318.71,1,1,0,57222.82,1
15601863,Bergstrom,699,Spain,Female,57,2,0.0,1,0,1,82238.62,1
15601864,Novak,715,Spain,Male,35,6,141206.57,2,1,1,40205.14,0
15601865,Hallgren,636,Germany,Female,18,6,81756.0,1,0,0,82820.3,0
15601866,Hargrove,543,Germany,Male,36,5,0.0,3,1,0,125654.47,1
15601867,Novak,590,France,Female,42,5,0.0,1,1,0,17777.36,0
15601868,Nakamura,614,Spain,Male,41,7,43297.82,2,1,0,145620.09,0
15601869,Sorensen,653,Germany,Male,37,2,125797.9,1,1,0,84897.04,0
15601870,Sorensen,803,France,Male,54,1,57230.74,1,1,0,91891.59,1
15601871,Adeyemi,737,France,Female,40,10,153393.21,1,1,1,98909.79,0
15601872,Balogh,572,Germany,Female,37,0,55587.7,2,0,0,110113.29,1
15601873,Petrov,826,Germany,Male,31,2,0.0,1,1,0,1000.0,0
15601874,Dubois,642,Germany,Male,21,8,148936.55,1,1,1,94250.0,0
15601875,Kessler,715,Germany,Male,42,6,115363.06,1,0,0,59854.05,0
15601876,Schmitt,560,France,Female,41,3,155081.59,2,1,1,84936.96,0
15601877,Lindqvist,607,France,Male,28,1,0.0,1,1,0,143896.01,0
15601878,Thibault,750,Spain,Male,38,4,190331.27,2,1,0,71412.58,1
15601879,Abubakar,566,Spain,Female,37,0,0.0,1,1,0,55591.22,1
15601880,Whitfield,655,Spain,Female,32,6,92802.25,1,0,1,117961.14,1
15601881,Petrov,695,Spain,Female,30,5,16017.57,2,1,1,32143.94,0
15601882,Laurent,552,France,Female,43,10,0.0,2,1,0,168637.7,0
15601883,Schmitt,479,Spain,Female,36,8,52650.03,1,1,1,200000.0,0
15601884,Mendez,737,France,Male,32,5,42657.25,1,1,0,20518.23,1
15601885,Novak,850,France,Male,30,5,0.0,1,1,0,135874.97,1
15601886,Novak,694,France,Female,37,7,0.0,3,1,0,186039.84,1
15601887,Hargrove,712,France,Male,48,3,124693.99,3,1,1,72840.82,0
15601888,Dubois,565,Germany,Female,41,6,135901.78,4,1,0,66189.01,1
15601889,Sorensen,791,France,Male,36,0,0.0,1,1,1,65315.05,1
15601890,Winters,614,France,Male,42,10,0.0,2,1,0,171074.71,0
15601891,Marceau,762,Germany,Male,52,10,0.0,2,1,0,176413.33,0
15601892,Duarte,708,Spain,Female,44,9,74870.27,2,1,1,85074.83,0
15601893,Duarte,711,France,Female,41,2,121640.51,1,1,0,187385.92,0
15601894,Sorensen,707,France,Male,45,8,122426.11,1,1,0,30729.38,1
15601895,Sorensen,704,France,Male,37,6,0.0,1,1,1,129352.35,0
15601896,Marchetti,677,Spain,Male,40,10,97602.99,1,1,1,50228.7,0
15601897,Fontaine,743,France,Male,34,0,150381.26,3,0,1,109507.63,1
15601898,Schmitt,580,France,Male,23,4,0.0,1,1,0,79774.64,0
15601899,Abubakar,627,France,Female,42,1,129887.15,2,1,0,39755.58,0
15601900,Hargrove,791,Spain,Male,42,10,131416.87,1,1,0,119190.8,1
15601901,Petrov,667,France,Male,36,1,110884.38,1,1,0,30244.55,1
15601902,Petrov,619,Germany,Male,49,0,63199.66,2,1,0,141373.64,0
15601903,Schmitt,749,France,Male,31,1,0.0,1,0,1,142207.39,0
15601904,Winters,730,Spain,Male,20,10,144159.99,2,1,1,106538.18,0
15601905,Marchetti,525,France,Female,31,5,117350.09,1,0,1,82550.11,0
15601906,Kessler,720,France,Female,23,1,0.0,1,1,1,141717.83,0
15601907,Mendez,663,France,Female,42,4,103169.94,2,1,0,146861.13,1
15601908,Rousseau,718,Germany,Male,31,4,0.0,2,1,1,72043.25,0
15601909,Petrov,651,Germany,Female,49,8,63009.93,2,1,0,110138.44,0
15601910,Castellano,695,France,Female,48,2,165301.31,2,0,0,76742.5,1
15601911,Adeyemi,474,France,Female,29,1,81364.01,1,1,1,126446.1,1
15601912,Fairweather,564,Germany,Female,30,8,96012.71,2,1,1,57559.81,0
15601913,Hargrove,721,Spain,Male,44,4,0.0,2,1,1,111876.09,0
15601914,Girard,850,France,Female,48,1,0.0,1,1,0,93997.49,1
15601915,Aoki,685,France,Female,18,4,157593.45,2,1,1,151207.38,0
15601916,Hallgren,583,Spain,Female,41,4,175215.51,2,1,1,68705.82,0
15601917,Bergstrom,663,Spain,Female,18,2,0.0,4,0,0,115581.14,0
15601918,Novak,564,Spain,Female,33,2,102724.24,1,0,1,75669.97,0
15601919,Fontaine,770,Germany,Male,50,1,0.0,2,1,1,12040.33,0
15601920,Sorensen,655,France,Female,69,9,166970.51,2,1,1,85355.97,0
15601921,Nakamura,751,France,Female,36,0,31324.74,1,0,1,136217.59,0
15601922,Okafor,635,France,Female,26,5,170351.61,1,1,0,138057.92,1
15601923,Schmitt,760,France,Female,33,0,3000.0,1,1,1,64359.35,0
15601924,Dubois,494,France,Male,39,8,0.0,1,1,0,156495.68,1
15601925,Winters,652,France,Male,32,4,0.0,1,0,1,173161.58,0
15601926,Novak,702,France,Male,29,10,134997.08,2,0,1,46740.78,0
15601927,Voss,624,Spain,Female,34,0,124343.17,1,0,0,107716.51,1
15601928,Novak,685,France,Female,43,3,0.0,2,0,1,161195.8,0
15601929,Dubois,683,France,Female,37,4,0.0,1,0,1,174895.23,0
15601930,Kessler,751,Spain,Female,30,0,0.0,1,1,0,112180.36,0
15601931,Falk,710,Spain,Female,32,4,0.0,2,1,0,163932.28,0
15601932,Schmitt,688,Germany,Male,34,5,158527.69,2,1,0,175001.26,0
15601933,Petrov,734,Germany,Female,28,4,112285.41,1,1,0,132897.52,1
15601934,Adeyemi,520,Spain,Female,31,5,0.0,2,1,1,84191.47,0
15601935,Marchetti,578,France,Female,45,2,0.0,2,1,1,121386.44,0
15601936,Schmitt,517,France,Female,36,2,98762.3,1,1,1,61416.91,0
15601937,Iyer,703,Spain,Female,21,5,94707.28,1,1,1,64533.31,0
15601938,Schmitt,690,France,Male,49,7,134155.85,1,1,1,11549.69,0
15601939,Duarte,783,France,Female,43,4,0.0,1,1,1,150501.12,0
15601940,Thibault,684,France,Male,24,5,0.0,1,0,0,160901.02,1
15601941,Fairweather,589,France,Male,35,10,123192.06,2,0,0,1000.0,0
15601942,Voss,663,France,Male,30,7,20192.5,1,1,1,72731.64,0
15601943,Duarte,470,France,Male,45,0,125752.97,2,1,1,65066.65,0
15601944,Duarte,611,Germany,Male,35,3,65483.55,2,0,1,129547.2,0
15601945,Delacroix,425,Germany,Female,38,0,110624.08,1,1,1,99418.65,1
15601946,Castellano,682,France,Male,37,9,104376.32,2,1,1,137202.87,0
15601947,Novak,623,Germany,Male,23,9,0.0,2,1,1,101477.27,0
15601948,Okonkwo,637,France,Male,53,5,0.0,1,1,1,115381.54,0
15601949,Iyer,561,Germany,Male,45,2,0.0,1,1,0,102561.42,1
15601950,Kessler,586,Germany,Female,31,7,207479.97,2,1,0,167332.92,1
15601951,Kowalski,716,France,Male,40,2,0.0,2,1,1,43352.81,0
15601952,Balogh,512,Germany,Male,48,8,180283.18,2,1,0,56696.61,0
15601953,Fairweather,699,Germany,Female,39,9,181670.03,2,1,0,49954.49,1
15601954,Kowalski,572,Germany,Female,54,1,128866.91,2,1,1,125386.6,0
15601955,Weiss,489,Germany,Female,68,5,134938.49,2,1,1,6192.13,0
15601956,Lindqvist,768,Spain,Female,37,1,159535.99,1,0,0,1000.0,0
15601957,Aoki,778,France,Male,33,6,0.0,2,1,1,139332.82,1
15601958,Okafor,598,Germany,Female,28,7,0.0,1,0,1,20544.41,1
15601959,Osei,597,Spain,Male,18,0,0.0,1,1,1,48321.32,0
15601960,Adeyemi,626,Spain,Male,51,10,126621.29,2,1,1,21551.72,0
15601961,Laurent,572,France,Male,35,2,88545.5,1,0,0,58658.14,0
15601962,Fontaine,589,Spain,Female,47,5,75889.71,1,1,1,200000.0,0
15601963,Okonkwo,693,France,Male,49,2,0.0,1,1,1,80591.71,1
15601964,Sorensen,849,Spain,Male,27,9,0.0,1,1,0,98648.86,0
15601965,Marchetti,616,France,Male,29,8,80014.8,1,1,1,41509.63,0
15601966,Odom,748,Spain,Female,56,10,0.0,2,1,0,93197.81,1
15601967,Osei,684,Germany,Male,38,4,117363.88,1,0,0,155991.0,0
15601968,Aoki,489,France,Male,32,6,73188.05,2,1,0,105888.35,1
15601969,Hargrove,648,Spain,Male,28,6,136584.05,1,1,1,200000.0,0
15601970,Iyer,636,France,Female,37,2,210389.04,1,1,0,55613.81,0
15601971,Renner,791,Germany,Male,54,10,174476.91,2,0,1,1000.0,0
15601972,Odom,794,Spain,Female,45,9,0.0,1,1,1,123131.74,0
15601973,Marceau,686,France,Male,40,10,97042.4,1,0,0,124095.67,0
15601974,Renner,767,France,Male,55,5,48466.7,2,1,0,103861.09,0
15601975,Dubois,636,France,Male,53,1,121753.55,1,1,1,21420.02,1
15601976,Bergstrom,757,France,Male,42,1,0.0,1,1,0,68475.9,0
15601977,Thibault,660,Germany,Male,67,6,120698.18,1,1,0,111404.35,1
15601978,Marceau,755,Spain,Male,36,9,59530.9,1,0,0,114322.89,1
15601979,Kowalski,765,France,Female,50,7,0.0,2,1,1,138580.45,0
15601980,Schmitt,719,Germany,Male,34,8,159789.45,1,0,1,42995.3,0
15601981,Mendez,579,France,Male,48,8,0.0,1,0,0,1000.0,1
15601982,Odom,610,Germany,Male,36,9,68595.84,2,1,1,89618.22,0
15601983,Balogh,722,France,Male,43,10,47802.97,1,1,0,135839.11,0
15601984,Marceau,736,Spain,Male,63,3,0.0,2,0,1,23986.68,0
15601985,Okonkwo,665,Germany,Male,48,8,105871.97,1,1,1,191264.55,0
15601986,Duarte,620,France,Male,43,3,0.0,1,1,1,80283.05,0
15601987,Marchetti,668,Spain,Male,31,7,96586.58,2,1,1,165206.68,0
15601988,Castellano,623,Germany,Female,40,0,0.0,1,0,0,200000.0,1
15601989,Aoki,624,France,Female,28,0,82632.94,4,1,1,6126.92,0
15601990,Duarte,838,France,Female,48,2,90601.35,2,0,0,128128.97,0
15601991,Winters,604,Spain,Male,47,5,125715.7,1,1,0,200000.0,1
15601992,Laurent,699,France,Female,37,10,116477.89,1,1,1,74026.72,0
15601993,Hargrove,665,France,Male,55,6,174760.99,1,1,1,200000.0,0
15601994,Nakamura,532,France,Male,54,6,121890.87,1,1,0,157183.44,0
15601995,Odom,529,Germany,Female,40,7,152240.61,1,0,1,81026.33,1
15601996,Delacroix,642,France,Male,44,9,0.0,1,1,0,97906.05,1
15601997,Renner,463,France,Male,32,6,119590.63,2,0,1,9353.59,0
15601998,Thibault,826,Germany,Female,36,8,93379.3,2,1,1,60833.27,0
15601999,Fairweather,615,Spain,Female,28,4,148194.6,1,1,0,138310.17,0
15602000,Thibault,607,Germany,Male,34,10,124705.26,1,1,1,84232.48,1
15602001,Bergstrom,767,France,Male,37,5,0.0,1,0,1,119909.73,0
15602002,Sorensen,636,Germany,Male,22,9,0.0,3,1,0,166426.31,0
15602003,Kessler,713,Spain,Female,44,10,76434.83,1,0,0,164253.01,1
15602004,Reyes,595,France,Male,49,9,129061.14,2,1,0,122626.84,1
15602005,Duarte,654,Germany,Male,38,3,0.0,1,0,1,68062.61,0
15602006,Laurent,743,France,Male,18,4,0.0,2,0,0,110340.64,1
15602007,Winters,567,France,Female,36,8,130663.25,1,0,1,113624.58,1
15602008,Rousseau,701,France,Female,24,10,0.0,1,1,0,63239.97,0
15602009,Okafor,418,Spain,Male,32,6,134526.98,1,0,1,121660.65,0
15602010,Winters,771,France,Female,53,8,0.0,3,1,0,53541.02,1
15602011,Castellano,597,France,Male,18,4,0.0,1,1,0,99030.6,0
15602012,Rousseau,642,France,Female,30,9,0.0,1,1,0,65865.22,1
15602013,Marchetti,641,France,Male,47,4,0.0,1,1,0,72899.11,0
15602014,Hallgren,556,France,Male,31,6,146951.48,2,1,1,152778.49,0
15602015,Odom,549,Spain,Male,31,5,0.0,1,0,1,152384.42,0
15602016,Castellano,700,France,Female,59,9,134382.09,1,1,1,90278.65,1
15602017,Schmitt,705,France,Female,42,8,0.0,1,0,1,172634.74,0
15602018,Novak,565,Spain,Female,48,9,148664.66,1,1,1,142762.04,0
15602019,Thibault,702,France,Male,44,1,0.0,2,1,1,134229.79,0
15602020,Falk,704,Spain,Male,40,2,0.0,1,0,1,95926.41,0
15602021,Reyes,614,France,Male,51,10,174683.2,1,1,0,138419.44,0
15602022,Okonkwo,526,France,Male,58,1,83572.95,3,1,1,75311.57,0
15602023,Okonkwo,646,France,Male,21,8,26831.33,2,0,1,113195.44,0
15602024,Lindqvist,685,France,Female,38,6,0.0,2,1,0,171486.13,0
15602025,Nakamura,644,France,Female,38,3,86070.68,1,1,1,153202.16,0
15602026,Duarte,593,Germany,Female,34,0,130453.67,2,1,1,66653.18,0
15602027,Balogh,695,France,Male,49,0,136612.28,2,0,0,163647.63,1
15602028,Balogh,771,Spain,Male,41,9,91127.65,1,0,0,30355.09,0
15602029,Castellano,576,Spain,Male,58,1,0.0,1,0,0,98565.87,0
15602030,Dubois,621,France,Male,50,8,0.0,1,1,0,166207.31,1
15602031,Adeyemi,850,Spain,Female,52,1,0.0,2,1,1,54308.14,0
15602032,Rousseau,678,France,Female,26,4,0.0,2,0,1,118913.18,1
15602033,Reyes,528,France,Male,30,1,99102.25,2,1,1,126986.42,0
15602034,Okonkwo,604,France,Male,31,7,17273.44,3,1,1,174416.92,1
15602035,Falk,577,Germany,Female,52,1,0.0,1,0,1,72123.17,0
15602036,Dubois,687,Germany,Male,29,6,0.0,1,0,0,148709.62,1
15602037,Iyer,680,France,Male,29,10,106376.64,1,0,0,60142.42,0
15602038,Mendez,589,Spain,Female,27,8,150347.03,3,1,1,79761.73,0
15602039,Fontaine,828,Germany,Female,67,7,124840.06,2,0,1,100595.86,0
15602040,Novak,658,France,Male,37,9,122023.14,1,1,0,93273.85,0
15602041,Okafor,606,Germany,Female,44,9,88289.79,4,1,0,156166.63,1
15602042,Rousseau,533,Spain,Female,27,8,0.0,2,1,0,200000.0,0
15602043,Rousseau,564,Germany,Male,48,6,137427.22,1,1,0,100387.28,0
15602044,Fontaine,530,Germany,Male,20,4,79770.39,1,1,1,102189.51,0
15602045,Nakamura,632,France,Female,29,6,55457.66,2,1,0,198520.09,0
15602046,Bergstrom,565,France,Female,31,1,151414.97,3,1,1,200000.0,0
15602047,Reyes,725,Spain,Male,41,9,204585.28,1,1,0,91776.24,0
15602048,Iyer,594,France,Male,30,9,0.0,2,0,1,118837.62,0
15602049,Falk,731,France,Female,54,2,3000.0,1,0,0,23491.11,0
15602050,Okafor,697,Germany,Male,44,8,0.0,1,1,0,56626.62,0
15602051,Laurent,712,France,Male,31,7,0.0,3,1,1,6918.49,1
15602052,Kowalski,736,France,Male,49,9,202033.05,2,1,0,82829.06,0
15602053,Aoki,841,Germany,Male,34,9,0.0,3,1,1,196717.42,1
15602054,Marchetti,568,France,Female,32,8,55586.23,1,0,0,50588.91,0
15602055,Odom,731,France,Female,48,10,109497.06,1,0,1,63889.47,1
15602056,Sorensen,688,Germany,Male,18,3,91915.12,2,1,1,127507.28,0
15602057,Duarte,752,France,Female,46,4,0.0,1,1,0,9762.75,1
15602058,Delacroix,661,France,Male,31,1,159155.83,2,0,1,119282.1,0
15602059,Kowalski,763,France,Male,31,9,0.0,1,1,1,1000.0,0
15602060,Whitfield,526,Germany,Male,58,3,0.0,1,1,0,85088.06,0
15602061,Mendez,554,France,Female,33,5,0.0,1,1,1,10431.49,0
15602062,Delacroix,595,Spain,Female,48,1,50468.64,1,0,1,58159.16,0
15602063,Rousseau,643,France,Female,41,2,0.0,1,1,0,93459.09,0
15602064,Thibault,654,France,Male,42,7,238671.91,1,1,1,93846.95,0
15602065,Abubakar,579,Germany,Male,36,2,130484.47,4,1,1,89058.93,1
15602066,Nakamura,555,Spain,Male,35,5,79147.74,1,1,1,200000.0,0
15602067,Okafor,587,Germany,Female,54,4,125196.5,2,1,0,142064.16,0
15602068,Hargrove,486,France,Male,48,6,0.0,1,1,0,3892.54,0
15602069,Okafor,622,Spain,Female,33,2,0.0,1,1,0,20485.84,1
15602070,Fontaine,644,Germany,Female,28,5,176021.6,2,1,0,177503.11,1
15602071,Hargrove,692,France,Male,33,0,68739.24,2,1,1,100714.67,0
15602072,Delacroix,666,France,Male,49,5,0.0,1,0,1,173321.19,0
15602073,Falk,822,Germany,Male,51,1,67490.49,1,0,1,159920.43,0
15602074,Rousseau,728,France,Female,44,8,0.0,2,1,0,84506.92,1
15602075,Delacroix,721,Spain,Female,22,9,114121.56,1,1,0,109662.98,0
15602076,Falk,685,Germany,Male,46,4,0.0,1,0,1,66747.05,0
15602077,Bergstrom,701,France,Female,52,9,126532.37,1,1,0,155289.01,1
15602078,Thibault,629,France,Male,40,4,143637.49,1,1,1,108115.4,0
15602079,Lindqvist,660,France,Male,59,9,50869.26,3,1,0,170936.74,1
15602080,Voss,834,France,Female,25,5,0.0,1,1,1,61559.67,0
15602081,Nakamura,643,France,Female,45,6,86477.12,1,1,0,84955.18,0
15602082,Odom,522,Spain,Male,28,4,0.0,1,0,0,69058.86,0
15602083,Weiss,717,France,Female,49,10,0.0,1,1,0,187097.09,1
15602084,Aoki,734,Spain,Female,45,7,0.0,3,0,1,98193.25,0
15602085,Voss,665,France,Female,57,5,160985.8,1,1,1,94074.56,0
15602086,Aoki,470,France,Female,44,8,0.0,1,0,1,89194.36,0
15602087,Rousseau,774,France,Male,34,5,146584.26,2,1,1,167682.39,0
15602088,Voss,672,Spain,Male,33,9,0.0,2,1,1,200000.0,0
15602089,Hargrove,620,France,Female,36,5,172476.87,1,0,0,200000.0,1
15602090,Sorensen,764,France,Male,33,8,0.0,1,1,1,141075.36,0
15602091,Hargrove,456,Germany,Male,52,2,0.0,1,0,1,45352.74,0
15602092,Laurent,661,Spain,Male,52,6,41819.09,1,0,1,66377.01,0
15602093,Laurent,598,France,Male,23,6,91345.07,1,0,1,117256.49,1
15602094,Delacroix,793,Germany,Male,39,5,0.0,2,1,0,1000.0,1
15602095,Adeyemi,673,France,Male,39,4,169005.92,2,1,0,62712.25,0
15602096,Girard,567,France,Male,31,0,98812.52,2,1,1,150234.49,0
15602097,Aoki,759,France,Male,43,10,107678.68,1,1,0,7869.05,0
15602098,Petrov,414,France,Female,53,2,0.0,2,1,1,130522.54,0
15602099,Abubakar,699,France,Female,48,1,41485.4,1,1,1,68240.3,1
15602100,Balogh,529,Spain,Male,52,8,0.0,2,0,0,63144.85,0
15602101,Kessler,606,France,Male,31,0,137100.85,1,0,1,133556.9,0
15602102,Reyes,627,Germany,Male,39,8,158679.47,2,1,1,190730.25,0
15602103,Kessler,737,Germany,Female,31,3,24388.81,1,1,0,95918.47,0
15602104,Weiss,850,Spain,Female,41,7,177938.82,2,1,0,178929.18,1
15602105,Fontaine,479,Spain,Female,42,2,0.0,1,1,1,119119.09,0
15602106,Fontaine,693,Spain,Female,48,7,0.0,2,1,1,34831.99,0
15602107,Okafor,850,Germany,Male,52,10,3000.0,1,0,0,163315.89,1
15602108,Petrov,595,France,Male,46,5,0.0,1,1,1,175336.67,0
15602109,Voss,589,France,Male,30,6,108324.42,2,1,1,122782.39,0
15602110,Reyes,673,Spain,Male,25,6,100966.67,2,1,1,26559.68,0
15602111,Osei,730,Spain,Male,44,3,107085.94,2,1,1,14940.77,0
15602112,Aoki,713,France,Female,54,6,82194.76,1,1,1,127136.83,1
15602113,Whitfield,616,Spain,Male,38,7,0.0,2,1,0,127018.61,0
15602114,Sorensen,573,France,Female,23,0,0.0,2,0,1,140662.95,0
15602115,Aoki,776,Germany,Male,60,4,113340.97,1,1,0,1000.0,1
15602116,Marceau,576,France,Male,43,5,177570.39,1,1,0,50209.18,1
15602117,Thibault,466,France,Female,40,2,167342.88,1,1,1,67040.3,1
15602118,Mendez,510,France,Male,27,5,0.0,2,1,0,161744.0,0
15602119,Kowalski,595,France,Male,39,4,87564.24,1,1,1,101267.99,0
15602120,Duarte,793,France,Male,46,6,0.0,1,0,1,165378.31,0
15602121,Reyes,536,France,Female,44,3,146044.88,2,0,1,43308.51,0
15602122,Rousseau,796,France,Male,32,9,0.0,2,1,0,1000.0,0
15602123,Okonkwo,775,France,Female,38,7,0.0,1,1,0,148563.79,0
15602124,Hallgren,672,France,Female,32,6,0.0,2,1,0,87379.75,0
15602125,Weiss,405,France,Female,55,8,0.0,2,1,1,103028.51,1
15602126,Dubois,536,France,Male,48,0,216082.42,1,1,0,28610.21,1
15602127,Renner,589,France,Female,33,2,69950.6,3,0,1,108024.33,1
15602128,Renner,816,France,Male,27,1,81660.93,2,1,0,112188.13,0
15602129,Adeyemi,595,France,Female,41,6,0.0,1,1,1,101287.63,0
15602130,Voss,576,France,Male,33,3,93491.75,1,1,0,138538.16,0
15602131,Mendez,668,Germany,Male,34,7,0.0,1,1,0,145366.49,1
15602132,Delacroix,515,Germany,Male,27,10,112151.52,1,1,0,172644.51,0
15602133,Duarte,648,Germany,Female,28,4,114116.6,2,1,1,104244.54,0
15602134,Petrov,573,Spain,Female,40,3,0.0,1,0,1,197409.31,0
15602135,Voss,850,Spain,Male,36,5,36131.59,1,0,1,26458.23,0
15602136,Kowalski,562,France,Male,64,5,149407.19,2,0,1,154006.78,0
15602137,Dubois,835,Germany,Female,45,3,118732.63,2,1,1,102735.87,0
15602138,Sorensen,541,Germany,Female,27,3,76860.93,3,1,1,94063.28,0
15602139,Hargrove,675,Germany,Female,23,4,118588.43,1,1,0,74624.67,0
15602140,Girard,698,Germany,Male,43,5,0.0,1,1,1,131741.23,0
15602141,Castellano,664,France,Female,34,4,3000.0,2,1,0,200000.0,1
15602142,Reyes,658,Germany,Female,52,5,180740.23,1,0,0,176145.18,1
15602143,Duarte,733,Germany,Male,41,3,0.0,1,1,1,152258.68,0
15602144,Sorensen,690,France,Male,18,6,0.0,1,0,0,92392.68,1
15602145,Renner,633,Germany,Male,28,5,74209.6,3,1,1,194481.07,1
15602146,Hargrove,585,France,Male,32,2,0.0,2,1,1,124591.17,0
15602147,Balogh,634,Germany,Female,43,8,145223.49,1,1,0,40045.48,0
15602148,Fairweather,633,Germany,Male,28,9,131441.31,2,0,1,53488.96,0
15602149,Marceau,631,France,Male,40,4,133793.68,2,0,1,193360.88,0
15602150,Adeyemi,657,Spain,Male,25,5,130699.02,3,1,1,165088.77,0
15602151,Adeyemi,515,France,Female,39,10,58758.85,2,1,1,173030.54,0
15602152,Whitfield,551,Germany,Female,42,3,0.0,3,1,1,109340.11,1
15602153,Winters,730,Germany,Male,53,2,0.0,2,0,0,51150.39,0
15602154,Bergstrom,434,Spain,Female,41,3,0.0,2,1,0,1000.0,1
15602155,Aoki,765,Germany,Male,30,4,126200.02,1,1,1,52192.0,1
15602156,Thibault,596,France,Female,54,4,79602.84,3,1,1,15629.8,0
15602157,Marchetti,810,France,Female,37,6,161461.28,1,1,0,200000.0,1
15602158,Osei,768,France,Male,46,3,63668.82,2,1,0,68085.78,0
15602159,Delacroix,619,France,Female,32,5,186042.14,1,1,1,68117.51,0
15602160,Thibault,629,France,Male,39,1,0.0,1,0,0,67686.37,1
15602161,Mendez,803,France,Female,30,10,0.0,1,1,0,1000.0,1
15602162,Novak,772,France,Male,42,3,113509.32,1,1,1,1000.0,0
15602163,Mendez,743,France,Female,47,3,122630.97,2,1,1,193091.99,0
15602164,Odom,760,Germany,Male,33,1,116852.67,1,1,1,200000.0,0
15602165,Balogh,546,France,Male,33,4,45859.97,2,1,1,168648.59,0
15602166,Iyer,670,Germany,Male,42,10,133077.37,4,1,0,129801.7,1
15602167,Voss,576,France,Female,30,6,160967.57,2,0,0,30508.52,0
15602168,Osei,543,France,Male,23,7,107945.79,2,0,1,174391.13,0
15602169,Rousseau,666,Spain,Female,42,6,34692.23,2,1,0,100763.75,0
15602170,Thibault,610,France,Male,37,3,101434.62,1,1,1,131264.3,0
15602171,Okafor,634,France,Female,37,8,55356.51,1,1,1,117411.98,0
15602172,Balogh,602,Spain,Male,44,3,15415.18,2,0,1,145136.15,0
15602173,Iyer,530,France,Female,45,8,0.0,1,1,1,156434.48,0
15602174,Schmitt,813,France,Female,37,10,193206.59,1,0,0,92139.69,0
15602175,Okafor,665,Spain,Male,27,0,107872.88,1,1,1,160473.53,0
15602176,Reyes,512,France,Male,32,1,98347.52,2,0,0,83550.79,1
15602177,Aoki,667,Germany,Female,44,8,147500.76,1,1,0,158702.46,1
15602178,Bergstrom,796,France,Male,40,1,142555.26,2,1,1,160175.95,0
15602179,Petrov,742,Germany,Male,33,7,38709.14,1,1,0,3191.41,0
15602180,Okafor,600,Germany,Male,30,2,205453.7,2,0,0,102579.71,0
15602181,Castellano,603,Germany,Female,45,6,0.0,1,1,1,1000.0,0
15602182,Fairweather,558,Germany,Female,36,7,157333.88,2,1,1,12049.73,1
15602183,Girard,579,France,Female,46,3,0.0,2,0,0,104078.91,0
15602184,Bergstrom,587,Spain,Female,47,9,14240.2,1,1,0,92502.03,0
15602185,Laurent,509,France,Male,35,9,106156.02,1,1,1,85459.68,0
15602186,Thibault,607,Germany,Male,48,2,0.0,2,1,0,138293.39,0
15602187,Lindqvist,683,Spain,Male,40,8,0.0,3,1,0,78767.49,1
15602188,Marchetti,610,France,Male,41,7,0.0,1,1,1,33354.68,0
15602189,Castellano,671,Germany,Male,18,2,113328.11,2,1,1,12063.04,1
15602190,Lindqvist,806,France,Female,29,8,0.0,1,1,1,4901.13,0
15602191,Dubois,826,Spain,Male,29,3,133257.91,4,1,0,49903.55,1
15602192,Lindqvist,643,Spain,Male,35,2,86952.06,2,0,1,57535.33,0
15602193,Odom,734,France,Male,40,7,22995.8,3,1,1,181897.23,1
15602194,Castellano,634,Spain,Male,40,1,36649.84,1,1,1,110266.12,0
15602195,Castellano,603,Germany,Male,41,10,74138.13,1,1,0,41795.14,1
15602196,Nakamura,543,France,Male,32,4,41493.27,1,1,1,148707.26,0
15602197,Hallgren,658,Spain,Male,46,5,108227.17,1,1,1,146567.13,0
15602198,Whitfield,754,France,Male,57,7,73873.81,1,1,1,75449.23,0
15602199,Schmitt,528,Spain,Female,35,9,47360.36,1,0,0,174059.24,0
15602200,Schmitt,622,France,Female,32,8,0.0,1,0,1,160146.01,0
15602201,Nakamura,618,Germany,Female,32,4,0.0,1,1,0,82662.62,1
15602202,Voss,674,Germany,Female,39,8,109178.83,1,1,1,97848.68,1
15602203,Delacroix,675,France,Female,33,4,75305.47,1,1,0,80441.73,0
15602204,Weiss,702,France,Male,21,5,113286.89,1,1,0,131871.25,0
15602205,Schmitt,832,Spain,Female,24,7,108131.14,2,1,0,1000.0,0
15602206,Rousseau,566,Spain,Male,49,6,0.0,2,1,1,155050.29,0
15602207,Abubakar,561,France,Male,52,0,144364.56,1,1,1,18260.85,0
15602208,Petrov,674,France,Male,55,0,38334.15,1,1,0,63322.94,1
15602209,Renner,789,France,Male,41,1,0.0,4,0,0,200000.0,1
15602210,Winters,510,Germany,Female,28,0,131627.9,1,0,0,82207.26,1
15602211,Fairweather,682,France,Male,34,8,102111.17,2,0,1,121855.26,0
15602212,Novak,631,Germany,Female,23,2,71601.12,1,1,0,126106.47,1
15602213,Laurent,732,France,Female,23,2,0.0,1,1,0,122795.68,1
15602214,Lindqvist,710,Germany,Male,41,3,0.0,2,0,0,77713.74,1
15602215,Thibault,655,France,Male,44,1,0.0,2,1,0,127951.79,0
15602216,Schmitt,697,France,Male,58,9,142491.79,2,1,1,98312.54,0
15602217,Winters,587,Germany,Male,38,0,0.0,2,1,1,2168.96,0
15602218,Dubois,727,Germany,Female,25,2,0.0,3,1,0,35479.31,1
15602219,Thibault,783,France,Female,37,2,177161.83,1,1,1,92869.5,0
15602220,Girard,660,France,Female,36,0,135747.68,1,0,0,132255.87,1
15602221,Aoki,611,France,Male,33,2,0.0,1,1,1,133134.33,0
15602222,Mendez,636,France,Female,42,2,76964.09,2,1,0,112847.17,1
15602223,Hallgren,726,France,Female,26,3,0.0,1,0,0,102255.87,0
15602224,Sorensen,646,Germany,Male,40,1,0.0,2,1,1,94594.73,0
15602225,Lindqvist,535,France,Male,45,10,159162.33,1,1,1,120831.82,0
15602226,Iyer,741,Spain,Male,53,8,74772.85,1,1,1,46161.1,0
15602227,Osei,556,France,Male,42,7,200101.11,1,0,1,104104.71,0
15602228,Adeyemi,691,France,Female,49,6,0.0,4,1,1,153050.0,1
15602229,Weiss,471,Spain,Female,34,7,131702.38,2,1,0,107708.49,0
15602230,Odom,660,France,Male,35,10,0.0,1,0,1,44705.97,1
15602231,Voss,643,Spain,Female,52,1,145274.27,2,1,1,43810.18,0
15602232,Okonkwo,461,France,Male,25,5,100983.7,1,1,1,175176.84,0
15602233,Falk,682,Germany,Male,34,2,83795.57,3,0,1,93107.26,1
15602234,Dubois,544,Spain,Female,50,4,79204.03,1,1,0,17842.84,0
15602235,Castellano,658,Germany,Female,36,9,0.0,1,1,1,42713.73,0
15602236,Fairweather,610,France,Female,36,6,112494.62,1,1,1,4109.14,0
15602237,Lindqvist,508,France,Male,36,6,103651.33,3,1,1,5984.97,0
15602238,Marceau,550,France,Female,40,1,46319.85,3,0,1,117051.59,0
15602239,Hargrove,557,Spain,Female,50,8,0.0,1,1,0,66560.55,1
15602240,Sorensen,744,France,Female,48,7,0.0,2,0,1,29480.74,0
15602241,Marchetti,730,France,Male,39,3,40799.08,2,1,1,171197.27,0
15602242,Voss,850,France,Male,50,3,106338.11,1,0,1,83435.84,0
15602243,Sorensen,601,France,Female,42,6,194915.81,1,1,0,101469.91,0
15602244,Winters,598,France,Female,47,8,73131.3,1,1,0,142502.17,1
15602245,Hallgren,663,France,Female,28,5,133983.84,2,1,0,13615.16,1
15602246,Weiss,616,France,Male,56,9,0.0,3,1,0,25862.49,1
15602247,Nakamura,594,Spain,Female,41,2,144912.68,1,1,0,101231.99,0
15602248,Marceau,655,France,Male,18,7,0.0,1,0,0,1000.0,0
15602249,Laurent,718,France,Male,55,9,22507.56,1,1,1,200000.0,1
15602250,Reyes,447,Spain,Male,39,7,121543.94,1,0,1,121829.58,0
15602251,Odom,595,Germany,Male,34,3,0.0,1,1,0,93141.91,1
15602252,Schmitt,515,France,Female,32,5,110011.36,1,1,0,127154.28,1
15602253,Okonkwo,635,Spain,Male,43,5,0.0,1,1,0,137534.98,0
15602254,Petrov,692,Germany,Male,29,3,0.0,1,1,0,118835.17,1
15602255,Duarte,757,Spain,Female,33,1,57635.61,2,1,0,146993.44,0
15602256,Hargrove,608,Germany,Female,33,2,61041.24,1,1,1,166916.92,1
15602257,Petrov,660,Germany,Male,36,7,218280.59,3,1,0,199937.51,1
15602258,Kowalski,489,France,Male,33,2,0.0,2,1,1,51728.66,0
15602259,Rousseau,567,France,Female,47,8,173332.16,2,1,0,28061.5,1
15602260,Schmitt,670,Spain,Male,41,8,60248.21,2,0,1,27939.13,0
15602261,Girard,520,Germany,Male,43,4,0.0,1,0,0,111828.29,0
15602262,Renner,769,France,Male,45,4,0.0,2,1,1,1000.0,0
15602263,Lindqvist,700,France,Male,38,10,0.0,3,1,1,19163.84,0
15602264,Delacroix,563,Spain,Female,28,0,40094.25,2,1,1,130158.85,0
15602265,Whitfield,508,France,Male,57,2,95148.67,1,1,0,71856.06,1
15602266,Kessler,581,Germany,Male,48,7,110706.59,2,1,0,91474.09,1
15602267,Castellano,564,Spain,Male,55,9,0.0,1,1,0,191720.74,0
15602268,Delacroix,533,Spain,Male,49,5,114363.0,1,1,1,157820.04,0
15602269,Rousseau,515,Germany,Male,34,7,104056.56,1,0,1,113394.65,0
15602270,Renner,628,Spain,Female,18,2,0.0,1,1,0,39162.41,0
15602271,Thibault,720,Spain,Male,26,10,191016.79,2,1,1,88370.53,0
15602272,Okonkwo,582,Germany,Male,45,6,146933.2,2,1,1,49009.2,0
15602273,Kessler,693,Germany,Male,37,8,80694.28,2,1,1,83659.4,0
15602274,Renner,619,Germany,Female,34,1,0.0,2,1,1,45629.16,0
15602275,Fontaine,709,France,Male,18,5,0.0,2,1,0,103312.61,0
15602276,Fairweather,574,Spain,Female,38,8,34809.71,1,1,0,80380.92,1
15602277,Abubakar,677,France,Female,27,4,108940.7,1,0,1,44962.91,0
15602278,Reyes,662,Germany,Male,31,10,158895.86,1,0,1,25839.17,0
15602279,Delacroix,781,Spain,Female,47,9,0.0,1,0,0,191228.14,0
15602280,Petrov,704,France,Male,28,1,175680.49,2,0,0,56770.09,0
15602281,Balogh,675,France,Female,29,9,0.0,1,1,0,158364.35,1
15602282,Mendez,509,France,Female,40,4,0.0,3,0,1,90588.86,0
15602283,Nakamura,600,Spain,Male,47,6,132115.96,1,0,1,103033.51,0
15602284,Whitfield,573,France,Female,34,4,34026.47,3,1,0,103877.04,0
15602285,Castellano,571,France,Male,53,7,68318.35,2,1,1,80470.61,0
15602286,Duarte,651,Germany,Female,25,4,0.0,2,1,1,96895.15,0
15602287,Marchetti,673,Germany,Female,24,5,0.0,1,1,0,129031.53,1
15602288,Duarte,677,France,Female,23,6,131322.72,1,1,0,23919.95,1
15602289,Girard,771,France,Male,22,2,46270.32,2,1,0,86491.77,0
15602290,Renner,696,Germany,Female,42,4,90758.14,3,0,1,98957.78,0
15602291,Dubois,532,Spain,Female,29,0,134440.07,1,1,0,135074.77,0
15602292,Adeyemi,669,Spain,Male,24,0,99443.51,2,1,1,73403.2,0
15602293,Laurent,706,France,Female,42,7,94192.07,1,1,1,85466.63,0
15602294,Delacroix,771,France,Female,47,3,0.0,1,1,0,142142.68,1
15602295,Delacroix,635,France,Female,49,7,182073.87,2,1,0,4130.18,0
15602296,Whitfield,636,Spain,Female,47,8,172807.93,1,1,0,161778.09,1
15602297,Odom,754,France,Male,29,7,96987.88,1,0,1,48281.44,0
15602298,Falk,667,France,Male,41,4,0.0,1,1,1,157952.34,0
15602299,Falk,497,Spain,Male,44,6,96543.58,1,1,0,169471.76,0
15602300,Lindqvist,476,Germany,Male,34,8,0.0,1,1,0,77093.39,0
15602301,Duarte,827,Germany,Male,40,3,92554.48,1,1,0,154836.47,0
15602302,Fairweather,485,France,Female,26,4,15827.94,1,1,0,76455.87,1
15602303,Mendez,634,France,Male,32,2,136124.75,1,0,0,55845.79,0
15602304,Reyes,735,France,Female,42,2,0.0,1,0,0,119763.66,0
15602305,Reyes,481,France,Male,54,0,91734.11,1,1,1,147918.6,0
15602306,Fontaine,546,Spain,Male,50,0,0.0,1,0,1,42168.23,0
15602307,Dubois,530,France,Female,45,1,84887.86,1,0,0,1000.0,1
15602308,Hargrove,823,Spain,Female,39,8,0.0,1,1,0,109420.49,1
15602309,Thibault,844,Germany,Male,38,6,45048.97,1,0,1,192324.78,0
15602310,Osei,580,Germany,Female,24,0,125818.7,1,1,1,96579.4,1
15602311,Okafor,706,France,Male,30,8,0.0,2,1,1,172342.15,1
15602312,Dubois,680,France,Male,30,8,108346.33,1,0,1,161285.66,0
15602313,Delacroix,623,France,Male,44,9,150077.05,1,1,1,149471.8,0
15602314,Bergstrom,494,France,Female,48,10,0.0,2,0,0,88964.17,0
15602315,Rousseau,850,France,Male,46,0,0.0,1,0,0,60789.12,0
15602316,Marchetti,476,France,Female,51,5,100870.75,1,0,0,106470.42,0
15602317,Kessler,670,Germany,Male,39,8,260000.0,2,0,1,32025.83,1
15602318,Bergstrom,588,France,Male,28,2,122113.22,1,0,0,146722.88,0
15602319,Fairweather,747,Germany,Female,38,6,0.0,2,1,1,75764.81,0
15602320,Fairweather,731,France,Male,31,0,133743.41,2,1,0,89749.69,1
15602321,Hallgren,556,France,Male,45,3,0.0,3,0,1,87697.04,0
15602322,Bergstrom,574,France,Male,35,10,0.0,3,1,1,53939.67,0
15602323,Hallgren,501,France,Male,37,7,147567.49,1,1,1,67484.98,0
15602324,Kessler,669,France,Male,46,2,22806.36,2,1,1,120465.04,0
15602325,Marceau,718,Germany,Male,31,10,232220.6,1,1,1,33195.32,0
15602326,Girard,608,France,Female,48,2,0.0,1,0,1,35511.01,0
15602327,Marchetti,626,France,Male,25,4,56161.25,1,1,0,48929.04,0
15602328,Renner,833,Spain,Male,42,4,0.0,1,1,0,102347.83,0
15602329,Nakamura,740,France,Female,38,6,0.0,1,1,1,5888.85,0
15602330,Laurent,779,Spain,Male,47,2,31480.95,2,1,1,57302.75,0
15602331,Petrov,435,France,Female,24,2,98372.49,1,1,1,1000.0,0
15602332,Renner,703,Germany,Female,23,7,100622.62,2,1,0,6080.22,1
15602333,Odom,674,France,Male,46,2,33272.05,3,1,0,74514.65,0
15602334,Thibault,530,France,Male,35,1,0.0,1,1,0,116575.82,1
15602335,Osei,550,Spain,Male,38,1,60347.01,1,0,1,104069.46,0
15602336,Reyes,629,Germany,Male,32,3,94132.46,1,1,0,97667.53,0
15602337,Marchetti,521,France,Male,48,0,144384.36,1,1,1,66112.89,0
15602338,Fontaine,573,Spain,Female,42,0,119068.03,1,1,1,167016.95,0
15602339,Adeyemi,606,France,Female,41,7,110365.96,1,1,0,71662.99,1
15602340,Rousseau,705,France,Male,27,5,0.0,2,1,0,14893.06,0
15602341,Petrov,582,France,Female,44,1,0.0,2,1,0,178493.49,0
15602342,Whitfield,607,Spain,Male,28,2,57604.63,1,1,0,47894.87,1
15602343,Schmitt,748,France,Female,32,7,26106.76,2,0,1,82536.16,0
15602344,Iyer,481,Spain,Female,25,8,155879.9,2,1,1,155190.53,0
15602345,Abubakar,672,France,Male,37,9,0.0,2,1,1,61356.65,0
15602346,Marchetti,687,Germany,Male,49,2,116705.44,1,1,0,163162.42,0
15602347,Whitfield,690,Germany,Male,41,9,0.0,1,1,1,106145.74,0
15602348,Falk,602,France,Female,34,4,64323.41,2,0,1,128577.5,0
15602349,Falk,548,France,Male,40,3,0.0,1,0,1,112841.08,0
15602350,Okonkwo,796,France,Female,40,6,0.0,1,1,0,84705.24,0
15602351,Winters,568,Germany,Male,39,1,85373.45,1,0,0,189104.1,0
15602352,Thibault,543,France,Male,40,5,75249.57,1,0,1,143042.47,0
15602353,Fairweather,652,Spain,Female,28,4,120794.5,2,1,1,1000.0,0
15602354,Whitfield,579,France,Male,40,6,104024.35,2,1,1,73144.85,0
15602355,Renner,751,Germany,Male,21,1,76909.94,1,0,0,144428.99,0
15602356,Okafor,625,France,Female,44,0,65868.77,4,1,0,1000.0,1
15602357,Renner,763,Spain,Male,27,4,0.0,1,1,1,51859.45,1
15602358,Mendez,693,Germany,Female,51,10,0.0,1,1,0,160926.17,1
15602359,Castellano,613,France,Female,18,6,198225.6,2,0,1,117735.96,0
15602360,Falk,757,Germany,Male,56,6,85730.86,1,0,1,69195.35,0
15602361,Girard,588,France,Male,22,7,128708.95,2,1,0,140613.59,0
15602362,Nakamura,619,France,Male,26,5,0.0,2,1,0,200000.0,0
15602363,Hallgren,701,Germany,Female,42,2,0.0,1,1,1,45858.18,0
15602364,Lindqvist,672,Spain,Female,45,10,0.0,1,0,0,29163.83,1
15602365,Whitfield,585,Spain,Female,36,2,141009.48,1,1,1,198863.56,0
15602366,Kessler,503,France,Female,48,7,140048.12,1,1,1,157970.43,0
15602367,Sorensen,648,France,Male,30,9,0.0,1,1,0,83366.7,0
15602368,Petrov,580,France,Male,34,7,31281.25,1,1,1,103256.76,0
15602369,Whitfield,653,Spain,Male,35,10,134034.0,2,1,0,148616.87,0
15602370,Bergstrom,610,France,Female,33,1,0.0,1,1,1,148706.69,0
15602371,Falk,581,France,Male,19,7,0.0,1,0,0,152573.39,1
15602372,Winters,624,France,Male,38,1,260000.0,1,0,0,52922.09,1
15602373,Bergstrom,643,France,Male,37,6,0.0,1,1,1,84730.31,1
15602374,Balogh,717,France,Male,49,2,0.0,2,1,1,200000.0,0
15602375,Girard,691,France,Male,25,7,103436.14,1,1,1,137534.05,0
15602376,Girard,850,Germany,Male,32,3,107906.22,3,1,1,196055.87,0
15602377,Voss,664,Spain,Female,51,1,61299.73,2,1,1,111324.16,0
15602378,Falk,585,France,Female,41,9,123251.05,1,1,1,70750.87,0
15602379,Novak,634,Spain,Male,44,9,0.0,1,1,1,45443.65,0
15602380,Schmitt,705,Germany,Female,43,1,126176.42,2,1,0,76187.99,0
15602381,Renner,746,France,Male,43,2,119831.27,1,1,0,170346.13,1
15602382,Rousseau,779,France,Female,57,0,99791.43,2,0,0,106162.77,1
15602383,Rousseau,552,France,Male,39,7,108366.88,2,1,0,16466.66,0
15602384,Falk,773,France,Female,28,9,191206.66,1,1,0,43659.75,1
15602385,Okonkwo,646,Germany,Male,45,2,0.0,2,0,0,200000.0,0
15602386,Balogh,561,Germany,Male,33,4,0.0,3,1,1,51633.89,0
15602387,Schmitt,630,France,Female,37,7,133227.6,1,1,0,115228.76,1
15602388,Laurent,766,Spain,Female,42,4,114010.83,1,0,1,151360.53,0
15602389,Hargrove,694,France,Female,30,8,139608.09,1,1,1,82176.7,0
15602390,Odom,534,Spain,Male,33,8,0.0,1,0,0,1000.0,0
15602391,Okonkwo,534,Germany,Male,43,8,0.0,1,0,1,29306.11,0
15602392,Rousseau,532,France,Female,33,7,0.0,1,1,1,45375.91,0
15602393,Dubois,580,France,Male,48,4,253316.54,2,1,0,17941.83,1
15602394,Adeyemi,657,Spain,Male,28,4,0.0,2,1,1,182027.97,0
15602395,Weiss,542,Germany,Male,28,6,0.0,1,0,0,145978.35,1
15602396,Reyes,609,France,Male,58,1,123976.03,1,1,0,171321.43,0
15602397,Sorensen,785,France,Male,23,6,130278.7,2,0,1,48432.4,1
15602398,Reyes,805,France,Male,38,0,158687.82,2,0,1,86352.48,0
15602399,Castellano,799,Spain,Female,57,7,0.0,1,1,1,158872.51,1
15602400,Winters,478,Spain,Female,38,6,0.0,2,0,0,1000.0,0
15602401,Rousseau,811,Germany,Female,52,5,24043.68,2,0,1,200000.0,0
15602402,Aoki,659,Germany,Female,45,3,81501.0,1,0,1,166322.33,0
15602403,Laurent,657,Germany,Male,38,5,102455.21,1,1,1,123997.24,0
15602404,Bergstrom,749,Germany,Female,37,6,78667.94,1,1,0,64213.58,0
15602405,Odom,718,France,Female,18,7,0.0,1,1,0,23742.28,1
15602406,Sorensen,471,Spain,Male,35,10,0.0,1,1,0,138616.32,0
15602407,Osei,591,France,Male,41,1,56651.21,1,1,1,187528.97,0
15602408,Abubakar,615,France,Female,41,0,78284.21,2,1,1,121306.47,1
15602409,Fairweather,522,Germany,Female,64,7,0.0,1,1,0,136954.79,1
15602410,Okonkwo,746,Spain,Female,41,1,0.0,2,1,1,138505.78,0
15602411,Iyer,788,Germany,Female,45,1,83723.55,2,0,1,110244.13,0
15602412,Kowalski,649,France,Female,50,3,0.0,2,0,0,128925.08,1
15602413,Rousseau,679,Spain,Female,44,7,71336.22,2,0,1,188160.54,0
15602414,Iyer,649,France,Female,38,0,0.0,1,1,1,132975.61,0
15602415,Schmitt,660,France,Female,38,4,0.0,1,1,1,108027.16,0
15602416,Iyer,757,France,Female,35,1,128825.25,1,1,1,54147.08,0
15602417,Castellano,481,Spain,Male,43,9,0.0,2,1,1,147705.71,0
15602418,Aoki,697,France,Female,37,8,46064.83,2,0,0,105018.56,0
15602419,Marceau,651,Germany,Male,45,0,0.0,1,1,0,105944.37,1
15602420,Novak,582,France,Male,28,3,151286.0,1,1,0,132229.13,0
15602421,Rousseau,602,France,Male,40,5,120272.32,2,1,1,101598.3,0
15602422,Odom,826,Germany,Male,54,5,0.0,1,0,1,122254.21,0
15602423,Thibault,523,France,Male,36,1,60412.91,1,0,0,111263.08,1
15602424,Marceau,634,Germany,Male,57,5,170422.45,1,1,1,79911.68,0
15602425,Delacroix,806,Spain,Male,40,9,0.0,1,1,1,151062.93,0
15602426,Fontaine,528,France,Female,38,2,0.0,1,1,0,1000.0,1
15602427,Aoki,606,Spain,Female,40,1,134876.6,2,1,1,133866.8,0
15602428,Novak,654,Spain,Female,35,4,0.0,1,1,0,41392.85,0
15602429,Hargrove,690,Germany,Male,18,5,164682.84,2,1,1,166154.52,0
15602430,Novak,642,Germany,Male,47,3,0.0,2,1,1,1000.0,1
15602431,Kowalski,564,Spain,Female,61,1,0.0,1,0,0,69453.42,1
15602432,Voss,693,Spain,Male,43,0,0.0,4,1,0,123087.48,1
15602433,Hargrove,640,France,Female,44,8,0.0,3,0,0,92060.48,0
15602434,Weiss,710,Spain,Female,37,1,0.0,3,1,1,59074.21,0
15602435,Mendez,739,Germany,Male,50,3,97580.97,1,1,0,163120.92,1
15602436,Schmitt,507,Spain,Male,38,8,0.0,2,1,0,24272.37,0
15602437,Marceau,749,Spain,Male,41,6,88628.77,1,1,0,105745.26,0
15602438,Novak,626,France,Male,23,0,0.0,1,1,1,63893.81,0
15602439,Sorensen,729,Germany,Male,33,1,116128.12,1,1,1,144061.28,0
15602440,Aoki,697,Germany,Female,42,5,3000.0,2,1,1,66787.02,0
15602441,Lindqvist,828,France,Female,48,3,129917.2,1,0,0,100337.51,1
15602442,Odom,651,France,Male,48,10,143898.19,1,1,1,82544.17,0
15602443,Dubois,611,Spain,Male,22,1,0.0,3,1,0,96338.02,1
15602444,Whitfield,601,France,Male,23,0,169498.42,2,1,1,108608.01,0
15602445,Hargrove,550,Spain,Male,44,6,154601.97,3,1,1,102371.7,0
15602446,Kessler,728,France,Female,31,10,61053.65,1,1,1,96578.63,0
15602447,Hallgren,544,France,Female,48,0,114212.1,2,0,1,59861.34,0
15602448,Weiss,727,Spain,Female,22,9,0.0,2,1,0,113464.36,1
15602449,Aoki,629,Spain,Male,37,10,0.0,1,1,0,32270.81,1
15602450,Abubakar,481,Spain,Male,38,4,169315.04,1,0,1,121530.11,0
15602451,Abubakar,793,Spain,Female,43,4,0.0,1,1,0,99108.18,0
15602452,Petrov,350,Spain,Female,28,10,76122.58,2,0,0,1000.0,0
15602453,Okafor,642,Germany,Female,18,6,123209.21,1,1,1,111102.4,0
15602454,Odom,672,Spain,Male,40,6,74214.96,1,1,1,197649.39,1
15602455,Adeyemi,429,Spain,Female,44,3,0.0,2,1,0,94348.17,0
15602456,Lindqvist,692,Spain,Male,49,10,0.0,2,1,0,110344.3,0
15602457,Schmitt,586,France,Male,35,2,239345.07,2,1,1,58911.23,0
15602458,Sorensen,626,France,Female,46,4,0.0,2,1,1,200000.0,0
15602459,Weiss,779,Spain,Male,43,9,125869.54,2,0,1,200000.0,0
15602460,Osei,664,Germany,Female,52,5,121197.92,2,1,1,199722.29,0
15602461,Renner,616,Spain,Male,38,8,162969.62,2,1,1,200000.0,0
15602462,Iyer,634,France,Male,21,10,0.0,2,0,1,49327.44,0
15602463,Rousseau,821,Spain,Male,38,7,40707.11,1,1,0,27015.7,1
15602464,Novak,689,France,Female,39,1,0.0,1,1,0,200000.0,1
15602465,Delacroix,565,Spain,Female,44,8,52612.25,2,1,0,90747.44,0
15602466,Reyes,603,Germany,Male,23,6,0.0,2,0,1,52367.1,0
15602467,Marchetti,536,Spain,Male,35,1,149990.19,3,0,1,126660.8,0
15602468,Adeyemi,607,Spain,Male,47,1,204990.3,1,0,1,35718.32,1
15602469,Girard,804,France,Male,37,10,0.0,2,1,0,115204.34,0
15602470,Fontaine,634,France,Female,35,1,0.0,2,1,0,52500.19,0
15602471,Delacroix,522,Germany,Male,58,5,166266.77,2,1,1,152072.69,0
15602472,Bergstrom,691,Spain,Male,28,10,93832.41,2,1,1,49793.65,0
15602473,Bergstrom,612,Spain,Male,51,9,0.0,2,1,1,31852.34,0
15602474,Mendez,704,France,Female,49,9,0.0,2,0,1,45961.65,0
15602475,Thibault,627,France,Female,36,8,105817.07,2,0,0,119331.39,1
15602476,Fontaine,789,France,Female,38,5,27568.73,1,1,1,64491.05,0
15602477,Kessler,563,France,Female,38,3,183828.18,1,1,1,150565.78,0
15602478,Thibault,538,France,Female,40,9,0.0,2,1,0,98154.95,0
15602479,Adeyemi,740,Germany,Male,32,6,92996.67,1,1,1,135309.03,0
15602480,Marchetti,458,Spain,Female,34,4,0.0,3,1,1,45705.25,0
15602481,Weiss,633,France,Female,35,10,120585.46,2,1,0,90565.69,0
15602482,Winters,727,France,Male,35,4,68634.9,2,0,0,98325.82,1
15602483,Laurent,439,France,Female,35,0,168738.25,2,1,0,53456.85,0
15602484,Hallgren,656,Germany,Female,18,6,0.0,2,0,1,71383.94,0
15602485,Adeyemi,506,France,Female,39,4,0.0,3,1,0,123002.39,1
15602486,Delacroix,473,Germany,Male,33,6,79485.98,1,1,1,2465.03,0
15602487,Petrov,548,Germany,Male,19,6,139483.23,2,0,1,74222.6,0
15602488,Renner,632,France,Female,35,6,181864.45,2,1,1,92808.98,0
15602489,Thibault,582,Spain,Male,35,3,246748.7,4,0,1,25449.82,0
15602490,Mendez,756,Germany,Male,52,2,64943.98,1,0,1,1000.0,0
15602491,Okafor,658,France,Male,33,3,105175.32,2,0,1,95414.24,0
15602492,Castellano,603,France,Male,45,10,16646.17,1,0,1,42479.73,0
15602493,Kessler,524,Germany,Female,53,8,145991.75,1,1,1,1351.88,1
15602494,Odom,672,Germany,Female,32,4,43737.26,1,1,1,51786.23,0
15602495,Reyes,848,Spain,Female,38,10,125772.28,1,1,1,114285.02,0
15602496,Odom,583,Spain,Male,56,8,0.0,1,1,0,122533.24,0
15602497,Marceau,594,France,Male,41,5,91401.82,3,1,1,85994.58,1
15602498,Aoki,548,Germany,Male,42,8,0.0,2,0,0,164961.75,0
15602499,Okafor,764,France,Male,34,10,177905.53,2,1,0,138439.46,0
15602500,Lindqvist,739,France,Female,46,6,147534.59,2,1,0,29834.76,0
15602501,Abubakar,607,Spain,Male,38,1,55510.64,2,1,1,65475.06,0
15602502,Adeyemi,592,Germany,Male,20,4,118986.51,3,1,1,1000.0,0
15602503,Nakamura,559,Germany,Female,35,2,0.0,2,0,0,177521.21,0
15602504,Thibault,622,France,Female,26,7,165028.34,2,1,0,72020.69,0
15602505,Iyer,748,France,Male,40,0,118147.6,1,0,0,200000.0,0
15602506,Laurent,654,Germany,Female,29,5,0.0,2,0,0,73667.09,1
15602507,Adeyemi,774,Germany,Male,43,4,65422.14,1,0,0,88161.83,1
15602508,Winters,581,Spain,Female,39,4,0.0,1,1,0,132573.43,0
15602509,Okafor,428,Spain,Female,26,6,111387.54,1,1,1,200000.0,0
15602510,Fontaine,850,France,Male,33,6,0.0,1,1,1,200000.0,0
15602511,Okonkwo,671,France,Male,45,2,83683.68,3,1,1,99933.67,0
15602512,Girard,725,France,Male,50,8,3000.0,1,1,0,94875.31,0
15602513,Abubakar,574,France,Female,29,4,145953.65,2,1,1,65459.08,0
15602514,Fairweather,519,France,Male,27,1,0.0,1,1,0,200000.0,0
15602515,Sorensen,665,Germany,Female,58,7,0.0,1,0,1,138426.24,0
15602516,Reyes,459,France,Male,38,4,0.0,2,1,1,64099.11,0
15602517,Balogh,624,France,Male,39,7,53536.24,1,0,0,153954.59,1
15602518,Nakamura,748,Spain,Male,31,8,19083.29,2,1,1,138272.26,0
15602519,Renner,693,France,Male,41,6,0.0,1,0,1,60196.9,0
15602520,Adeyemi,674,France,Male,56,10,140579.02,1,0,0,69654.37,1
15602521,Osei,817,Spain,Female,41,6,0.0,1,1,1,32392.86,0
15602522,Balogh,686,France,Female,49,4,238236.4,2,1,1,165825.93,0
15602523,Aoki,467,Spain,Male,39,10,0.0,1,1,1,68480.4,1
15602524,Weiss,636,Germany,Female,28,5,147729.01,2,1,0,29897.83,0
15602525,Balogh,835,France,Male,32,7,112186.94,1,1,0,184380.09,1
15602526,Delacroix,620,Germany,Female,27,3,0.0,2,0,0,118096.51,0
15602527,Duarte,829,Germany,Male,41,9,0.0,2,0,1,1000.0,0
15602528,Kowalski,748,Germany,Female,51,10,102777.86,1,0,1,140357.56,0
15602529,Whitfield,611,Spain,Male,40,10,80151.5,1,0,1,1000.0,0
15602530,Sorensen,546,Spain,Male,35,4,0.0,1,1,1,52409.7,0
15602531,Bergstrom,683,Spain,Female,30,9,0.0,2,1,0,125078.04,1
15602532,Dubois,772,Spain,Male,42,7,147960.13,1,1,0,123387.34,0
15602533,Petrov,498,France,Male,26,1,0.0,1,1,0,55159.42,0
15602534,Marchetti,662,Germany,Male,27,10,0.0,1,1,0,22777.84,1
15602535,Delacroix,454,Spain,Female,48,5,110656.06,2,1,0,200000.0,0
15602536,Kowalski,617,Germany,Male,36,5,0.0,2,1,0,185168.06,1
15602537,Sorensen,491,France,Male,35,4,63423.43,1,1,1,82468.7,0
15602538,Balogh,704,France,Female,37,9,3000.0,2,1,1,95945.21,0
15602539,Fontaine,584,Spain,Female,46,1,179806.67,1,0,1,56843.1,0
15602540,Novak,761,Spain,Male,40,4,111262.49,1,0,1,81878.31,0
15602541,Girard,598,France,Female,31,6,0.0,1,1,0,98799.6,0
15602542,Lindqvist,589,France,Male,31,2,77777.45,2,1,1,142402.07,0
15602543,Adeyemi,495,France,Female,37,2,0.0,3,0,1,1559.86,0
15602544,Adeyemi,688,Spain,Male,42,6,188015.55,1,0,1,121770.82,0
15602545,Kowalski,697,France,Female,38,6,0.0,1,1,0,187555.13,1
15602546,Abubakar,740,Germany,Female,37,8,0.0,1,1,1,77940.03,0
15602547,Okafor,713,France,Male,39,8,0.0,1,1,1,40654.14,0
15602548,Lindqvist,689,France,Male,38,0,0.0,1,1,1,161062.8,0
15602549,Odom,707,France,Male,31,4,134081.55,1,1,1,34524.06,0
15602550,Whitfield,717,Spain,Male,50,9,196115.31,2,1,1,21935.75,0
15602551,Winters,737,France,Male,34,10,123013.59,1,1,0,1000.0,1
15602552,Sorensen,503,Spain,Female,40,1,0.0,2,1,0,126444.63,0
15602553,Voss,606,Germany,Male,18,8,182638.85,2,0,1,24647.48,1
15602554,Fairweather,494,France,Female,36,2,3000.0,2,0,0,1000.0,1
15602555,Abubakar,682,Spain,Male,27,8,147064.72,1,0,1,105525.17,0
15602556,Petrov,806,France,Male,29,4,179340.65,3,0,0,35314.77,1
15602557,Rousseau,736,France,Male,63,1,0.0,2,1,0,131985.32,1
15602558,Lindqvist,592,France,Female,41,2,164264.57,2,1,0,126864.39,0
15602559,Weiss,699,France,Male,51,10,0.0,2,1,1,101808.83,0
15602560,Rousseau,683,Spain,Male,47,8,27395.07,1,0,1,52313.4,0
15602561,Osei,672,Spain,Male,49,0,151530.87,1,0,1,143827.26,1
15602562,Aoki,525,Spain,Female,36,10,111522.42,2,1,1,15198.72,0
15602563,Thibault,776,Spain,Female,55,9,0.0,3,1,0,163272.89,1
15602564,Abubakar,537,Spain,Male,47,5,144305.6,2,1,1,83691.39,0
15602565,Rousseau,615,France,Male,39,0,0.0,1,1,0,91708.61,1
15602566,Voss,742,France,Male,41,4,0.0,1,1,0,118544.33,1
15602567,Fontaine,614,France,Male,37,1,66387.08,1,1,1,171748.28,0
15602568,Winters,658,Spain,Female,39,4,187644.24,1,1,1,114938.64,0
15602569,Schmitt,661,Germany,Male,38,3,0.0,1,1,1,71270.85,0
15602570,Schmitt,656,France,Female,42,7,188889.48,2,1,0,131209.44,0
15602571,Duarte,661,Spain,Female,56,8,0.0,1,1,1,162858.25,1
15602572,Kessler,671,Germany,Female,26,1,90814.4,2,1,1,156638.53,0
15602573,Schmitt,657,Germany,Male,50,9,75956.59,1,1,0,110045.36,0
15602574,Balogh,564,Spain,Female,35,7,72971.05,2,1,1,111604.39,0
15602575,Mendez,501,Spain,Male,51,7,103370.33,2,0,0,120829.94,0
15602576,Okafor,746,Spain,Male,35,8,77684.16,1,1,0,147117.86,0
15602577,Girard,750,Germany,Female,43,8,128242.96,2,0,0,90710.92,1
15602578,Delacroix,682,France,Male,37,8,71730.95,2,0,1,108508.54,1
15602579,Whitfield,682,Germany,Male,21,3,0.0,1,1,0,106848.23,1
15602580,Lindqvist,562,France,Male,56,7,0.0,2,1,1,17921.75,0
15602581,Girard,416,Germany,Male,29,10,73191.77,2,1,0,63182.65,0
15602582,Hargrove,626,France,Female,39,8,94890.08,1,1,1,156668.0,0
15602583,Reyes,468,France,Female,28,4,0.0,1,0,0,200000.0,1
15602584,Hallgren,668,France,Female,25,6,67804.87,2,1,1,103554.37,0
15602585,Hallgren,775,France,Male,36,10,0.0,1,0,0,92535.71,0
15602586,Fontaine,591,France,Male,32,7,103088.73,2,1,1,67799.46,0
15602587,Winters,596,France,Male,27,8,0.0,2,1,1,1000.0,0
15602588,Winters,553,France,Male,38,9,178830.45,1,1,1,189108.15,0
15602589,Weiss,654,France,Female,23,4,77066.94,2,1,1,54339.69,0
15602590,Osei,647,Germany,Female,40,3,114404.69,2,1,0,4025.74,1
15602591,Delacroix,552,Germany,Female,37,3,0.0,1,1,1,116968.84,0
15602592,Iyer,738,Spain,Female,18,4,48894.65,1,1,1,99538.54,1
15602593,Thibault,850,France,Male,33,7,69764.21,2,1,1,200000.0,0
15602594,Rousseau,764,France,Female,43,5,80499.4,2,0,0,127872.01,1
15602595,Voss,639,Germany,Female,28,10,0.0,2,1,0,191174.55,1
15602596,Kessler,638,France,Female,44,7,0.0,1,0,0,141216.95,1
15602597,Okafor,601,France,Male,43,7,204796.63,1,0,1,65686.85,0
15602598,Marchetti,599,Germany,Female,28,10,175665.36,2,1,1,200000.0,0
15602599,Rousseau,742,Germany,Male,38,9,49999.88,1,1,1,193788.74,0
15602600,Dubois,746,France,Female,47,0,68178.07,1,1,0,133261.2,0
15602601,Balogh,538,Spain,Female,30,10,0.0,2,1,0,164381.52,0
15602602,Thibault,685,France,Female,36,9,188277.68,2,1,1,120469.43,0
15602603,Lindqvist,757,Germany,Male,50,3,0.0,2,1,0,113676.89,0
15602604,Delacroix,616,France,Male,30,2,0.0,1,1,0,128565.69,1
15602605,Iyer,630,France,Female,43,5,0.0,1,0,0,200000.0,1
15602606,Aoki,717,Spain,Female,27,10,0.0,1,1,0,171419.26,1
15602607,Okonkwo,720,France,Female,37,6,0.0,2,0,1,100064.85,1
15602608,Laurent,691,Spain,Male,43,6,0.0,2,1,0,113406.92,0
15602609,Fontaine,674,France,Female,18,2,0.0,2,0,1,10194.67,0
15602610,Renner,687,Germany,Female,33,9,82860.99,1,1,0,108497.42,0
15602611,Delacroix,623,Germany,Male,43,8,0.0,1,1,1,136221.16,0
15602612,Girard,543,France,Male,41,0,155900.2,1,1,1,124192.4,0
15602613,Bergstrom,501,Germany,Female,33,2,20585.95,1,1,0,112146.74,0
15602614,Okonkwo,707,France,Male,27,9,134716.35,2,1,1,62117.95,0
15602615,Schmitt,660,France,Female,45,7,0.0,1,1,1,152477.9,0
15602616,Girard,694,France,Female,35,4,0.0,2,0,0,159061.14,0
15602617,Kessler,570,Germany,Male,44,5,134864.68,2,0,0,105142.43,0
15602618,Sorensen,660,Germany,Male,42,1,165691.88,1,1,1,105282.6,1
15602619,Delacroix,658,Germany,Female,34,9,0.0,2,1,0,98841.5,1
15602620,Sorensen,773,Germany,Female,49,6,0.0,2,1,1,118354.49,0
15602621,Fontaine,732,Germany,Female,32,5,93885.54,2,0,0,130651.18,0
15602622,Winters,579,France,Female,51,6,142586.18,1,0,0,4981.11,1
15602623,Petrov,698,Germany,Female,52,6,115564.09,1,1,0,73075.98,1
15602624,Sorensen,578,Spain,Female,49,4,0.0,1,0,0,26823.36,0
15602625,Iyer,399,France,Female,37,1,139321.24,3,1,0,68690.48,1
15602626,Rousseau,816,Spain,Male,64,5,59528.62,1,0,0,170359.42,1
15602627,Fontaine,614,France,Male,40,8,135232.2,2,1,1,42950.47,0
15602628,Petrov,750,France,Male,41,0,120597.04,1,0,1,8202.05,0
15602629,Adeyemi,587,France,Female,38,4,175541.2,1,1,1,23373.31,1
15602630,Dubois,572,France,Male,27,9,65698.48,1,1,1,115399.34,0
15602631,Okonkwo,598,France,Female,52,6,0.0,2,1,1,141094.26,0
15602632,Sorensen,674,Germany,Female,33,0,0.0,1,1,0,101283.15,0
15602633,Fairweather,667,Spain,Male,48,9,182689.32,1,1,1,1000.0,0
15602634,Whitfield,698,Spain,Male,50,0,102032.97,1,1,1,59067.37,0
15602635,Castellano,602,France,Female,45,5,141826.57,1,1,0,194096.53,0
15602636,Winters,654,France,Male,31,1,113761.12,1,1,1,105500.57,0
15602637,Petrov,569,France,Female,35,3,0.0,2,1,1,1000.0,0
15602638,Hallgren,791,Germany,Male,18,4,169594.33,2,0,0,52430.72,0
15602639,Delacroix,524,France,Male,37,2,0.0,2,1,1,1000.0,0
15602640,Kessler,571,Spain,Female,47,9,0.0,1,0,1,71956.6,0
15602641,Duarte,609,Germany,Male,36,6,86915.68,1,0,1,106483.05,0
15602642,Dubois,850,Spain,Male,32,3,0.0,1,1,1,90637.71,0
15602643,Castellano,724,Germany,Male,35,3,0.0,1,1,1,77354.28,0
15602644,Kessler,568,France,Male,51,5,0.0,1,1,0,200000.0,0
15602645,Petrov,729,Germany,Female,38,3,0.0,1,1,1,112680.03,0
15602646,Delacroix,700,Spain,Male,57,8,0.0,1,0,0,79642.41,0
15602647,Hargrove,676,Germany,Male,33,2,62739.42,2,1,1,144542.35,0
15602648,Bergstrom,717,Spain,Male,41,7,0.0,1,1,1,144973.81,0
15602649,Nakamura,656,Germany,Male,34,4,0.0,1,1,0,123675.41,1
15602650,Laurent,666,Germany,Male,60,2,73832.9,1,1,0,200000.0,0
15602651,Laurent,501,France,Female,40,5,0.0,1,1,1,56956.4,1
15602652,Voss,789,Germany,Male,60,1,157036.59,3,0,0,172746.54,1
15602653,Okafor,607,Spain,Female,34,5,180199.32,4,1,0,167115.14,1
15602654,Fontaine,531,France,Male,54,7,96349.01,1,1,0,16405.42,0
15602655,Renner,602,Germany,Male,40,6,76449.72,1,0,1,131519.71,1
15602656,Fontaine,605,France,Male,47,0,107936.67,1,1,0,44758.18,0
15602657,Hallgren,573,Spain,Female,26,6,116214.73,2,0,1,104571.96,0
15602658,Rousseau,725,France,Female,42,0,146603.7,1,1,0,171484.65,0
15602659,Falk,744,France,Male,28,4,92181.14,4,1,1,108191.71,1
15602660,Voss,462,Germany,Female,41,6,84898.59,1,0,0,1000.0,0
15602661,Marchetti,601,France,Male,23,9,234580.1,1,1,1,145576.55,0
15602662,Marchetti,607,France,Female,38,10,47321.04,2,0,1,9734.32,0
15602663,Kowalski,633,France,Female,50,5,157056.13,2,1,1,72770.33,0
15602664,Castellano,814,France,Male,44,2,186485.71,1,0,0,171045.9,1
15602665,Voss,572,Germany,Male,26,9,99309.02,1,0,1,32822.82,0
15602666,Girard,800,Germany,Male,19,3,133996.21,3,1,0,128588.81,1
15602667,Bergstrom,636,France,Female,44,6,28158.88,4,1,1,58252.13,1
15602668,Bergstrom,801,Spain,Male,55,2,113243.76,2,0,1,1000.0,0
15602669,Weiss,620,France,Female,29,4,169975.16,1,1,1,57948.2,0
15602670,Kowalski,609,Spain,Male,60,5,118024.59,1,1,0,61600.15,0
15602671,Fairweather,648,France,Female,38,8,0.0,2,0,0,25743.77,0
15602672,Petrov,774,France,Male,19,9,198712.34,1,1,0,101208.03,1
15602673,Marchetti,665,France,Female,23,1,0.0,1,1,0,104305.59,0
15602674,Rousseau,670,Spain,Male,46,6,147412.47,1,1,1,75154.67,0
15602675,Osei,711,Spain,Male,40,10,71471.44,2,1,1,76800.01,0
15602676,Sorensen,566,France,Male,54,0,3000.0,2,1,1,138985.6,0
15602677,Osei,682,Germany,Female,26,6,130652.7,3,1,1,20564.15,0
15602678,Lindqvist,590,Spain,Male,40,8,0.0,1,1,1,169839.37,0
15602679,Aoki,791,France,Female,39,1,150126.72,3,1,1,63377.85,0
15602680,Adeyemi,690,Germany,Female,37,7,0.0,1,0,0,79288.31,0
15602681,Sorensen,717,Germany,Male,35,4,114219.02,2,1,1,45975.55,0
15602682,Renner,454,France,Male,35,6,0.0,2,0,0,31605.62,1
15602683,Bergstrom,718,Spain,Male,40,7,56514.87,1,0,0,158714.54,0
15602684,Renner,633,France,Male,42,1,19748.39,2,1,0,51764.63,0
15602685,Lindqvist,512,Spain,Male,41,0,67718.68,2,1,0,129949.56,0
15602686,Rousseau,659,France,Female,51,3,56868.39,2,1,0,123602.4,1
15602687,Sorensen,504,Spain,Male,26,2,109710.04,2,0,1,85473.14,0
15602688,Castellano,709,France,Male,20,3,30348.81,1,0,0,164816.83,0
15602689,Kessler,788,Spain,Female,49,10,0.0,1,1,0,105791.23,0
15602690,Aoki,478,Germany,Male,29,7,0.0,1,1,0,1000.0,1
15602691,Novak,647,France,Female,35,3,108271.32,1,0,0,62815.86,1
15602692,Fontaine,634,Germany,Female,32,6,114403.73,2,1,0,200000.0,0
15602693,Marchetti,459,Germany,Male,32,1,112775.09,3,1,1,102715.63,1
15602694,Winters,738,Germany,Male,24,2,122597.19,2,1,1,95264.32,0
15602695,Fairweather,710,France,Female,33,1,0.0,2,1,0,158955.83,0
15602696,Kowalski,845,Germany,Female,45,4,103742.73,1,1,1,184057.8,0
15602697,Lindqvist,698,France,Female,38,6,84901.05,2,1,0,45398.91,0
15602698,Whitfield,566,France,Female,44,5,37353.48,1,1,0,101077.37,0
15602699,Voss,699,Germany,Male,33,6,0.0,1,1,1,99918.47,0
15602700,Winters,773,Spain,Male,48,1,0.0,3,1,0,15737.26,1
15602701,Castellano,605,Spain,Female,33,7,0.0,2,1,1,87806.55,0
15602702,Weiss,732,France,Female,18,6,73761.48,2,0,1,112711.1,0
15602703,Okonkwo,424,Germany,Female,42,10,44071.8,1,1,1,88392.76,0
15602704,Lindqvist,792,Spain,Male,46,2,208794.84,1,0,1,200000.0,0
15602705,Abubakar,727,France,Female,33,0,38017.65,1,1,0,145308.29,0
15602706,Mendez,406,Germany,Male,51,5,0.0,1,1,0,119922.13,1
15602707,Kowalski,687,France,Male,30,2,39680.83,2,1,1,101802.97,0
15602708,Sorensen,459,France,Male,45,1,105106.36,2,0,0,144197.66,0
15602709,Hallgren,591,Spain,Male,56,2,45111.46,3,1,1,86456.74,0
15602710,Girard,715,Germany,Female,39,7,83869.62,1,1,0,9371.29,1
15602711,Novak,637,France,Male,36,4,0.0,1,1,0,28284.53,1
15602712,Weiss,771,France,Female,37,9,166373.47,2,1,0,114686.59,1
15602713,Voss,656,France,Male,55,1,0.0,1,1,0,174578.46,0
15602714,Okonkwo,646,Germany,Male,43,10,48707.27,1,1,0,74655.03,1
15602715,Kessler,755,France,Male,60,4,0.0,2,1,1,153010.43,0
15602716,Kessler,618,Spain,Male,41,5,66811.53,1,1,1,126537.95,0
15602717,Adeyemi,648,Germany,Female,32,8,144508.92,1,1,1,168331.73,0
15602718,Voss,660,France,Male,33,5,165835.94,2,1,1,34818.63,0
15602719,Osei,644,Spain,Male,39,1,100219.92,1,0,0,32832.18,0
15602720,Dubois,761,Spain,Male,18,2,86927.59,2,0,1,200000.0,1
15602721,Duarte,586,Germany,Male,34,10,0.0,1,1,0,1000.0,1
15602722,Novak,570,France,Male,34,0,127217.53,1,0,1,122298.73,0
15602723,Marceau,548,France,Female,41,10,0.0,3,1,0,192437.34,1
15602724,Balogh,444,France,Male,58,7,0.0,1,1,1,124691.41,0
15602725,Novak,792,Spain,Male,39,5,0.0,1,1,1,183331.79,0
15602726,Marchetti,564,Germany,Female,19,3,0.0,2,1,0,178308.15,0
15602727,Nakamura,627,France,Female,29,9,186718.5,1,1,0,148332.07,1
15602728,Rousseau,800,France,Male,41,0,97669.09,1,0,1,121644.61,0
15602729,Kowalski,636,Germany,Female,39,7,0.0,2,1,0,34363.07,1
15602730,Mendez,699,France,Female,55,2,74427.74,3,1,0,16186.69,1
15602731,Osei,514,France,Male,48,3,0.0,1,1,1,87363.19,0
15602732,Okonkwo,784,Spain,Male,48,0,65672.92,2,1,1,1000.0,0
15602733,Weiss,638,France,Female,36,6,0.0,2,1,0,134842.01,0
15602734,Osei,552,France,Female,50,1,0.0,1,1,1,200000.0,1
15602735,Petrov,552,France,Female,29,1,198851.26,1,1,1,102577.62,0
15602736,Novak,812,France,Male,48,3,83999.69,1,1,0,121583.74,0
15602737,Okonkwo,594,Spain,Female,36,5,215518.26,2,1,1,29882.78,0
15602738,Hargrove,554,Spain,Male,24,10,124228.1,1,1,1,92320.21,0
15602739,Abubakar,608,Spain,Female,45,9,0.0,1,1,0,103861.06,1
15602740,Petrov,654,France,Female,53,4,174904.81,2,1,1,85775.95,0
15602741,Dubois,665,Germany,Male,34,6,0.0,2,1,1,123575.86,0
15602742,Fontaine,693,France,Male,54,8,0.0,2,0,0,61307.42,0
15602743,Kessler,673,Germany,Female,22,4,0.0,2,1,0,107129.91,0
15602744,Falk,712,France,Female,26,8,0.0,2,1,0,127717.29,1
15602745,Novak,624,Germany,Male,37,7,89815.93,2,1,0,180903.91,1
15602746,Laurent,849,France,Female,35,7,85029.51,3,1,1,105154.17,0
15602747,Nakamura,603,France,Male,32,10,92963.92,2,1,1,65074.07,0
15602748,Fairweather,780,France,Male,40,4,0.0,1,1,1,91400.42,0
15602749,Bergstrom,592,France,Male,33,0,0.0,2,1,1,126830.85,0
15602750,Sorensen,513,France,Female,35,5,176400.18,1,1,1,46514.75,0
15602751,Castellano,490,Spain,Male,41,3,0.0,2,1,1,57659.39,1
15602752,Renner,679,Germany,Female,32,0,0.0,4,1,1,107200.51,1
15602753,Falk,762,France,Male,37,1,0.0,1,0,0,1000.0,0
15602754,Nakamura,540,Germany,Female,32,5,103055.02,1,1,1,91987.42,0
15602755,Renner,566,Germany,Female,26,10,57664.11,2,0,1,73721.99,0
15602756,Delacroix,687,Germany,Male,46,3,0.0,2,1,1,133474.06,0
15602757,Reyes,650,Spain,Male,56,6,92431.16,2,1,1,48559.44,1
15602758,Winters,594,Spain,Male,49,1,100752.77,1,1,1,74112.17,0
15602759,Falk,527,Spain,Male,42,1,0.0,2,1,0,97268.35,0
15602760,Castellano,680,Spain,Female,32,8,0.0,2,1,1,58477.54,0
15602761,Lindqvist,713,Germany,Female,36,6,182998.77,2,0,1,41918.88,0
15602762,Balogh,697,France,Male,49,2,82385.93,1,1,1,61120.46,0
15602763,Sorensen,653,France,Female,18,5,146117.62,1,1,0,1000.0,0
15602764,Kessler,549,France,Male,35,6,0.0,2,1,1,41458.05,0
15602765,Girard,680,Germany,Male,46,0,0.0,2,1,1,133620.48,1
15602766,Rousseau,673,France,Male,27,3,196271.87,1,1,1,10143.31,0
15602767,Osei,524,Spain,Male,43,9,80086.12,1,1,1,36245.17,0
15602768,Rousseau,621,Germany,Female,42,3,0.0,2,1,1,82333.8,0
15602769,Castellano,685,Germany,Male,24,7,0.0,2,1,1,139127.36,0
15602770,Fontaine,642,France,Female,39,6,0.0,1,1,1,25448.9,0
15602771,Falk,462,Germany,Male,32,0,175247.19,1,1,1,60456.6,0
15602772,Hallgren,589,Germany,Female,43,10,106670.0,2,1,1,176582.0,0
15602773,Balogh,582,France,Male,45,10,0.0,1,1,1,107811.9,0
15602774,Adeyemi,704,Germany,Male,43,7,190986.72,2,0,1,137073.58,0
15602775,Falk,850,France,Male,39,1,122750.61,1,0,1,37228.66,1
15602776,Hargrove,663,Spain,Male,41,9,114017.89,3,1,1,61386.68,0
15602777,Laurent,535,Spain,Male,27,0,0.0,2,0,0,157147.11,0
15602778,Sorensen,635,France,Male,38,5,61753.57,2,1,1,118831.33,0
15602779,Osei,651,France,Female,30,4,0.0,2,0,0,132462.44,0
15602780,Odom,723,France,Male,49,7,104428.22,3,0,1,138731.03,1
15602781,Hallgren,769,France,Female,45,1,0.0,1,1,0,147816.47,1
15602782,Bergstrom,784,Spain,Female,45,9,180932.04,1,0,0,76525.72,0
15602783,Lindqvist,702,France,Male,56,6,158456.69,1,1,0,36149.97,1
15602784,Winters,650,France,Female,35,2,0.0,3,1,1,58687.03,0
15602785,Weiss,792,Spain,Male,33,3,110826.26,2,1,0,74753.24,1
15602786,Reyes,617,Spain,Female,35,7,182038.79,1,1,1,1000.0,0
15602787,Thibault,655,Spain,Female,22,2,25800.97,1,1,1,126350.82,0
15602788,Iyer,627,Germany,Female,23,3,0.0,2,0,0,149338.8,0
15602789,Duarte,445,France,Male,45,10,0.0,1,1,1,105088.41,0
15602790,Thibault,772,Germany,Female,24,9,234172.47,2,1,0,60499.06,0
15602791,Kowalski,715,France,Male,28,3,0.0,1,1,1,104417.96,0
15602792,Duarte,422,Spain,Male,37,6,87187.55,2,0,1,1000.0,0
15602793,Whitfield,746,Germany,Male,34,4,0.0,1,1,1,1000.0,0
15602794,Weiss,621,Germany,Male,48,2,70911.81,1,1,0,196321.81,0
15602795,Abubakar,745,Spain,Female,39,3,211568.0,1,1,0,1000.0,1
15602796,Odom,657,Spain,Female,30,1,3000.0,2,0,0,145870.91,0
15602797,Iyer,520,France,Male,48,9,128372.45,2,1,0,178225.17,1
15602798,Marchetti,653,Spain,Female,46,2,108441.24,2,1,1,96942.77,0
15602799,Schmitt,564,Germany,Female,24,2,60561.99,2,1,1,94111.6,0
15602800,Whitfield,533,Germany,Female,41,7,99435.62,2,1,1,107997.12,0
15602801,Osei,733,France,Female,31,1,30963.71,1,0,0,1000.0,1
15602802,Abubakar,688,France,Male,31,10,190491.09,1,1,1,61748.75,0
15602803,Delacroix,794,Spain,Male,58,9,113281.0,2,0,1,179830.52,0
15602804,Novak,612,France,Female,40,4,157752.74,1,1,0,104838.28,1
15602805,Lindqvist,558,France,Male,36,2,87770.35,2,0,1,88956.04,0
15602806,Hargrove,711,France,Female,39,1,179229.35,1,1,0,102157.12,1
15602807,Marchetti,570,Spain,Female,47,9,113738.5,1,1,0,57678.4,0
15602808,Novak,620,France,Female,31,4,165646.27,2,1,1,26995.31,0
15602809,Falk,700,France,Male,33,6,140371.52,3,1,1,151794.09,1
15602810,Novak,638,France,Female,45,1,0.0,2,1,0,44097.79,0
15602811,Dubois,603,Germany,Female,23,9,161984.17,2,0,1,200000.0,0
15602812,Renner,515,Spain,Male,49,5,260000.0,2,0,0,80659.2,0
15602813,Falk,740,France,Male,22,0,55441.29,1,1,0,118935.42,0
15602814,Nakamura,615,France,Male,36,0,105956.11,2,1,1,194179.44,0
15602815,Duarte,709,Spain,Male,22,10,47316.41,1,1,1,125152.05,0
15602816,Petrov,697,France,Female,28,0,0.0,3,0,0,18467.48,0
15602817,Sorensen,755,Spain,Female,52,3,123288.8,2,1,1,64026.16,0
15602818,Lindqvist,627,France,Male,49,0,209132.53,1,1,0,1000.0,1
15602819,Kowalski,617,Germany,Male,50,0,99168.91,1,1,0,86000.13,1
15602820,Bergstrom,544,France,Male,24,8,0.0,2,0,0,38161.54,0
15602821,Voss,598,Spain,Male,28,8,0.0,1,1,1,84605.64,1
15602822,Kessler,683,France,Male,42,3,119588.91,1,1,1,177015.32,0
15602823,Winters,572,Germany,Female,46,1,68509.57,2,1,0,195545.1,1
15602824,Winters,680,Germany,Female,30,2,0.0,2,1,1,1000.0,0
15602825,Okonkwo,791,Spain,Female,33,3,169566.15,1,1,1,1000.0,0
15602826,Reyes,607,France,Female,27,8,0.0,1,0,1,101679.1,0
15602827,Abubakar,524,France,Male,55,6,0.0,2,1,0,85554.14,0
15602828,Mendez,610,Germany,Female,34,4,0.0,1,1,1,19258.45,0
15602829,Iyer,513,Spain,Male,39,0,0.0,2,1,1,83480.5,0
15602830,Mendez,778,France,Male,39,1,132566.66,2,1,1,95098.44,0
15602831,Renner,658,France,Male,50,2,61800.71,1,1,0,77125.8,0
15602832,Castellano,580,France,Male,29,2,62046.15,4,1,0,167598.93,1
15602833,Adeyemi,596,Germany,Male,50,5,155363.13,2,1,0,157862.32,1
15602834,Nakamura,537,Spain,Male,25,9,78131.67,3,0,1,88286.09,0
15602835,Marchetti,747,Spain,Male,50,4,175984.43,4,1,0,168669.08,0
15602836,Abubakar,826,Spain,Female,21,3,23245.96,1,0,1,147953.22,0
15602837,Marceau,507,France,Male,37,6,158767.27,1,1,1,102369.48,0
15602838,Renner,750,France,Male,55,0,112412.14,2,1,0,1000.0,1
15602839,Okafor,626,France,Female,46,8,0.0,1,1,1,13417.61,0
15602840,Kessler,772,Germany,Female,43,0,0.0,1,1,1,71743.18,0
15602841,Marchetti,474,France,Male,28,3,0.0,2,0,0,123284.03,0
15602842,Kessler,672,France,Female,31,10,168103.64,2,1,0,18386.01,0
15602843,Thibault,611,France,Male,52,4,0.0,2,1,1,158942.49,0
15602844,Petrov,713,France,Male,43,8,70286.94,1,1,0,179955.13,0
15602845,Hallgren,656,Spain,Male,48,2,220227.37,2,1,0,122570.17,1
15602846,Castellano,652,France,Male,39,9,94556.07,2,0,0,125138.42,1
15602847,Okafor,640,France,Female,36,3,68818.05,1,0,0,138391.15,1
15602848,Voss,800,Germany,Male,46,2,0.0,1,0,0,119059.61,0
15602849,Lindqvist,633,France,Female,41,0,125173.88,1,1,0,100229.48,0
15602850,Thibault,733,France,Female,37,3,0.0,2,1,1,87929.88,0
15602851,Hargrove,710,France,Female,24,6,116170.75,2,0,0,149367.86,0
15602852,Duarte,735,Germany,Male,48,0,0.0,2,1,0,147241.91,0
15602853,Whitfield,553,France,Male,43,1,214622.91,4,1,1,15736.13,1
15602854,Falk,718,Germany,Female,32,3,74107.13,2,1,1,94083.78,0
15602855,Fontaine,682,Germany,Female,51,7,0.0,1,0,0,124664.42,0
15602856,Okonkwo,536,Spain,Male,41,6,0.0,2,1,1,10477.84,0
15602857,Aoki,630,France,Male,41,0,130999.3,1,1,1,132761.65,0
15602858,Dubois,850,Spain,Female,48,0,118256.41,1,1,0,85844.68,1
15602859,Weiss,612,France,Female,45,0,175137.83,2,1,1,200000.0,0
15602860,Bergstrom,615,France,Female,41,3,0.0,2,1,0,138943.34,0
15602861,Rousseau,693,Spain,Female,37,3,0.0,3,1,1,102623.72,0
15602862,Sorensen,598,France,Male,59,1,121786.68,2,0,1,122820.04,0
15602863,Girard,663,France,Male,31,4,0.0,2,0,1,103880.47,0
15602864,Odom,607,France,Female,46,6,130401.84,1,1,0,7401.78,1
15602865,Renner,689,France,Female,38,7,0.0,2,1,1,93613.15,0
15602866,Marchetti,644,France,Male,43,10,138947.31,1,0,1,1709.82,0
15602867,Fontaine,837,Spain,Female,51,7,0.0,1,1,0,78833.9,1
15602868,Voss,654,Germany,Male,35,10,139503.87,1,0,0,105417.77,0
15602869,Marchetti,629,France,Male,45,10,142855.59,3,1,0,25965.43,1
15602870,Novak,749,Spain,Female,41,9,0.0,1,1,0,92494.66,1
15602871,Lindqvist,516,France,Male,32,3,107916.45,2,1,1,182510.24,0
15602872,Fontaine,812,France,Male,51,0,0.0,2,1,0,65669.97,1
15602873,Voss,555,France,Female,46,0,50649.23,1,1,1,42288.5,0
15602874,Delacroix,764,France,Male,34,9,0.0,1,0,1,160554.46,0
15602875,Duarte,790,France,Male,50,9,150031.61,1,1,0,109855.24,1
15602876,Kowalski,600,France,Female,30,3,154308.5,1,1,0,95416.32,0
15602877,Iyer,609,France,Male,38,8,0.0,1,1,0,128061.43,0
15602878,Kessler,640,Spain,Female,34,4,61338.36,1,1,1,106741.55,1
15602879,Laurent,710,France,Male,46,0,160937.37,2,1,0,53038.84,1
15602880,Lindqvist,554,France,Male,34,7,204600.21,1,0,1,31174.03,0
15602881,Marceau,640,France,Female,46,0,141669.12,1,0,1,200000.0,0
15602882,Kowalski,620,Spain,Male,45,1,111861.26,2,1,0,124480.79,0
15602883,Sorensen,539,France,Female,35,5,0.0,1,1,0,187432.74,0
15602884,Castellano,550,Spain,Female,57,0,111302.42,1,0,1,83504.35,0
15602885,Laurent,662,France,Female,31,3,0.0,2,0,0,168767.47,0
15602886,Odom,661,France,Male,24,8,102045.7,2,1,1,52267.76,0
15602887,Voss,577,Germany,Male,47,6,176459.91,1,1,0,6765.14,0
15602888,Hargrove,658,France,Female,18,0,156156.6,1,1,1,124599.25,0
15602889,Okafor,588,France,Male,54,2,94853.15,2,0,0,151401.58,1
15602890,Novak,775,France,Female,40,10,116392.4,2,1,0,158014.59,1
15602891,Aoki,640,Germany,Female,24,10,111757.5,1,0,0,121983.71,1
15602892,Dubois,755,Spain,Male,29,10,90333.97,2,1,0,58442.12,0
15602893,Iyer,488,Spain,Male,22,5,0.0,2,0,1,119766.66,0
15602894,Bergstrom,681,Germany,Female,42,4,153401.34,1,1,1,118877.3,0
15602895,Nakamura,707,France,Female,25,8,171095.18,1,1,1,93401.63,0
15602896,Hargrove,637,Germany,Male,44,10,81628.91,1,1,1,71551.53,1
15602897,Winters,598,France,Female,35,1,79344.15,1,0,1,32624.25,0
15602898,Novak,635,Spain,Female,34,9,157389.05,1,1,0,109341.55,0
15602899,Thibault,721,France,Male,44,6,78703.13,1,1,1,111341.64,0
15602900,Okonkwo,534,France,Male,45,1,42666.26,1,1,0,13160.79,1
15602901,Kessler,717,Germany,Female,50,9,0.0,2,0,1,200000.0,0
15602902,Okafor,681,France,Female,32,0,179799.97,1,1,0,15121.02,1
15602903,Thibault,625,Germany,Female,38,0,0.0,2,1,1,58764.33,0
15602904,Duarte,629,France,Male,32,4,79584.56,1,1,1,111849.86,0
15602905,Aoki,656,Spain,Female,40,5,88451.14,2,1,0,119516.39,0
15602906,Rousseau,809,Germany,Female,31,4,0.0,1,1,1,50180.81,0
15602907,Voss,683,France,Female,34,2,46122.32,1,1,0,43239.44,0
15602908,Hallgren,560,Germany,Male,34,7,98883.05,3,0,0,91367.95,1
15602909,Laurent,608,Spain,Male,41,5,41861.77,1,1,1,95642.95,0
15602910,Hargrove,540,Spain,Male,39,1,92078.71,1,1,1,179566.39,0
15602911,Girard,469,France,Male,44,8,0.0,1,1,0,35360.12,1
15602912,Osei,538,Spain,Male,37,3,130839.61,3,0,0,101289.05,1
15602913,Hargrove,662,Spain,Female,33,7,104967.01,1,1,1,88160.59,0
15602914,Bergstrom,772,France,Male,40,3,52083.85,2,1,1,119087.36,0
15602915,Delacroix,746,France,Female,29,8,91433.38,2,0,1,81471.94,0
15602916,Hargrove,539,France,Male,44,3,129262.24,2,0,0,158057.84,1
15602917,Okonkwo,573,Germany,Female,36,2,143033.95,2,1,0,136118.75,0
15602918,Winters,560,France,Male,41,0,98350.95,1,1,1,172586.59,0
15602919,Mendez,402,Spain,Female,41,9,76805.18,1,1,1,104446.36,0
15602920,Odom,634,Germany,Female,55,7,0.0,2,1,1,96555.79,0
15602921,Bergstrom,727,France,Female,42,6,94313.66,1,1,0,74422.42,0
15602922,Mendez,626,France,Male,39,6,61078.2,2,1,1,11766.27,0
15602923,Nakamura,528,Spain,Male,31,0,127348.5,1,1,1,118946.32,0
15602924,Renner,569,France,Female,47,4,0.0,1,1,1,122949.71,0
15602925,Duarte,618,Spain,Male,36,9,0.0,1,1,0,129324.14,1
15602926,Whitfield,724,Spain,Female,23,3,80437.98,3,1,1,74591.71,0
15602927,Marceau,632,Spain,Male,37,0,0.0,1,0,0,30379.89,0
15602928,Bergstrom,711,France,Male,40,9,35798.78,2,1,0,50515.68,0
15602929,Nakamura,642,Spain,Female,30,0,75653.94,2,1,1,110194.78,0
15602930,Mendez,673,Spain,Female,37,7,0.0,1,1,1,160908.99,0
15602931,Marchetti,560,France,Female,38,9,87505.62,1,0,1,6388.95,0
15602932,Aoki,584,Spain,Male,38,8,0.0,1,1,0,190241.68,1
15602933,Bergstrom,529,Germany,Female,51,0,0.0,1,1,0,1000.0,0
15602934,Rousseau,708,Spain,Female,25,9,129475.97,3,0,0,200000.0,1
15602935,Bergstrom,622,France,Male,59,0,146768.78,1,0,0,37624.34,1
15602936,Adeyemi,350,France,Male,38,9,72735.76,1,1,1,181392.79,0
15602937,Marchetti,696,France,Male,44,0,97779.61,1,1,1,71707.3,0
15602938,Marceau,744,France,Female,40,5,111460.23,2,0,0,178720.86,0
15602939,Hallgren,572,France,Male,21,9,0.0,2,1,1,1000.0,0
15602940,Adeyemi,696,Germany,Female,28,2,0.0,1,1,1,131193.92,0
15602941,Marchetti,630,France,Male,33,0,0.0,1,1,1,156460.28,0
15602942,Dubois,447,Germany,Female,49,0,0.0,2,1,0,115312.56,0
15602943,Hallgren,837,France,Female,24,4,226415.18,4,1,0,131768.22,1
15602944,Odom,630,France,Male,30,3,197805.66,2,1,1,158022.45,0
15602945,Aoki,669,France,Male,40,2,119870.35,1,1,1,109137.67,0
15602946,Adeyemi,590,France,Male,43,5,169380.61,2,1,0,72188.64,0
15602947,Hallgren,622,Germany,Male,43,3,0.0,1,0,0,23063.4,1
15602948,Hallgren,666,Germany,Male,28,6,110051.94,2,0,1,152195.81,0
15602949,Kowalski,550,Germany,Female,22,3,154052.5,1,1,0,161653.94,1
15602950,Dubois,813,France,Male,44,3,0.0,2,0,1,138664.29,0
15602951,Whitfield,730,Germany,Male,53,9,137356.24,1,1,0,143050.87,1
15602952,Fontaine,700,France,Male,35,8,0.0,2,1,1,113553.49,0
15602953,Adeyemi,636,Germany,Male,27,8,87853.57,1,1,0,73276.59,1
15602954,Winters,577,Spain,Female,34,4,51660.37,1,1,1,164731.09,0
15602955,Reyes,749,France,Male,43,9,120115.36,1,1,1,71359.01,0
15602956,Petrov,709,France,Male,36,3,123826.51,2,0,1,106134.11,0
15602957,Osei,612,France,Male,53,7,0.0,1,1,0,130988.19,0
15602958,Thibault,546,France,Female,48,8,0.0,1,0,0,179073.13,0
15602959,Marchetti,499,Germany,Female,40,3,117206.48,1,0,1,1000.0,1
15602960,Weiss,653,Germany,Male,19,6,101875.08,1,1,1,149721.79,0
15602961,Okafor,626,Germany,Female,31,2,109124.8,1,1,1,73791.07,1
15602962,Laurent,764,France,Female,33,4,174262.14,1,1,0,128565.84,1
15602963,Reyes,745,Spain,Female,31,5,176081.49,2,1,1,1000.0,0
15602964,Fairweather,654,France,Male,40,7,162782.64,1,1,1,56507.98,0
15602965,Kowalski,642,Spain,Female,41,3,116687.81,2,0,0,167011.43,0
15602966,Fairweather,539,France,Female,21,7,102529.71,2,1,0,167068.98,0
15602967,Dubois,752,France,Male,47,7,0.0,1,0,1,88514.31,0
15602968,Dubois,645,Spain,Male,39,9,0.0,1,0,0,197489.86,1
15602969,Bergstrom,708,France,Male,42,0,191940.52,2,1,1,99346.83,0
15602970,Reyes,763,France,Male,46,5,136458.91,4,1,0,118399.66,1
15602971,Abubakar,596,Spain,Male,31,7,113997.88,2,1,0,51812.83,0
15602972,Balogh,571,France,Female,51,4,0.0,2,0,0,73119.16,1
15602973,Delacroix,850,Germany,Female,37,3,149758.28,1,1,1,123340.16,0
15602974,Odom,707,Spain,Male,54,6,91994.79,1,1,1,1000.0,0
15602975,Laurent,623,Germany,Male,29,5,102384.07,1,1,1,105272.32,0
15602976,Voss,769,Spain,Female,53,4,0.0,1,0,1,124905.05,0
15602977,Hallgren,620,Spain,Male,29,10,0.0,1,1,1,99835.61,0
15602978,Duarte,681,Spain,Male,64,4,0.0,1,1,0,182385.22,0
15602979,Hallgren,595,Germany,Female,29,2,86280.29,2,1,1,71924.19,0
15602980,Castellano,648,Spain,Male,49,0,105782.39,3,1,1,85958.83,0
15602981,Bergstrom,624,France,Male,35,1,65904.97,1,1,1,76504.0,0
15602982,Novak,578,France,Female,46,5,66027.03,1,0,1,82253.3,0
15602983,Marchetti,673,Spain,Female,38,2,142871.31,1,1,1,90320.61,0
15602984,Mendez,589,France,Male,27,1,0.0,1,0,1,67437.23,0
15602985,Schmitt,705,France,Female,18,3,204019.79,1,1,0,164215.09,1
15602986,Mendez,621,France,Female,64,2,113301.24,2,1,1,179815.03,0
15602987,Weiss,485,Spain,Male,39,5,119775.74,2,0,0,165459.77,0
15602988,Kessler,710,France,Female,18,0,0.0,3,1,1,140589.33,0
15602989,Abubakar,711,Spain,Male,42,10,63364.41,2,1,1,43562.61,0
15602990,Fontaine,850,Germany,Male,46,10,141466.3,1,1,1,95097.63,0
15602991,Iyer,652,Germany,Male,31,9,103540.95,1,1,0,200000.0,0
15602992,Duarte,668,France,Male,31,1,40220.54,1,1,1,87216.98,0
15602993,Reyes,696,Spain,Male,38,7,167365.82,2,0,1,122134.77,0
15602994,Hargrove,748,Spain,Female,51,0,83275.63,2,1,1,13526.42,0
15602995,Hargrove,742,France,Male,40,7,128529.67,2,1,1,130646.8,0
15602996,Sorensen,681,Spain,Female,53,8,130305.75,2,1,1,60748.91,0
15602997,Balogh,647,France,Male,50,3,122509.71,1,1,0,84354.41,0
15602998,Whitfield,731,Germany,Female,36,5,0.0,2,1,1,1000.0,0
15602999,Marceau,643,France,Male,22,10,0.0,1,0,1,96593.65,0
15603000,Odom,526,Germany,Male,36,2,0.0,2,1,1,151234.42,0
15603001,Okonkwo,506,Spain,Female,44,5,0.0,1,1,0,153594.07,0
15603002,Abubakar,622,France,Female,39,3,154426.73,2,0,0,77035.37,0
15603003,Fairweather,662,Spain,Male,45,1,0.0,2,1,1,143906.2,0
15603004,Voss,850,France,Male,47,7,52258.28,1,1,0,154988.01,0
15603005,Winters,638,Germany,Female,44,10,111719.05,2,1,0,55474.35,0
15603006,Osei,654,Spain,Female,36,6,0.0,1,1,1,155369.6,0
15603007,Kowalski,611,France,Male,44,5,182596.76,2,1,0,80568.84,0
15603008,Weiss,709,France,Female,61,5,0.0,1,1,1,23531.6,0
15603009,Lindqvist,677,Germany,Male,23,1,153344.75,1,0,1,59595.46,1
15603010,Aoki,589,France,Male,43,2,147843.24,2,1,0,112282.71,1
15603011,Sorensen,553,Germany,Female,57,8,0.0,1,0,0,13070.53,0
15603012,Lindqvist,611,Germany,Female,27,6,57551.09,1,1,1,1000.0,0
15603013,Girard,569,Spain,Male,49,2,0.0,1,0,0,122176.33,0
15603014,Aoki,628,France,Male,50,0,0.0,1,1,1,119861.76,0
15603015,Dubois,664,Spain,Male,23,2,0.0,1,1,1,83943.98,0
15603016,Thibault,602,Germany,Female,46,5,0.0,2,1,0,104821.36,0
15603017,Castellano,790,France,Male,36,2,0.0,1,0,1,137252.3,1
15603018,Dubois,761,France,Male,38,8,198735.05,1,0,1,1136.8,0
15603019,Novak,628,France,Male,35,6,0.0,1,1,1,1000.0,0
15603020,Osei,557,France,Female,52,1,143868.85,1,1,0,146108.26,1
15603021,Hallgren,647,Spain,Male,37,3,0.0,1,0,1,120827.37,0
15603022,Rousseau,637,France,Female,34,0,0.0,1,1,0,129668.04,1
15603023,Novak,644,Spain,Male,34,0,166310.31,2,1,1,51335.12,0
15603024,Sorensen,612,France,Male,35,8,43527.67,1,1,0,110180.19,0
15603025,Hargrove,549,France,Male,27,4,110065.68,1,1,1,160157.96,0
15603026,Delacroix,653,France,Male,34,9,132446.46,2,1,0,110951.27,0
15603027,Renner,616,Germany,Male,40,2,183424.85,3,0,0,69249.1,1
15603028,Hargrove,625,Spain,Male,43,3,160800.5,3,1,1,111839.9,1
15603029,Weiss,659,France,Male,51,5,0.0,2,1,0,176226.53,0
15603030,Fontaine,643,Germany,Male,41,3,153591.35,1,1,1,108270.13,0
15603031,Voss,657,France,Male,34,5,156481.13,1,0,1,34061.77,0
15603032,Fontaine,612,France,Male,28,1,0.0,1,0,0,197870.98,1
15603033,Schmitt,685,France,Male,42,0,62793.6,1,1,1,81525.57,0
15603034,Kessler,581,Germany,Male,37,9,196030.59,1,1,0,59083.22,0
15603035,Falk,546,Spain,Female,38,2,89326.15,1,0,1,63253.15,0
15603036,Marchetti,565,Spain,Female,41,1,0.0,1,1,0,127717.37,0
15603037,Hallgren,585,France,Female,44,3,0.0,3,0,1,64078.1,1
15603038,Okafor,526,France,Male,41,4,165011.5,1,0,1,4664.95,0
15603039,Adeyemi,488,Spain,Female,37,5,56048.78,1,1,0,124783.96,1
15603040,Fairweather,698,France,Female,30,8,70985.42,1,0,0,111220.54,1
15603041,Okafor,772,Germany,Male,32,9,166715.71,2,1,1,104470.09,0
15603042,Duarte,704,Germany,Male,47,3,3000.0,1,1,0,39800.98,1
15603043,Osei,604,France,Female,34,2,179936.65,1,1,0,75278.02,0
15603044,Whitfield,485,Spain,Female,25,1,70537.88,1,0,1,124507.83,0
15603045,Okafor,668,Germany,Female,50,1,104654.64,2,1,1,104849.8,0
15603046,Marceau,496,France,Female,29,0,73207.67,1,1,1,117211.87,0
15603047,Thibault,642,Spain,Female,39,0,45503.86,1,1,1,186774.47,0
15603048,Abubakar,573,Germany,Female,44,4,74056.08,2,0,1,114073.33,0
15603049,Fontaine,431,France,Male,39,6,70635.55,2,0,1,127469.31,0
15603050,Adeyemi,792,Germany,Male,18,9,50451.28,2,0,1,45509.75,0
15603051,Abubakar,529,France,Female,42,3,0.0,1,1,1,33618.83,0
15603052,Kowalski,616,Spain,Male,52,3,63523.36,2,1,0,137976.33,0
15603053,Bergstrom,638,Germany,Male,47,7,0.0,1,1,1,71946.66,1
15603054,Thibault,605,Spain,Male,18,7,0.0,3,1,1,1000.0,0
15603055,Hargrove,695,France,Male,60,7,133782.5,1,1,0,127277.87,1
15603056,Voss,579,Spain,Male,25,1,25296.96,1,1,0,158782.24,0
15603057,Weiss,687,France,Female,28,0,103090.92,1,0,1,38387.75,0
15603058,Petrov,681,France,Male,46,5,210478.29,2,1,0,1000.0,0
15603059,Rousseau,518,France,Female,43,4,121095.69,2,1,0,181669.03,0
15603060,Delacroix,673,Spain,Male,39,2,0.0,1,1,1,174341.51,0
15603061,Abubakar,549,France,Female,33,10,0.0,2,0,0,158220.44,0
15603062,Abubakar,538,France,Female,52,1,111330.7,4,0,0,51988.22,1
15603063,Girard,678,Germany,Female,38,3,101210.4,1,0,0,82811.52,1
15603064,Aoki,611,France,Male,23,8,0.0,1,1,1,122845.95,0
15603065,Weiss,686,France,Male,51,5,194857.26,2,1,0,151044.6,0
15603066,Hallgren,687,France,Female,41,2,0.0,2,0,0,92289.3,0
15603067,Falk,513,France,Female,50,5,72604.77,1,1,1,200000.0,0
15603068,Delacroix,721,Spain,Male,44,4,108223.4,1,1,1,134565.26,0
15603069,Sorensen,677,France,Female,63,2,160007.24,1,1,1,107407.51,1
15603070,Fontaine,594,France,Female,35,7,95079.31,2,1,0,91199.74,0
15603071,Nakamura,637,Germany,Male,39,8,0.0,1,1,0,113333.73,0
15603072,Thibault,724,Germany,Female,46,0,0.0,1,1,1,122260.48,1
15603073,Thibault,619,Spain,Male,35,0,0.0,2,1,1,35508.32,0
15603074,Marchetti,850,Germany,Male,47,9,158126.07,2,1,0,31093.75,0
15603075,Bergstrom,793,Germany,Female,18,2,0.0,2,1,1,57342.67,0
15603076,Hargrove,661,France,Male,38,0,3000.0,1,0,0,81611.58,0
15603077,Weiss,628,Spain,Female,37,6,119518.96,3,1,1,109581.28,1
15603078,Sorensen,632,Spain,Female,37,3,76742.64,2,0,1,74404.22,0
15603079,Adeyemi,592,France,Female,30,10,0.0,1,1,1,98583.76,1
15603080,Lindqvist,662,France,Male,48,10,62200.35,1,1,1,18153.01,0
15603081,Marchetti,716,France,Male,33,0,86736.83,2,0,1,169574.36,0
15603082,Lindqvist,520,Spain,Male,41,2,0.0,1,0,1,20546.84,0
15603083,Winters,712,Germany,Female,38,6,106215.13,1,1,1,117658.2,0
15603084,Rousseau,740,Germany,Male,44,3,78361.96,2,1,0,41293.95,0
15603085,Laurent,705,France,Female,53,0,76144.01,2,1,0,122968.45,1
15603086,Castellano,638,France,Male,40,5,138500.89,1,1,1,189634.53,0
15603087,Okafor,701,France,Male,47,6,111872.44,1,1,0,147002.36,1
15603088,Okafor,775,Spain,Female,40,10,112223.59,1,1,0,48972.98,1
15603089,Hargrove,644,Germany,Female,33,4,109530.59,2,0,0,113466.17,1
15603090,Hallgren,652,Germany,Male,37,8,67247.76,1,1,0,79237.18,0
15603091,Delacroix,850,Germany,Female,36,4,183840.35,2,1,0,24270.63,0
15603092,Osei,679,Germany,Male,44,7,213615.78,3,1,1,157068.15,0
15603093,Hargrove,553,Germany,Female,40,10,173925.38,1,1,0,200000.0,1
15603094,Marceau,734,France,Male,30,8,0.0,2,1,1,174404.54,0
15603095,Schmitt,689,France,Male,36,7,78918.54,1,1,0,30022.28,0
15603096,Fairweather,587,France,Male,23,9,0.0,1,0,1,200000.0,0
15603097,Novak,544,France,Male,37,2,0.0,1,1,0,64422.18,0
15603098,Okafor,673,France,Female,39,8,0.0,2,1,1,76391.12,0
15603099,Castellano,644,France,Male,57,10,43433.56,1,1,1,57209.47,0
15603100,Rousseau,531,Germany,Male,52,10,93884.36,2,0,0,109175.06,0
15603101,Thibault,642,France,Male,28,2,70922.22,2,0,0,1000.0,0
15603102,Okonkwo,635,Germany,Male,41,4,3000.0,1,0,0,43998.2,1
15603103,Okafor,644,Germany,Female,41,7,169572.29,2,1,0,167318.32,0
15603104,Odom,697,Spain,Male,36,0,132834.68,2,1,0,200000.0,1
15603105,Rousseau,481,Spain,Female,37,7,45218.77,4,0,1,1000.0,0
15603106,Adeyemi,543,France,Female,35,3,155396.36,2,1,0,160683.56,1
15603107,Winters,603,Spain,Male,58,9,118344.55,2,1,0,30561.24,0
15603108,Voss,777,France,Female,34,6,0.0,1,1,1,73482.34,0
15603109,Petrov,850,Germany,Male,42,4,148713.3,1,1,0,27243.89,0
15603110,Castellano,650,France,Male,18,0,0.0,1,1,1,157600.21,0
15603111,Osei,654,France,Male,47,7,145444.75,2,1,1,132964.75,1
15603112,Schmitt,415,Spain,Male,51,5,147561.07,2,1,1,106952.79,0
15603113,Fairweather,737,Spain,Male,28,6,0.0,2,0,1,144648.74,0
15603114,Duarte,693,France,Male,33,0,0.0,1,1,0,135998.88,1
15603115,Marceau,677,Spain,Female,43,4,215914.81,1,1,1,34883.07,0
15603116,Abubakar,530,France,Male,39,8,159630.0,1,1,1,119070.99,1
15603117,Delacroix,840,Spain,Female,43,10,72773.97,2,1,0,63574.77,0
15603118,Schmitt,796,France,Male,36,3,120865.0,1,1,1,56385.85,0
15603119,Schmitt,678,France,Female,58,2,0.0,1,1,0,129310.48,0
15603120,Hargrove,745,France,Male,32,7,0.0,1,1,0,176608.17,1
15603121,Weiss,655,France,Male,66,2,69185.96,2,1,0,95721.16,0
15603122,Girard,729,France,Male,51,9,223557.48,1,1,0,195129.29,0
15603123,Bergstrom,525,France,Female,47,6,97378.91,3,0,0,81276.02,1
15603124,Whitfield,432,France,Female,28,10,109803.44,1,1,1,2789.97,1
15603125,Whitfield,528,France,Male,48,2,0.0,1,1,0,22574.25,0
15603126,Dubois,573,Spain,Female,45,0,0.0,1,0,0,9353.77,1
15603127,Iyer,588,France,Female,18,9,85482.7,1,1,1,123650.29,0
15603128,Osei,693,Spain,Female,24,3,123583.73,1,0,0,200000.0,1
15603129,Schmitt,625,Germany,Male,42,3,112882.35,2,0,1,167380.52,0
15603130,Reyes,647,France,Female,37,2,90650.84,3,1,1,152591.29,1
15603131,Okonkwo,536,Germany,Female,33,4,0.0,2,1,1,194435.57,0
15603132,Winters,528,France,Male,50,9,84858.19,1,1,1,139453.46,0
15603133,Adeyemi,654,France,Male,29,7,0.0,1,1,1,165996.36,1
15603134,Hallgren,598,Spain,Male,34,0,0.0,1,1,1,106240.26,0
15603135,Okafor,650,Germany,Female,32,9,83346.06,3,1,0,49468.29,0
15603136,Falk,702,Germany,Male,44,4,96830.9,2,1,0,28802.82,0
15603137,Duarte,807,France,Male,21,7,54258.51,1,0,1,77621.88,0
15603138,Novak,648,Germany,Male,33,4,95082.88,1,1,1,1000.0,0
15603139,Petrov,824,France,Female,21,1,130729.01,2,1,0,80035.91,0
15603140,Laurent,689,France,Female,35,4,85569.81,1,0,1,81444.97,0
15603141,Delacroix,716,France,Male,46,3,55290.34,1,0,1,150956.96,0
15603142,Petrov,751,Germany,Male,46,0,130074.59,1,1,1,91521.58,0
15603143,Fontaine,719,France,Female,31,8,0.0,3,1,1,173311.52,0
15603144,Iyer,573,Germany,Male,44,9,142699.07,1,1,1,73930.81,0
15603145,Lindqvist,754,Spain,Male,37,9,50044.59,1,0,0,42249.72,1
15603146,Dubois,614,Spain,Female,52,2,0.0,3,0,1,200000.0,0
15603147,Duarte,679,Spain,Male,37,6,0.0,2,1,1,167244.3,0
15603148,Laurent,663,Germany,Male,18,5,61615.02,1,1,1,108296.27,0
15603149,Iyer,760,France,Male,48,6,163227.02,3,1,1,66225.76,1
15603150,Mendez,688,France,Female,34,8,178763.7,1,1,1,200000.0,1
15603151,Duarte,517,Spain,Female,36,4,96233.34,2,1,1,102466.23,0
15603152,Duarte,850,France,Male,42,3,0.0,2,1,0,151044.48,0
15603153,Weiss,730,France,Female,24,5,0.0,2,0,1,187203.85,1
15603154,Marchetti,597,France,Female,39,7,45377.04,1,0,1,126400.47,0
15603155,Marceau,541,France,Female,44,4,239578.87,1,1,0,34133.25,0
15603156,Renner,741,France,Male,42,3,60393.77,2,0,0,90205.0,0
15603157,Castellano,552,France,Male,32,0,129808.02,1,1,0,71448.24,1
15603158,Odom,727,Germany,Female,49,6,103963.05,1,0,1,99285.95,0
15603159,Sorensen,753,France,Male,28,0,0.0,2,1,0,119475.92,0
15603160,Kessler,588,Germany,Male,32,5,0.0,2,0,1,78168.35,0
15603161,Hargrove,579,Germany,Male,37,6,168386.5,1,1,1,79663.08,0
15603162,Osei,605,France,Female,42,5,130362.93,1,0,0,109345.37,1
15603163,Winters,555,Spain,Male,35,5,77194.42,1,1,0,13746.69,0
15603164,Kessler,672,Spain,Male,51,3,84003.5,2,1,1,81310.93,0
15603165,Petrov,686,Spain,Female,42,2,71317.5,2,1,1,116496.2,0
15603166,Sorensen,720,France,Male,39,9,156052.0,1,1,0,110727.98,1
15603167,Fontaine,570,France,Male,41,9,158115.88,2,1,1,56840.79,0
15603168,Mendez,731,France,Male,46,1,138367.04,1,0,0,71186.4,1
15603169,Fairweather,555,Spain,Male,41,2,124687.59,3,1,1,13489.28,0
15603170,Weiss,731,Germany,Female,20,3,0.0,2,1,0,55349.74,0
15603171,Weiss,507,Spain,Male,50,7,29551.79,2,1,1,1000.0,0
15603172,Castellano,801,Spain,Female,40,0,125757.39,2,1,1,86075.5,1
15603173,Kowalski,600,Germany,Male,45,8,0.0,4,0,1,126250.0,1
15603174,Reyes,708,Spain,Male,34,0,123549.7,1,1,0,57884.06,1
15603175,Kowalski,715,France,Male,20,9,0.0,1,1,1,1000.0,0
15603176,Marchetti,528,Germany,Male,18,0,0.0,1,1,1,149487.8,0
15603177,Mendez,730,France,Male,29,9,0.0,1,1,1,112048.51,0
15603178,Voss,597,France,Male,44,10,85835.41,2,1,1,49717.96,0
15603179,Kowalski,621,Spain,Female,52,8,0.0,2,0,1,47137.96,0
15603180,Winters,586,Germany,Male,42,10,87745.68,1,1,0,151528.39,1
15603181,Kowalski,805,France,Female,28,5,20829.99,3,0,0,125039.92,1
15603182,Kowalski,538,France,Male,31,7,0.0,1,1,1,140456.19,0
15603183,Novak,691,France,Male,52,6,0.0,2,0,0,12884.88,1
15603184,Schmitt,590,France,Female,25,0,129763.25,2,1,1,131238.28,0
15603185,Kowalski,755,France,Male,60,9,65157.65,2,1,1,39501.26,1
15603186,Rousseau,850,Spain,Male,58,7,87386.52,2,1,0,18489.83,1
15603187,Kowalski,589,Germany,Male,60,4,137949.47,1,1,0,98184.94,0
15603188,Hallgren,663,France,Male,42,2,113321.67,1,1,0,127734.28,0
15603189,Kowalski,613,France,Female,35,7,77102.98,2,0,1,101928.83,0
15603190,Kowalski,750,France,Male,42,10,176982.01,1,1,1,104543.56,0
15603191,Sorensen,626,France,Female,48,1,69644.43,2,1,0,32873.11,0
15603192,Voss,737,Spain,Male,32,10,3000.0,1,0,0,1000.0,1
15603193,Adeyemi,612,Spain,Male,27,6,0.0,2,1,1,125807.04,0
15603194,Mendez,850,Spain,Male,36,8,118495.15,1,0,1,113781.04,0
15603195,Marceau,440,France,Male,31,1,114898.76,2,1,0,71631.2,0
15603196,Hargrove,686,Spain,Female,51,1,132090.32,2,1,1,73931.65,0
15603197,Hallgren,649,France,Female,32,7,84150.97,1,0,0,105366.07,0
15603198,Winters,646,France,Male,39,3,163305.6,2,0,1,75790.03,0
15603199,Girard,677,Germany,Male,49,4,0.0,1,1,1,140424.35,1
15603200,Renner,656,Germany,Female,52,6,0.0,3,1,1,142896.76,0
15603201,Kowalski,671,Germany,Male,41,2,0.0,1,1,0,94833.46,1
15603202,Winters,689,Germany,Male,42,3,162337.52,1,0,0,86869.91,1
15603203,Odom,818,Spain,Male,28,3,72274.76,1,1,0,115212.26,0
15603204,Okonkwo,385,Germany,Male,49,3,115547.08,2,0,1,1000.0,0
15603205,Abubakar,827,France,Male,51,7,0.0,1,1,1,96200.11,0
15603206,Reyes,850,France,Male,19,1,121790.96,1,0,0,7447.97,0
15603207,Adeyemi,482,France,Female,56,9,75505.42,2,1,0,124191.34,1
15603208,Castellano,655,France,Male,31,7,130284.13,3,1,0,151925.45,1
15603209,Weiss,782,France,Female,45,0,113430.58,1,1,0,1000.0,0
15603210,Odom,738,France,Female,39,6,129169.98,1,0,1,138766.14,0
15603211,Marchetti,811,Spain,Male,38,1,190720.64,1,1,1,93924.9,0
15603212,Adeyemi,686,Germany,Male,36,1,0.0,2,1,1,128552.44,0
15603213,Adeyemi,455,Spain,Male,28,7,62246.09,1,1,0,157218.41,0
15603214,Reyes,775,France,Female,44,2,210051.33,2,0,0,112699.88,0
15603215,Renner,711,Spain,Male,36,6,160955.1,1,1,1,108015.54,0
15603216,Mendez,791,France,Female,25,3,144701.44,1,0,0,33213.08,1
15603217,Kessler,503,France,Female,28,3,0.0,1,1,1,49835.48,0
15603218,Hargrove,533,France,Female,25,7,148984.89,1,1,1,200000.0,0
15603219,Okonkwo,652,France,Male,33,7,9130.75,2,1,1,157217.21,0
15603220,Bergstrom,778,France,Female,43,0,189312.3,2,0,1,126638.34,0
15603221,Voss,805,Germany,Female,31,9,156816.41,2,0,1,44925.95,0
15603222,Petrov,580,Germany,Female,48,6,0.0,1,1,0,120446.58,0
15603223,Okonkwo,611,Spain,Male,37,2,155546.87,1,1,0,75023.7,1
15603224,Okonkwo,850,France,Female,36,1,142941.73,2,1,0,200000.0,1
15603225,Weiss,597,Germany,Male,39,5,61531.38,2,1,1,179631.51,0
15603226,Osei,715,Spain,Female,53,7,120946.11,2,0,0,52088.78,0
15603227,Balogh,607,France,Female,25,0,130751.17,1,1,1,57837.68,0
15603228,Mendez,696,Spain,Male,55,3,105307.6,1,1,0,87024.59,0
15603229,Hallgren,567,France,Female,48,10,0.0,2,1,0,174181.21,1
15603230,Marceau,570,France,Male,38,1,157062.56,1,1,1,163298.12,1
15603231,Osei,614,France,Female,51,8,120799.78,1,1,1,1000.0,0
15603232,Schmitt,598,Spain,Female,35,2,0.0,2,0,1,124161.54,0
15603233,Thibault,621,France,Female,41,5,79339.93,1,1,1,166889.21,0
15603234,Osei,700,France,Female,33,8,132472.82,1,1,0,87755.44,1
15603235,Osei,831,France,Male,48,10,65976.91,1,1,0,131763.07,0
15603236,Schmitt,593,Germany,Male,31,6,0.0,2,0,1,200000.0,0
15603237,Girard,555,France,Female,38,2,56282.08,1,0,0,180211.75,0
15603238,Marceau,651,France,Male,45,0,126410.24,2,0,0,128163.19,1
15603239,Osei,568,France,Male,49,8,0.0,1,0,1,119556.4,1
15603240,Weiss,493,Germany,Male,30,6,114598.81,2,1,0,97949.83,0
15603241,Kessler,752,Spain,Male,46,8,62466.77,1,1,1,132220.4,0
15603242,Abubakar,658,Germany,Female,28,10,159254.0,2,1,1,88758.89,0
15603243,Falk,667,France,Male,18,9,130009.97,1,1,0,160620.18,1
15603244,Iyer,465,France,Male,31,5,107738.9,2,0,1,41012.35,0
15603245,Nakamura,594,Spain,Female,47,7,63611.59,2,1,0,64732.78,0
15603246,Dubois,514,France,Female,38,6,0.0,2,1,0,76974.66,0
15603247,Schmitt,648,Germany,Male,33,2,224579.91,1,1,1,170828.1,0
15603248,Iyer,663,Germany,Female,39,3,0.0,2,0,1,146095.69,1
15603249,Sorensen,663,France,Male,39,1,62352.85,2,1,1,117602.48,0
15603250,Reyes,586,Germany,Female,45,4,127733.09,1,1,1,120377.62,0
15603251,Weiss,568,Spain,Male,22,1,0.0,1,1,1,1000.0,0
15603252,Okonkwo,631,France,Male,37,9,0.0,2,1,0,137576.51,0
15603253,Duarte,684,France,Male,40,9,179553.07,2,1,1,36415.28,0
15603254,Mendez,594,France,Female,25,8,0.0,1,1,1,60798.68,0
15603255,Weiss,560,Germany,Male,24,4,0.0,1,1,0,200000.0,1
15603256,Okafor,564,France,Male,35,0,0.0,1,1,1,127492.99,0
15603257,Sorensen,587,France,Female,39,6,51093.61,1,0,0,107009.69,1
15603258,Adeyemi,607,Spain,Male,39,0,66455.98,1,1,0,85857.54,0
15603259,Marceau,545,France,Female,33,0,106162.23,1,1,1,170385.67,1
15603260,Kowalski,607,France,Male,32,1,210037.38,4,1,0,35961.12,1
15603261,Marchetti,769,Spain,Male,34,5,69360.25,4,0,0,66221.16,0
15603262,Marceau,622,France,Male,42,8,97860.07,2,0,1,164922.88,0
15603263,Kowalski,531,France,Male,51,4,0.0,1,1,0,98569.92,0
15603264,Okafor,433,France,Male,18,8,151757.51,3,1,1,121063.33,0
15603265,Balogh,826,France,Male,45,5,0.0,2,1,1,63738.55,0
15603266,Aoki,759,France,Female,37,9,100323.15,1,0,0,132180.51,1
15603267,Delacroix,677,Germany,Male,44,4,0.0,1,1,0,67802.53,0
15603268,Delacroix,762,Germany,Male,51,3,184333.93,2,0,0,5848.31,0
15603269,Sorensen,701,France,Female,31,0,181643.27,3,0,0,155374.7,1
15603270,Rousseau,643,Germany,Male,48,2,0.0,1,0,0,46551.49,0
15603271,Sorensen,531,Spain,Female,26,0,0.0,1,0,1,25436.07,0
15603272,Thibault,833,Spain,Female,40,1,0.0,2,0,0,41316.85,0
15603273,Weiss,608,Spain,Male,36,10,0.0,1,1,0,101545.07,0
15603274,Novak,613,Spain,Female,39,5,47135.72,1,1,1,55322.99,0
15603275,Girard,654,Germany,Female,28,6,0.0,2,1,1,200000.0,1
15603276,Lindqvist,655,France,Male,43,4,0.0,2,1,1,162225.96,0
15603277,Fontaine,705,Spain,Female,55,7,117315.51,1,1,0,105097.3,0
15603278,Dubois,694,France,Male,29,6,0.0,1,1,0,45136.73,1
15603279,Renner,595,France,Female,40,10,138908.56,1,1,0,153797.18,1
15603280,Nakamura,652,Spain,Male,47,8,0.0,1,0,1,116730.59,0
15603281,Reyes,702,France,Male,35,6,0.0,2,0,0,58539.46,0
15603282,Balogh,586,France,Female,52,8,0.0,2,0,1,112614.21,1
15603283,Marceau,789,France,Male,34,6,0.0,2,1,0,111147.83,0
15603284,Balogh,648,France,Female,37,10,0.0,1,1,1,55228.63,0
15603285,Marchetti,803,Spain,Female,28,5,0.0,1,1,1,18686.72,0
15603286,Marceau,516,Spain,Female,40,9,0.0,1,1,1,168255.87,0
15603287,Rousseau,713,France,Female,39,1,146223.9,2,1,1,140717.21,0
15603288,Fairweather,565,France,Female,45,1,176292.19,1,0,1,91279.88,1
15603289,Petrov,589,France,Female,32,3,107091.08,1,1,1,129496.42,0
15603290,Okonkwo,737,France,Female,32,9,74521.72,1,1,1,150545.69,1
15603291,Abubakar,628,Spain,Male,43,9,76828.86,2,0,1,75553.94,0
15603292,Adeyemi,850,Spain,Female,53,4,0.0,1,1,1,80618.24,0
15603293,Fontaine,700,France,Male,45,4,103569.49,1,0,0,199804.91,0
15603294,Bergstrom,583,France,Male,57,5,141510.72,2,1,1,61838.44,1
15603295,Winters,700,Germany,Male,44,2,198685.73,2,1,1,200000.0,0
15603296,Rousseau,627,Germany,Male,44,5,0.0,1,1,0,200000.0,1
15603297,Dubois,730,France,Male,45,9,129962.13,2,0,0,115118.65,1
15603298,Laurent,622,France,Male,54,8,0.0,2,0,1,1100.14,0
15603299,Nakamura,689,France,Female,51,0,0.0,1,0,1,94227.38,0
15603300,Hallgren,669,Germany,Female,27,3,35509.97,2,1,1,104342.92,0
15603301,Hallgren,658,France,Female,47,7,61457.67,1,1,1,95235.12,0
15603302,Voss,750,France,Female,41,6,202732.05,2,0,1,174931.12,1
15603303,Marchetti,477,Germany,Female,37,7,162463.34,1,0,0,72139.86,1
15603304,Thibault,659,Spain,Female,20,8,126143.01,1,0,1,125925.88,1
15603305,Okafor,583,France,Male,23,3,135092.94,2,1,1,122912.63,0
15603306,Okonkwo,521,France,Female,35,5,0.0,2,1,1,124816.32,0
15603307,Reyes,570,France,Male,24,1,89588.27,1,1,0,45932.42,1
15603308,Weiss,591,Spain,Male,35,7,91644.65,3,1,0,153456.48,1
15603309,Bergstrom,627,France,Male,46,4,0.0,1,1,1,42051.7,0
15603310,Abubakar,682,Germany,Female,33,3,0.0,1,1,0,122633.18,0
15603311,Osei,702,Germany,Female,39,8,54469.84,1,0,1,129057.86,0
15603312,Castellano,611,Spain,Male,28,10,0.0,1,1,1,42557.09,0
15603313,Rousseau,802,Spain,Female,42,9,0.0,2,1,1,38030.87,0
15603314,Whitfield,614,France,Male,44,1,94353.32,1,1,1,79639.99,0
15603315,Sorensen,463,France,Male,24,8,0.0,1,0,0,164123.15,1
15603316,Balogh,617,Spain,Male,31,6,93039.08,2,1,0,124435.34,1
15603317,Renner,655,France,Male,26,1,0.0,1,1,0,160113.3,0
15603318,Weiss,350,France,Female,44,4,0.0,2,1,1,164627.97,0
15603319,Okafor,766,France,Male,40,2,0.0,1,1,0,142995.04,0
15603320,Rousseau,640,France,Male,38,2,0.0,2,1,1,97944.63,0
15603321,Hallgren,539,France,Male,37,6,99675.96,1,1,1,1000.0,0
15603322,Fairweather,558,Spain,Female,42,4,128952.63,3,0,0,139332.44,1
15603323,Delacroix,723,Germany,Female,42,7,164235.96,1,1,0,200000.0,1
15603324,Rousseau,735,Spain,Female,33,8,105810.53,1,0,0,57363.12,0
15603325,Rousseau,588,Germany,Female,32,0,0.0,2,1,0,97789.44,1
15603326,Balogh,520,France,Female,38,9,199776.2,1,0,1,200000.0,0
15603327,Hallgren,663,Germany,Male,37,1,0.0,1,1,1,130517.86,0
15603328,Nakamura,680,Spain,Male,60,0,0.0,1,1,1,127123.5,0
15603329,Kessler,704,France,Male,35,1,176783.64,1,1,1,76034.21,0
15603330,Aoki,596,Germany,Male,41,0,77136.16,2,1,0,116305.52,0
15603331,Balogh,638,France,Male,43,3,0.0,2,1,1,111459.72,0
15603332,Aoki,652,France,Male,53,9,0.0,2,1,1,123676.33,0
15603333,Dubois,743,France,Male,30,7,102967.28,1,1,0,34010.52,1
15603334,Dubois,778,France,Male,52,4,68986.45,2,1,0,200000.0,1
15603335,Fontaine,804,France,Male,37,10,80206.82,2,1,0,100992.76,1
15603336,Okonkwo,775,Spain,Male,64,5,165736.51,2,0,1,42338.65,0
15603337,Hallgren,824,Germany,Female,42,0,0.0,1,1,1,59522.31,0
15603338,Okafor,747,France,Female,26,0,137123.95,1,0,0,36357.34,0
15603339,Okonkwo,593,Spain,Male,36,5,0.0,1,1,0,85392.89,0
15603340,Bergstrom,797,France,Male,52,2,181222.28,1,0,1,81495.95,1
15603341,Adeyemi,518,Germany,Male,39,4,158881.79,2,1,0,156600.9,1
15603342,Voss,850,France,Male,38,3,107519.36,1,1,0,26579.17,0
15603343,Aoki,556,France,Male,46,4,0.0,1,1,0,20309.27,0
15603344,Delacroix,735,Spain,Male,35,10,188093.93,3,1,1,1000.0,0
15603345,Winters,789,Spain,Female,36,0,0.0,1,1,1,120843.81,0
15603346,Dubois,694,Germany,Female,29,1,59204.86,4,1,0,139009.0,1
15603347,Falk,453,Spain,Female,56,3,0.0,1,0,1,1000.0,1
15603348,Marceau,559,Germany,Female,26,8,0.0,2,1,1,124022.56,0
15603349,Okonkwo,684,France,Female,40,2,0.0,1,1,1,58938.45,0
15603350,Fontaine,711,France,Female,43,2,31838.97,3,0,0,159627.76,1
15603351,Fontaine,633,France,Female,38,7,0.0,1,1,0,200000.0,0
15603352,Balogh,657,France,Female,26,6,10226.0,1,1,1,1468.85,0
15603353,Duarte,509,France,Female,28,7,0.0,2,1,1,66726.3,0
15603354,Weiss,820,France,Female,44,7,3000.0,1,1,0,159239.05,1
15603355,Schmitt,614,France,Female,31,6,133893.29,2,1,0,159607.92,1
15603356,Okafor,726,Spain,Male,18,6,0.0,1,1,1,91430.25,0
15603357,Reyes,785,France,Male,42,5,101378.09,1,0,1,153217.0,0
15603358,Kowalski,539,Spain,Male,30,8,171082.11,1,1,0,127166.32,0
15603359,Novak,662,Spain,Male,45,3,151774.87,1,1,1,156514.23,0
15603360,Winters,677,France,Male,36,3,0.0,2,1,0,160471.61,1
15603361,Nakamura,625,France,Male,36,2,0.0,3,1,1,92862.4,1
15603362,Balogh,739,Spain,Male,39,9,156181.81,2,1,1,148088.61,0
15603363,Abubakar,586,Spain,Female,27,0,0.0,3,0,0,93574.6,0
15603364,Lindqvist,655,France,Male,30,2,0.0,1,0,0,150286.09,0
15603365,Delacroix,614,France,Male,36,1,0.0,2,1,0,57306.24,1
15603366,Sorensen,850,Spain,Male,27,4,158463.35,1,0,0,125666.39,0
15603367,Weiss,586,Spain,Male,46,2,115337.66,2,0,0,124404.62,0
15603368,Adeyemi,722,France,Female,35,5,109102.65,2,1,1,154561.55,0
15603369,Iyer,822,France,Female,24,10,3000.0,1,1,1,93563.39,0
15603370,Renner,562,Germany,Male,33,4,138640.51,1,1,0,45888.11,0
15603371,Laurent,659,France,Male,40,10,108948.19,1,0,0,95645.43,1
15603372,Rousseau,555,Germany,Male,34,3,84991.98,2,0,1,16694.02,0
15603373,Hallgren,457,France,Female,43,8,70173.65,2,1,0,75831.57,0
15603374,Renner,575,Spain,Female,44,1,117542.4,2,1,1,9588.29,0
15603375,Marceau,595,France,Female,63,6,0.0,2,1,0,104460.02,0
15603376,Weiss,601,France,Male,50,8,92893.3,3,1,1,163101.75,0
15603377,Girard,621,Germany,Female,22,7,139965.53,4,0,1,154228.76,0
15603378,Marceau,651,France,Female,35,10,0.0,1,1,1,2490.19,1
15603379,Voss,535,Germany,Female,36,6,79383.05,3,1,0,114401.8,1
15603380,Mendez,684,France,Male,44,6,146313.76,2,1,1,200000.0,0
15603381,Iyer,766,Germany,Male,29,7,91776.87,1,1,0,67895.52,1
15603382,Odom,778,Germany,Male,33,3,197840.22,2,1,1,127041.14,0
15603383,Castellano,625,Spain,Male,26,2,0.0,1,0,1,169785.52,1
15603384,Girard,736,France,Female,32,9,53599.15,2,0,0,14107.69,1
15603385,Marchetti,585,Spain,Male,33,10,0.0,1,1,1,121260.34,0
15603386,Girard,617,Spain,Male,35,10,0.0,2,1,0,155018.46,0
15603387,Whitfield,688,Germany,Female,26,8,81642.42,2,1,0,81049.78,0
15603388,Whitfield,618,France,Male,49,2,157838.15,1,1,0,15781.03,1
15603389,Nakamura,529,France,Female,43,2,84986.24,2,1,1,172619.12,0
15603390,Dubois,730,France,Female,24,3,124098.95,2,1,0,1000.0,0
15603391,Weiss,570,Spain,Female,39,5,95228.66,2,0,0,1000.0,0
15603392,Weiss,600,Germany,Female,23,2,124773.87,2,0,1,17834.31,1
15603393,Girard,752,France,Male,52,8,148467.55,4,1,0,75982.52,0
15603394,Odom,702,Spain,Male,55,0,0.0,2,1,1,9278.11,1
15603395,Nakamura,667,Germany,Female,38,10,145050.15,1,1,1,30653.69,0
15603396,Okafor,509,France,Male,30,4,27069.01,1,0,1,59309.88,0
15603397,Iyer,538,France,Male,32,4,132781.07,2,1,0,176335.37,0
15603398,Falk,688,Spain,Female,34,4,113150.66,1,1,0,126374.11,0
15603399,Reyes,710,Spain,Male,37,5,98894.31,1,1,1,113214.17,0
15603400,Novak,674,France,Male,52,6,0.0,2,1,0,195298.81,0
15603401,Duarte,605,Germany,Male,48,3,0.0,3,1,1,198611.82,1
15603402,Renner,601,Spain,Male,48,3,123367.64,1,0,1,45375.74,0
15603403,Aoki,671,Germany,Female,40,4,129675.49,1,0,1,41770.25,0
15603404,Okafor,530,Germany,Male,27,1,132467.6,2,0,1,62772.73,0
15603405,Fontaine,659,Germany,Male,31,2,111638.44,1,1,1,114806.0,0
15603406,Osei,517,Spain,Male,39,4,52071.53,1,1,0,181244.75,1
15603407,Duarte,549,France,Female,26,0,60597.85,1,1,0,37692.39,0
15603408,Renner,667,Spain,Male,42,4,0.0,1,0,1,95325.84,0
15603409,Sorensen,706,France,Male,47,4,118230.88,2,1,0,92221.39,0
15603410,Balogh,683,Spain,Female,44,0,0.0,2,1,1,184574.12,0
15603411,Falk,543,France,Male,44,5,107405.15,2,1,0,152231.84,1
15603412,Girard,470,Spain,Female,19,7,0.0,1,1,0,38798.88,0
15603413,Okonkwo,649,France,Male,52,8,0.0,2,0,0,148044.08,0
15603414,Petrov,468,France,Male,23,4,105216.26,2,1,0,82962.27,1
15603415,Fontaine,741,France,Male,37,5,25185.03,1,0,0,116042.87,0
15603416,Rousseau,546,Spain,Female,45,0,124708.16,1,1,1,25522.2,0
15603417,Castellano,850,Germany,Male,42,3,106569.71,1,0,0,1000.0,1
15603418,Marceau,558,France,Male,25,7,0.0,2,1,1,82438.68,0
15603419,Iyer,694,Germany,Male,27,5,211414.7,2,1,0,42153.29,0
15603420,Delacroix,579,Germany,Male,41,10,0.0,2,1,1,88642.11,0
15603421,Bergstrom,634,France,Female,44,8,203129.56,4,1,1,60786.28,0
15603422,Marchetti,668,Spain,Female,27,9,70643.4,3,1,0,102754.96,1
15603423,Nakamura,733,France,Male,43,5,0.0,3,1,0,114350.65,1
15603424,Okafor,748,France,Male,23,0,71508.07,2,1,0,142597.08,0
15603425,Castellano,720,Spain,Male,45,6,170663.92,4,0,1,142017.06,0
15603426,Odom,750,France,Female,29,10,0.0,1,0,1,176797.61,0
15603427,Schmitt,591,Germany,Male,39,1,40695.79,1,0,0,105772.77,1
15603428,Voss,712,Germany,Male,38,10,129013.78,2,1,1,27453.3,0
15603429,Nakamura,617,Germany,Female,50,0,0.0,1,1,1,158453.66,0
15603430,Adeyemi,745,Spain,Female,41,6,140722.96,2,1,1,116292.11,0
15603431,Whitfield,661,Spain,Male,32,10,78419.61,2,1,0,145759.32,0
15603432,Nakamura,710,Germany,Male,42,2,65834.26,2,1,1,148248.67,0
15603433,Kessler,678,France,Female,60,2,0.0,1,1,1,84123.0,0
15603434,Adeyemi,723,France,Female,46,8,70367.19,1,0,1,83284.74,0
15603435,Hargrove,572,Spain,Male,38,3,70226.35,2,1,1,200000.0,0
15603436,Reyes,499,France,Male,30,7,135083.75,2,0,0,23544.05,0
15603437,Iyer,745,France,Male,32,1,3000.0,2,1,1,73064.6,0
15603438,Lindqvist,779,France,Male,45,7,148639.49,2,1,1,150627.69,0
15603439,Hargrove,639,Spain,Male,29,5,201423.53,1,1,1,88653.37,0
15603440,Osei,728,France,Female,39,5,155262.44,2,1,0,66725.26,1
15603441,Fairweather,494,France,Male,53,8,0.0,2,1,1,147180.56,0
15603442,Dubois,590,France,Male,40,4,75835.44,1,1,1,180060.69,0
15603443,Petrov,658,France,Female,27,7,0.0,4,1,0,110338.46,1
15603444,Castellano,483,Germany,Male,61,4,130257.93,1,1,0,9255.3,1
15603445,Sorensen,503,France,Male,56,9,0.0,1,1,1,107065.9,0
15603446,Rousseau,665,Spain,Female,44,6,190445.05,1,0,0,124132.53,1
15603447,Novak,592,Germany,Male,52,3,0.0,1,1,0,40223.73,0
15603448,Rousseau,617,France,Female,36,9,85435.18,2,1,1,189234.43,0
15603449,Fairweather,611,Germany,Male,46,3,72919.0,4,1,0,132057.47,1
15603450,Duarte,527,Spain,Male,34,10,144223.73,1,1,1,42884.68,0
15603451,Osei,629,Spain,Female,25,10,0.0,2,1,1,133196.36,0
15603452,Dubois,649,France,Male,65,6,115413.79,2,1,1,132070.37,1
15603453,Kessler,594,France,Male,24,5,111939.1,2,1,1,63982.27,0
15603454,Sorensen,602,Germany,Male,42,2,217653.27,3,1,0,26142.57,1
15603455,Laurent,630,Germany,Female,41,9,145999.62,2,1,0,83281.11,1
15603456,Laurent,729,Germany,Male,44,2,9354.96,3,1,0,63034.83,1
15603457,Aoki,641,Germany,Female,38,6,0.0,2,1,1,115524.9,0
15603458,Abubakar,465,France,Female,38,8,0.0,1,0,1,83742.79,0
15603459,Okafor,535,Germany,Male,40,1,98528.05,1,0,0,129155.2,0
15603460,Falk,739,France,Male,43,1,175087.75,1,1,0,113794.94,1
15603461,Voss,584,Germany,Male,38,10,95511.08,2,1,1,144571.12,0
15603462,Aoki,642,France,Female,38,10,62766.46,1,1,0,134891.33,0
15603463,Marceau,835,France,Male,25,3,76491.15,1,1,1,159116.58,0
15603464,Weiss,711,Germany,Female,59,2,145724.95,1,1,1,48948.9,0
15603465,Kessler,444,Germany,Male,44,7,44255.33,1,1,0,162236.52,1
15603466,Fairweather,789,Spain,Male,41,6,87351.87,1,1,0,200000.0,1
15603467,Osei,664,France,Female,32,2,0.0,3,0,1,172082.88,1
15603468,Hargrove,685,France,Male,28,2,0.0,2,0,0,12885.73,1
15603469,Rousseau,679,Germany,Male,47,6,0.0,2,1,1,196915.84,0
15603470,Sorensen,738,France,Female,37,3,0.0,1,0,0,145470.3,0
15603471,Girard,642,France,Female,45,5,67222.35,3,0,0,159995.67,1
15603472,Petrov,508,Spain,Male,25,7,85877.31,1,0,1,52879.51,0
15603473,Fontaine,681,France,Male,54,2,100136.93,1,1,0,14990.13,0
15603474,Adeyemi,517,Spain,Male,48,6,66163.58,1,0,0,186560.15,1
15603475,Laurent,824,France,Female,38,10,0.0,1,1,0,72007.6,1
15603476,Rousseau,615,Germany,Male,43,5,0.0,1,1,0,51142.76,1
15603477,Weiss,645,Germany,Female,46,1,0.0,1,1,1,8155.43,1
15603478,Girard,585,Germany,Female,25,8,218720.63,1,1,1,1000.0,0
15603479,Winters,683,Spain,Female,56,4,78349.5,2,1,1,100035.88,0
15603480,Hallgren,694,France,Male,43,7,0.0,2,1,1,153292.81,0
15603481,Kessler,585,Spain,Male,31,0,0.0,2,1,0,117481.06,1
15603482,Kessler,693,Germany,Male,27,7,86276.39,2,1,1,91779.96,0
15603483,Marchetti,657,Spain,Male,49,7,0.0,2,0,0,178518.84,0
15603484,Hallgren,641,Spain,Male,41,0,0.0,2,1,1,186598.76,0
15603485,Okonkwo,578,Spain,Female,43,5,93465.22,4,0,1,46126.63,1
15603486,Renner,850,Spain,Male,39,5,155886.24,1,0,0,111086.05,1
15603487,Lindqvist,764,Spain,Male,28,6,207183.65,2,1,1,107350.95,0
15603488,Delacroix,720,France,Male,44,6,184439.45,1,1,1,82008.33,0
15603489,Castellano,758,France,Female,36,7,118293.97,1,1,1,126902.89,0
15603490,Thibault,679,Spain,Male,38,10,136059.38,2,0,0,185728.77,0
15603491,Castellano,616,France,Female,63,8,128525.02,2,0,1,1000.0,0
15603492,Adeyemi,396,Germany,Female,47,3,84285.14,2,1,0,113475.85,1
15603493,Okonkwo,533,Spain,Male,48,10,64042.21,1,1,1,108579.37,0
15603494,Castellano,850,France,Female,66,5,124414.01,1,1,1,85934.16,0
15603495,Kowalski,761,Germany,Male,42,9,106494.0,2,1,1,144176.92,0
15603496,Okonkwo,669,Spain,Male,40,5,0.0,2,0,1,84643.04,1
15603497,Hallgren,499,Germany,Male,32,3,3000.0,1,1,1,58124.71,1
15603498,Bergstrom,711,France,Male,34,7,103323.28,1,0,0,145807.93,1
15603499,Rousseau,623,Germany,Female,18,7,172461.14,2,0,1,27179.29,0
15603500,Dubois,717,France,Female,47,1,0.0,2,1,1,59768.41,0
15603501,Odom,543,Spain,Male,26,0,62849.23,2,1,1,51495.0,0
15603502,Aoki,603,France,Female,48,8,46548.18,1,1,1,197617.59,0
15603503,Falk,735,Spain,Male,38,1,109692.84,1,1,0,108478.64,1
15603504,Hargrove,835,Spain,Male,40,5,151259.2,1,1,0,20445.55,0
15603505,Balogh,587,Spain,Female,38,5,137814.59,1,1,0,114592.32,0
15603506,Whitfield,554,France,Male,53,4,117773.21,1,1,1,35201.59,0
15603507,Aoki,748,Germany,Female,51,5,0.0,1,0,0,116361.61,1
15603508,Dubois,529,Spain,Male,38,10,0.0,1,1,0,22996.89,1
15603509,Novak,536,France,Female,29,5,141967.41,1,0,1,11915.95,0
15603510,Laurent,676,Germany,Male,48,9,158870.66,1,1,0,141027.09,1
15603511,Novak,850,Spain,Male,29,5,89756.42,4,1,1,63855.03,0
15603512,Nakamura,569,Germany,Female,23,5,67709.29,2,1,0,172344.0,0
15603513,Novak,615,Germany,Male,44,7,0.0,1,1,0,1000.0,0
15603514,Nakamura,661,Germany,Male,51,2,86462.16,1,1,0,133230.16,1
15603515,Weiss,605,Germany,Female,34,10,0.0,1,1,0,71708.41,0
15603516,Kowalski,480,Spain,Male,43,10,0.0,2,1,0,142211.9,0
15603517,Voss,727,France,Male,34,1,124702.37,1,1,1,75780.74,0
15603518,Okafor,668,Spain,Male,46,1,122471.19,1,1,1,135137.91,0
15603519,Schmitt,685,Germany,Female,50,3,0.0,1,0,0,84049.0,1
15603520,Okafor,636,Spain,Female,36,2,153860.23,4,1,0,105609.03,1
15603521,Marchetti,795,Germany,Female,28,0,47839.04,1,1,0,175408.87,0
15603522,Lindqvist,602,France,Male,24,8,112177.42,1,1,1,103316.72,0
15603523,Whitfield,547,France,Male,48,2,0.0,2,1,1,64010.08,0
15603524,Mendez,810,Spain,Male,27,4,139550.21,2,1,0,45055.69,0
15603525,Mendez,439,France,Male,42,10,0.0,2,0,0,128079.67,0
15603526,Lindqvist,635,France,Female,46,4,0.0,1,1,0,164589.44,0
15603527,Odom,643,France,Male,33,0,0.0,2,1,0,138457.73,0
15603528,Nakamura,639,Germany,Female,37,2,0.0,1,1,1,200000.0,0
15603529,Osei,501,France,Female,49,2,0.0,1,0,1,116967.33,0
15603530,Winters,536,France,Female,30,6,0.0,1,0,1,67720.25,0
15603531,Reyes,742,France,Male,29,4,105592.53,1,1,0,178448.24,0
15603532,Aoki,783,France,Male,36,0,0.0,1,0,0,22563.28,1
15603533,Petrov,610,France,Female,52,3,0.0,1,1,0,53653.83,0
15603534,Laurent,561,Spain,Female,55,5,35530.74,2,1,0,104484.91,0
15603535,Hallgren,479,Germany,Male,37,5,152731.41,1,0,0,41132.54,0
15603536,Schmitt,740,France,Female,31,4,44501.23,2,1,1,131059.39,0
15603537,Aoki,746,Spain,Female,49,10,0.0,1,1,0,75165.1,1
15603538,Aoki,380,France,Male,21,5,202026.54,2,1,1,160824.52,0
15603539,Kowalski,417,France,Female,41,7,73227.31,2,1,1,128102.55,0
15603540,Mendez,663,Germany,Male,38,6,0.0,2,1,0,200000.0,0
15603541,Odom,676,Spain,Female,52,4,3000.0,1,1,1,1000.0,0
15603542,Iyer,604,Germany,Male,53,0,24849.04,2,1,0,127162.39,0
15603543,Adeyemi,647,France,Male,29,7,143594.46,2,1,0,107603.8,1
15603544,Lindqvist,626,France,Male,40,9,0.0,1,0,1,107018.07,0
15603545,Weiss,653,France,Female,33,9,0.0,1,1,1,76013.61,0
15603546,Thibault,564,France,Female,36,8,80475.64,2,0,0,118779.82,0
15603547,Sorensen,649,Germany,Male,45,2,32940.81,2,0,1,1000.0,0
15603548,Laurent,585,France,Male,35,4,55490.48,2,1,1,1000.0,0
15603549,Renner,577,Germany,Male,40,7,0.0,2,1,0,52189.46,0
15603550,Iyer,471,Germany,Male,48,8,0.0,1,1,1,1000.0,0
15603551,Thibault,633,Spain,Female,54,6,22243.34,1,1,1,122036.57,0
15603552,Voss,727,France,Male,41,0,140324.57,1,1,1,42413.96,0
15603553,Petrov,619,Spain,Female,40,8,230559.22,3,1,0,95375.69,1
15603554,Whitfield,616,France,Female,27,6,0.0,2,1,1,116019.78,0
15603555,Marceau,771,Germany,Male,55,0,78683.02,1,1,1,89919.11,0
15603556,Kessler,748,France,Male,44,5,141080.47,2,1,1,136972.61,0
15603557,Adeyemi,817,Germany,Female,40,8,162321.4,2,1,0,71551.19,0
15603558,Sorensen,850,Spain,Female,39,10,153079.89,2,1,1,94983.02,0
15603559,Marceau,656,Spain,Female,42,8,96144.97,3,0,0,69267.68,1
15603560,Okonkwo,539,Spain,Male,46,2,90974.15,2,1,1,152328.52,0
15603561,Rousseau,600,Spain,Male,48,7,25785.97,2,1,1,21594.27,0
15603562,Winters,705,Germany,Female,55,7,0.0,2,1,0,120046.44,0
15603563,Weiss,788,France,Male,41,2,130035.49,2,0,1,186773.61,0
15603564,Schmitt,549,Germany,Female,56,9,0.0,2,0,1,125699.99,0
15603565,Abubakar,675,Germany,Female,49,1,0.0,2,0,0,64038.47,1
15603566,Weiss,574,Germany,Male,38,8,0.0,1,0,1,117708.55,0
15603567,Nakamura,636,France,Male,21,8,115088.65,2,1,0,60767.71,1
15603568,Girard,634,Germany,Male,39,10,112969.51,1,1,0,161021.11,1
15603569,Okafor,687,France,Female,54,7,149305.65,2,0,1,124647.97,1
15603570,Balogh,845,Germany,Male,31,0,0.0,2,1,1,107916.81,0
15603571,Fairweather,696,France,Male,39,10,0.0,2,1,1,179559.75,0
15603572,Abubakar,609,France,Female,40,4,0.0,1,1,0,102551.45,0
15603573,Bergstrom,593,France,Female,48,5,0.0,1,1,1,14482.65,0
15603574,Marceau,632,France,Male,35,9,0.0,2,1,1,101959.38,0
15603575,Nakamura,566,France,Female,30,2,0.0,1,1,0,82403.5,0
15603576,Okonkwo,663,Germany,Male,44,7,83896.47,1,1,1,96815.42,1
15603577,Okonkwo,419,France,Female,31,8,104007.15,1,0,1,126953.9,1
15603578,Winters,630,Spain,Female,20,5,120810.65,1,1,0,138572.6,1
15603579,Hallgren,637,France,Male,57,8,127501.34,1,0,0,36014.59,1
15603580,Marchetti,539,Germany,Male,48,7,125445.55,1,1,1,99473.82,0
15603581,Dubois,613,Germany,Male,58,5,105166.82,3,1,1,87016.47,1
15603582,Abubakar,758,France,Female,47,1,194241.03,1,1,1,110612.69,1
15603583,Kessler,764,Spain,Female,45,8,115763.91,2,0,0,122395.13,1
15603584,Novak,599,Germany,Male,42,8,0.0,1,1,1,94474.2,0
15603585,Castellano,700,Germany,Female,37,3,0.0,1,1,0,28322.17,0
15603586,Bergstrom,506,France,Male,44,9,0.0,2,1,1,93075.08,0
15603587,Iyer,622,France,Female,33,2,201742.61,2,1,1,165437.59,0
15603588,Rousseau,672,Germany,Female,28,1,12230.08,1,1,1,34352.77,0
15603589,Falk,797,France,Male,35,1,0.0,2,1,1,176687.53,0
15603590,Fairweather,765,Germany,Male,52,6,28514.04,2,0,1,1249.64,0
15603591,Fontaine,670,France,Female,26,3,43893.79,2,1,1,109838.37,0
15603592,Dubois,562,Germany,Female,26,7,134642.64,2,1,0,62937.61,0
15603593,Hallgren,780,France,Male,45,7,126276.11,2,1,1,97057.71,0
15603594,Thibault,617,France,Female,34,4,81583.95,1,0,1,140125.63,0
15603595,Adeyemi,693,Germany,Male,43,2,193685.12,2,1,0,152133.68,0
15603596,Lindqvist,638,Germany,Male,49,10,168718.08,3,1,0,171790.09,1
15603597,Novak,841,Germany,Female,43,9,109420.78,1,0,1,8999.95,0
15603598,Mendez,591,Germany,Male,32,3,0.0,2,1,1,47538.45,0
15603599,Bergstrom,738,France,Female,52,2,159943.05,2,1,0,65057.15,1
15603600,Whitfield,642,France,Female,46,8,87865.71,1,0,1,54651.56,1
15603601,Bergstrom,705,France,Male,39,7,126610.89,1,1,1,122389.89,0
15603602,Voss,806,Spain,Male,38,5,0.0,2,1,1,143635.38,0
15603603,Girard,458,France,Male,42,5,0.0,1,0,0,1000.0,0
15603604,Odom,644,Germany,Male,35,7,175938.9,1,1,1,35056.07,0
15603605,Castellano,564,France,Female,22,2,93024.7,4,1,0,88213.41,1
15603606,Aoki,693,France,Male,46,10,138940.4,1,0,0,97242.08,0
15603607,Dubois,716,France,Female,46,6,0.0,1,1,1,188636.35,0
15603608,Marchetti,605,France,Male,18,1,157615.58,1,0,0,26821.88,1
15603609,Winters,600,France,Male,44,10,199210.56,3,1,0,66291.3,1
15603610,Rousseau,670,Spain,Female,56,10,70890.92,1,0,0,172550.55,1
15603611,Thibault,528,France,Male,27,10,55358.33,2,1,1,67888.34,0
15603612,Novak,682,Spain,Female,38,7,95930.23,2,0,0,139225.9,0
15603613,Balogh,571,Germany,Female,37,3,0.0,1,1,0,70348.33,0
15603614,Whitfield,720,Spain,Female,55,5,0.0,2,1,1,82153.87,0
15603615,Odom,523,Spain,Male,50,5,84494.67,2,1,1,129979.86,0
15603616,Bergstrom,596,France,Male,30,5,0.0,2,1,0,81478.49,0
15603617,Rousseau,578,France,Female,42,1,0.0,1,1,0,54473.76,1
15603618,Marchetti,621,France,Male,62,3,125649.75,1,1,0,137529.08,1
15603619,Mendez,782,Germany,Female,32,5,144058.61,1,1,1,45265.4,0
15603620,Kessler,731,Spain,Female,38,5,146144.5,1,1,0,140524.68,0
15603621,Adeyemi,604,France,Female,44,3,171834.51,1,1,1,76892.26,0
15603622,Okonkwo,604,France,Female,32,8,0.0,2,1,1,44505.97,0
15603623,Delacroix,735,Germany,Female,56,10,0.0,1,1,1,145634.96,0
15603624,Voss,538,Spain,Male,34,5,101314.1,1,1,1,71733.45,0
15603625,Adeyemi,652,Spain,Female,24,6,0.0,2,0,1,85782.92,0
15603626,Dubois,592,Germany,Female,33,2,98158.16,2,1,0,1000.0,1
15603627,Adeyemi,634,Spain,Male,45,2,0.0,2,0,0,29624.86,1
15603628,Osei,728,Spain,Female,30,0,143779.49,1,1,0,163567.13,0
15603629,Nakamura,586,France,Male,42,10,198309.07,2,0,0,107962.06,0
15603630,Laurent,744,France,Male,44,3,76550.75,1,1,1,163103.46,1
15603631,Renner,850,Germany,Female,26,7,129930.98,2,1,0,91621.1,0
15603632,Sorensen,708,Spain,Female,33,6,0.0,3,1,1,101601.48,0
15603633,Whitfield,642,France,Male,42,1,0.0,1,1,1,192892.94,0
15603634,Voss,761,Spain,Female,46,1,245629.67,1,1,0,121728.8,1
15603635,Okafor,544,France,Male,33,8,105160.13,1,1,1,191898.49,0
15603636,Thibault,796,Germany,Male,40,8,234624.01,2,1,1,71081.24,0
15603637,Fontaine,578,France,Male,36,6,70152.4,2,1,0,83005.21,0
15603638,Rousseau,850,Germany,Female,46,3,88985.67,2,0,0,53178.39,1
15603639,Petrov,581,Spain,Male,44,4,94868.84,2,1,1,129215.56,0
15603640,Castellano,714,France,Male,35,8,120742.86,1,1,1,45674.31,0
15603641,Thibault,500,France,Female,43,2,0.0,1,1,1,194588.65,0
15603642,Kowalski,630,Germany,Male,34,0,150198.35,1,1,0,3882.77,1
15603643,Balogh,546,France,Male,43,3,0.0,1,1,0,97383.06,0
15603644,Duarte,512,France,Male,43,2,0.0,3,1,0,64201.23,0
15603645,Girard,766,Germany,Female,63,1,0.0,2,0,0,112565.06,1
15603646,Schmitt,532,France,Female,35,5,0.0,1,1,1,54052.11,0
15603647,Sorensen,579,France,Female,37,8,94168.69,4,1,1,110513.57,0
15603648,Voss,568,France,Male,32,7,0.0,2,0,0,121061.94,0
15603649,Hallgren,759,Germany,Male,28,3,109725.92,1,0,1,129384.51,0
15603650,Thibault,748,France,Female,34,4,69506.71,2,1,1,199364.51,0
15603651,Sorensen,772,France,Male,45,5,0.0,1,1,0,95042.41,0
15603652,Kowalski,574,France,Male,46,4,0.0,4,1,0,81927.11,1
15603653,Thibault,780,France,Male,42,10,0.0,1,1,0,87079.76,0
15603654,Castellano,574,France,Male,35,10,132369.94,2,0,1,14541.34,0
15603655,Hallgren,578,France,Male,33,10,155039.26,1,1,1,153339.93,0
15603656,Adeyemi,583,France,Female,29,4,0.0,2,1,1,41898.07,0
15603657,Renner,586,France,Male,33,8,0.0,1,1,0,158933.5,0
15603658,Okafor,641,Germany,Female,25,8,0.0,1,1,1,47485.57,0
15603659,Iyer,569,France,Male,52,8,114366.22,2,1,0,2471.82,1
15603660,Whitfield,672,France,Female,57,1,62848.58,1,1,1,1000.0,0
15603661,Lindqvist,399,Germany,Female,19,10,101075.87,1,0,0,148866.3,0
15603662,Marchetti,672,Germany,Female,41,10,172603.15,3,1,0,172389.98,1
15603663,Lindqvist,545,Spain,Male,41,8,0.0,1,1,0,119979.61,1
15603664,Marceau,586,France,Female,41,6,3000.0,1,0,1,39143.76,0
15603665,Kessler,588,France,Male,32,4,134987.04,1,1,0,30835.66,1
15603666,Reyes,741,France,Female,49,2,89805.67,2,1,1,72081.42,0
15603667,Whitfield,698,France,Female,43,0,224405.8,1,0,1,150860.64,0
15603668,Novak,634,France,Female,49,10,125324.04,1,0,0,82582.34,1
15603669,Fairweather,581,Spain,Female,31,2,173858.61,1,1,1,13715.99,0
15603670,Hallgren,725,France,Female,24,3,0.0,1,1,0,47272.31,0
15603671,Kessler,822,Spain,Female,43,4,0.0,1,1,0,109710.87,0
15603672,Novak,647,France,Male,29,7,130576.03,1,1,1,168042.87,0
15603673,Kessler,497,France,Male,49,2,0.0,1,1,1,135038.43,0
15603674,Dubois,583,Germany,Female,18,2,0.0,1,1,0,49861.13,1
15603675,Delacroix,704,Germany,Female,34,3,0.0,1,1,0,96916.02,0
15603676,Thibault,607,France,Male,32,3,163931.14,1,1,1,157083.09,0
15603677,Okafor,568,Spain,Male,35,0,76289.7,2,1,1,95780.34,0
15603678,Nakamura,563,France,Male,41,4,71132.87,2,1,1,6176.82,0
15603679,Abubakar,659,France,Male,43,6,0.0,2,1,1,59324.79,0
15603680,Balogh,503,Spain,Male,45,4,0.0,1,1,0,1000.0,0
15603681,Whitfield,647,France,Male,46,3,112836.04,2,1,0,116416.78,0
15603682,Okafor,658,France,Male,37,10,0.0,1,0,0,174448.71,1
15603683,Schmitt,607,France,Female,60,2,0.0,2,1,1,183885.65,0
15603684,Bergstrom,550,France,Male,53,9,167275.45,3,1,1,95266.34,0
15603685,Duarte,748,France,Male,35,6,0.0,2,1,0,48052.34,1
15603686,Iyer,522,France,Male,37,7,0.0,2,0,1,86592.28,0
15603687,Schmitt,667,Germany,Male,35,3,19597.7,1,1,0,107456.63,0
15603688,Falk,720,Spain,Male,42,10,117815.0,1,1,0,170585.5,1
15603689,Rousseau,665,France,Male,29,5,154890.33,1,1,1,120129.38,0
15603690,Osei,768,France,Male,30,5,179034.61,1,1,1,2696.33,0
15603691,Aoki,541,Spain,Female,18,2,0.0,2,1,1,145422.54,0
15603692,Winters,574,France,Male,34,5,177175.51,1,1,0,1000.0,1
15603693,Castellano,606,Spain,Male,49,7,127367.98,1,1,0,110315.33,0
15603694,Dubois,850,Germany,Male,37,10,3000.0,2,0,0,195876.97,1
15603695,Delacroix,699,France,Male,38,9,107039.22,2,1,1,5703.53,0
15603696,Odom,717,France,Male,41,1,0.0,1,1,1,92266.98,0
15603697,Castellano,713,France,Male,28,0,81393.65,2,1,0,95525.88,0
15603698,Marchetti,658,France,Male,39,10,0.0,1,1,1,99600.38,0
15603699,Marchetti,751,France,Male,48,9,0.0,2,1,0,146658.91,1
15603700,Dubois,470,Germany,Female,42,1,0.0,2,0,1,60486.7,0
15603701,Nakamura,677,France,Male,48,9,0.0,2,0,1,138203.63,0
15603702,Thibault,691,Spain,Male,51,8,133902.41,3,1,1,84054.17,0
15603703,Delacroix,748,Spain,Male,45,10,102782.04,1,1,0,106819.11,1
15603704,Hallgren,539,France,Male,31,1,146829.39,1,1,1,18909.79,0
15603705,Novak,546,France,Female,35,9,70683.76,2,1,0,161207.78,0
15603706,Okonkwo,552,France,Male,58,4,92971.4,2,1,1,108890.87,0
15603707,Girard,700,Spain,Male,42,6,0.0,1,1,1,133647.96,0
15603708,Marceau,702,France,Female,40,2,84324.72,2,1,0,164323.72,0
15603709,Weiss,559,Spain,Male,30,0,220888.84,1,1,0,83414.95,1
15603710,Kessler,834,Germany,Male,38,7,0.0,1,1,1,85386.88,0
15603711,Castellano,677,Germany,Female,46,0,88328.23,1,1,0,1000.0,0
15603712,Duarte,662,Germany,Female,39,5,70796.35,1,0,1,109911.06,1
15603713,Dubois,630,Germany,Male,33,2,102837.22,2,1,1,178631.53,0
15603714,Kowalski,739,Germany,Female,36,10,108380.71,2,1,1,96634.44,0
15603715,Nakamura,687,Germany,Male,51,4,172915.66,2,1,0,52139.79,0
15603716,Winters,831,Spain,Female,45,2,91715.71,1,1,1,150861.98,1
15603717,Hallgren,533,Germany,Male,44,10,117710.16,2,1,0,17359.73,1
15603718,Iyer,502,Germany,Female,43,7,18295.6,1,0,1,64850.88,0
15603719,Okafor,579,France,Male,26,1,0.0,1,0,0,61303.08,1
15603720,Winters,703,Spain,Male,41,3,166286.36,2,1,1,151091.32,0
15603721,Thibault,609,Spain,Male,49,5,69209.46,2,1,0,113080.36,0
15603722,Thibault,772,Germany,Female,36,8,150380.42,2,0,1,66092.12,0
15603723,Castellano,612,France,Female,48,10,65718.18,1,0,1,70564.8,0
15603724,Delacroix,754,Germany,Female,44,9,103353.31,3,0,1,109819.27,1
15603725,Laurent,570,Germany,Female,47,0,197744.61,1,0,1,111523.98,0
15603726,Fontaine,764,Germany,Male,39,5,149253.02,1,1,1,108564.16,0
15603727,Falk,781,France,Female,48,0,14391.85,2,1,0,61544.91,0
15603728,Falk,596,Spain,Male,24,3,0.0,2,1,0,161872.18,0
15603729,Winters,697,Germany,Female,39,2,60069.45,1,1,0,191803.9,0
15603730,Okafor,676,Germany,Female,46,2,205314.05,1,1,0,181398.78,1
15603731,Nakamura,700,Germany,Male,42,2,89688.31,2,1,0,170287.09,0
15603732,Mendez,773,Spain,Male,50,4,0.0,2,0,1,200000.0,0
15603733,Reyes,743,Spain,Female,37,5,89443.85,2,1,0,59830.54,0
15603734,Voss,699,France,Female,33,10,0.0,1,1,0,63427.14,1
15603735,Girard,714,Germany,Female,22,4,84591.76,1,0,1,20050.19,0
15603736,Reyes,528,France,Male,36,0,114987.21,2,1,1,86421.59,0
15603737,Hargrove,646,Spain,Male,44,6,135902.1,1,0,1,28795.04,0
15603738,Hargrove,544,Germany,Female,46,3,183020.61,1,1,0,176156.39,1
15603739,Fontaine,648,France,Female,24,1,0.0,2,1,0,112852.69,1
15603740,Odom,757,France,Male,50,7,115874.63,1,1,1,81283.12,0
15603741,Marceau,649,France,Female,29,7,0.0,1,1,1,37595.86,0
15603742,Okafor,409,Germany,Female,37,3,0.0,1,1,1,26711.58,0
15603743,Castellano,550,Spain,Female,33,2,0.0,2,0,1,70229.05,0
15603744,Okonkwo,706,France,Female,43,5,43339.73,4,1,1,193512.37,0
15603745,Iyer,598,Spain,Female,39,4,239544.99,2,1,0,166162.58,1
15603746,Marceau,725,France,Female,45,10,124119.9,2,0,0,143849.31,1
15603747,Abubakar,534,Germany,Male,57,0,124751.28,1,1,0,1000.0,1
15603748,Duarte,687,France,Male,43,1,172884.05,2,1,0,94648.4,0
15603749,Osei,691,France,Female,33,8,3000.0,3,1,1,86022.95,0
15603750,Hallgren,726,France,Female,43,10,223936.5,1,0,1,60106.66,0
15603751,Marceau,587,Spain,Male,58,6,0.0,1,1,0,103365.23,1
15603752,Fontaine,725,France,Female,45,3,67832.79,2,1,0,48307.84,0
15603753,Sorensen,795,Germany,Male,48,2,84856.42,2,1,1,69215.01,0
15603754,Schmitt,432,France,Male,22,9,161215.82,2,1,0,50290.6,0
15603755,Laurent,655,France,Female,42,6,219217.89,3,0,0,63462.77,1
15603756,Winters,477,France,Female,36,4,193977.31,1,1,0,1000.0,0
15603757,Whitfield,567,France,Male,32,4,87903.72,2,0,0,104438.51,0
15603758,Osei,575,Germany,Male,38,1,0.0,1,1,1,136138.17,0
15603759,Renner,644,France,Male,40,9,91282.29,2,1,1,53930.24,0
15603760,Schmitt,686,Germany,Male,32,0,80023.29,1,1,1,164476.61,0
15603761,Duarte,737,France,Male,40,10,29758.29,1,1,0,50110.0,1
15603762,Delacroix,675,France,Male,37,1,141142.65,2,1,0,29877.33,0
15603763,Girard,715,France,Male,46,1,0.0,2,1,1,160504.77,0
15603764,Iyer,546,France,Female,41,0,0.0,1,1,1,69722.43,0
15603765,Fairweather,751,Germany,Female,42,5,0.0,2,1,1,113514.46,0
15603766,Kessler,350,Spain,Female,48,0,146236.14,1,1,1,15960.25,1
15603767,Girard,797,France,Male,44,2,108780.55,2,1,1,90941.41,0
15603768,Balogh,779,Spain,Male,38,8,193997.71,3,1,1,81524.92,0
15603769,Laurent,722,Spain,Male,18,8,87499.95,2,1,1,78221.6,0
15603770,Hargrove,850,Germany,Female,44,3,0.0,2,1,0,79292.16,0
15603771,Delacroix,477,Germany,Male,29,0,100411.67,1,0,1,110710.68,0
15603772,Renner,725,Spain,Female,38,1,138899.58,1,1,1,106724.55,0
15603773,Girard,663,Germany,Male,42,5,146113.73,2,1,1,129735.83,0
15603774,Kessler,673,Germany,Female,52,5,0.0,1,1,1,1000.0,0
15603775,Lindqvist,538,France,Male,57,9,0.0,1,1,1,186255.64,1
15603776,Odom,688,Spain,Male,29,5,177237.68,1,1,1,87394.52,0
15603777,Falk,683,France,Female,25,4,46617.15,1,1,0,70079.52,0
15603778,Voss,584,Germany,Male,42,6,249353.51,2,1,0,119761.41,1
15603779,Nakamura,643,Germany,Female,41,9,96967.11,2,0,1,89549.63,0
15603780,Delacroix,524,France,Male,26,8,101778.18,2,1,1,106707.72,0
15603781,Hargrove,612,Germany,Female,38,1,130489.0,1,1,1,78422.81,0
15603782,Abubakar,742,Germany,Female,45,4,0.0,3,1,1,132881.24,1
15603783,Lindqvist,744,France,Male,26,10,79254.47,3,1,1,7500.76,1
15603784,Castellano,724,Spain,Female,28,8,0.0,2,1,1,113744.52,0
15603785,Falk,742,Germany,Female,32,8,0.0,1,0,0,70701.4,1
15603786,Petrov,743,Germany,Female,36,1,0.0,1,1,0,1000.0,1
15603787,Hargrove,588,France,Male,46,4,0.0,3,0,1,163512.32,0
15603788,Nakamura,683,France,Male,35,9,0.0,1,1,0,78342.07,0
15603789,Balogh,754,Spain,Female,39,1,103184.7,1,1,1,158281.62,0
15603790,Hargrove,518,France,Male,61,7,11313.31,1,1,0,141800.0,0
15603791,Marceau,517,France,Female,29,5,77950.87,3,1,1,57475.88,0
15603792,Lindqvist,512,France,Male,32,8,0.0,3,1,0,167028.18,0
15603793,Osei,479,France,Female,45,7,154966.42,1,1,0,86532.95,0
15603794,Renner,549,Spain,Male,49,1,47906.49,1,1,0,61386.88,0
15603795,Renner,600,Spain,Female,43,1,0.0,2,1,0,42959.17,1
15603796,Marceau,795,Spain,Male,57,3,56991.36,2,1,0,53945.46,0
15603797,Fontaine,608,Germany,Male,42,10,148258.3,2,0,1,121297.33,0
15603798,Rousseau,504,France,Male,18,10,78585.73,2,1,0,57641.8,0
15603799,Rousseau,666,France,Female,39,8,137940.16,2,1,1,124629.81,0
15603800,Duarte,632,France,Male,33,2,0.0,2,1,0,70530.84,0
15603801,Nakamura,575,France,Female,53,10,0.0,1,1,1,154665.07,0
15603802,Abubakar,593,France,Male,48,7,108502.01,2,1,0,77878.72,1
15603803,Thibault,752,France,Female,22,3,52778.76,2,1,0,89220.09,0
15603804,Weiss,515,France,Female,52,7,167970.03,1,1,1,92072.76,0
15603805,Duarte,490,France,Male,48,4,0.0,1,1,0,110549.31,0
15603806,Winters,695,Spain,Male,35,5,0.0,2,1,1,102115.37,0
15603807,Fairweather,591,Spain,Male,38,2,79969.32,3,1,0,44971.46,1
15603808,Laurent,799,Germany,Female,53,7,113114.15,1,1,1,200000.0,1
15603809,Thibault,635,Germany,Female,18,3,0.0,1,1,1,137597.07,0
15603810,Okonkwo,640,Spain,Male,43,10,0.0,1,1,1,153242.12,0
15603811,Bergstrom,726,France,Female,50,1,102582.76,3,0,1,167678.05,0
15603812,Castellano,489,Spain,Female,38,2,0.0,2,1,1,87773.12,0
15603813,Schmitt,682,France,Female,45,1,0.0,1,1,1,147503.41,0
15603814,Novak,615,France,Male,40,2,0.0,1,1,1,177636.08,0
15603815,Fairweather,749,France,Female,31,7,68982.03,1,0,0,181992.4,1
15603816,Whitfield,588,France,Male,30,10,0.0,1,1,1,153833.07,0
15603817,Mendez,667,France,Female,46,1,0.0,1,1,0,87345.59,1
15603818,Fontaine,616,Spain,Male,32,2,132573.13,2,1,1,177566.83,0
15603819,Sorensen,690,Germany,Female,23,1,143900.96,2,1,1,26512.03,1
15603820,Duarte,626,Germany,Female,40,8,100350.07,1,1,1,63196.66,0
15603821,Laurent,675,Spain,Female,33,5,68698.85,2,0,1,1000.0,0
15603822,Fontaine,818,Spain,Male,26,4,140695.31,2,1,1,85827.44,0
15603823,Voss,623,France,Female,39,7,189863.24,1,1,1,76094.58,0
15603824,Renner,689,Spain,Male,46,0,0.0,1,0,0,72842.83,0
15603825,Fairweather,850,Spain,Female,39,8,0.0,2,1,0,87443.05,0
15603826,Fontaine,687,France,Male,28,1,125910.92,2,1,0,36909.74,1
15603827,Kessler,416,France,Female,43,6,0.0,1,1,0,135956.6,1
15603828,Voss,586,Germany,Male,49,0,0.0,2,1,0,87211.11,1
15603829,Rousseau,534,Spain,Male,61,2,0.0,2,1,1,81269.69,0
15603830,Falk,739,France,Male,53,6,171581.51,1,0,1,22912.22,0
15603831,Duarte,641,Spain,Male,28,6,113331.59,2,1,0,41297.82,0
15603832,Dubois,752,France,Male,47,4,0.0,1,0,0,46094.17,0
15603833,Weiss,709,France,Female,41,6,0.0,1,1,0,127229.64,0
15603834,Marceau,708,France,Female,27,9,0.0,2,1,1,200000.0,0
15603835,Duarte,533,France,Female,41,2,0.0,2,1,1,113820.87,0
15603836,Kessler,698,Spain,Female,58,10,0.0,2,1,0,144997.94,0
15603837,Rousseau,781,France,Male,51,1,0.0,1,0,0,149219.28,1
15603838,Winters,511,Germany,Male,28,10,110903.17,1,1,1,6427.54,0
15603839,Novak,620,France,Male,39,10,38216.85,1,0,1,166138.8,0
15603840,Renner,684,Spain,Male,44,4,0.0,2,0,1,114497.74,0
15603841,Castellano,659,Spain,Female,21,1,0.0,2,0,1,161540.86,0
15603842,Reyes,788,Spain,Female,21,4,191343.46,3,1,0,40972.48,0
15603843,Thibault,720,Spain,Female,40,3,0.0,2,1,1,115719.56,0
15603844,Balogh,689,Germany,Female,40,6,0.0,1,1,1,139878.79,0
15603845,Winters,728,Spain,Male,20,2,0.0,2,0,1,94890.44,0
15603846,Osei,723,Spain,Female,42,0,148800.21,3,1,0,33671.6,1
15603847,Delacroix,654,Spain,Male,50,9,0.0,1,0,0,1000.0,1
15603848,Fontaine,616,France,Female,36,9,0.0,1,1,0,140599.21,1
15603849,Renner,745,France,Male,39,5,124044.98,2,1,1,133160.41,0
15603850,Rousseau,579,France,Male,44,9,0.0,2,1,1,60117.43,0
15603851,Duarte,643,France,Male,43,10,156731.83,1,1,0,146677.3,0
15603852,Girard,539,France,Male,21,10,86623.35,1,1,1,67763.17,0
15603853,Osei,720,France,Male,29,9,0.0,1,1,0,43072.08,1
15603854,Hallgren,768,Spain,Male,34,0,0.0,2,1,0,124154.84,0
15603855,Renner,560,France,Female,30,8,127286.71,3,1,0,1000.0,1
15603856,Okonkwo,635,Germany,Female,53,10,0.0,1,0,0,111611.63,1
15603857,Girard,604,France,Male,45,1,0.0,1,1,1,2358.84,1
15603858,Reyes,753,Spain,Male,27,0,0.0,1,1,1,32567.74,0
15603859,Kowalski,786,France,Female,36,3,124880.12,2,1,1,77566.89,0
15603860,Iyer,604,France,Male,50,9,70587.66,4,1,1,140082.58,1
15603861,Kowalski,353,France,Female,32,9,91113.91,2,1,0,1000.0,0
15603862,Novak,761,Spain,Male,47,6,0.0,2,1,0,141724.41,1
15603863,Falk,654,France,Male,53,10,0.0,3,1,0,167836.32,1
15603864,Balogh,655,Germany,Male,51,1,0.0,2,1,0,113688.47,1
15603865,Winters,743,France,Male,40,9,0.0,1,1,0,89560.18,0
15603866,Laurent,615,Spain,Female,51,9,34551.54,1,1,1,98266.16,0
15603867,Fontaine,589,France,Female,33,10,50404.17,1,1,0,17150.83,1
15603868,Kessler,616,Spain,Male,64,3,0.0,1,1,0,96760.86,1
15603869,Hargrove,697,France,Female,41,7,96433.37,1,1,0,117517.79,1
15603870,Nakamura,734,France,Male,50,3,0.0,1,1,0,200000.0,1
15603871,Marceau,807,France,Male,35,5,212555.66,1,1,1,173627.95,0
15603872,Fairweather,689,France,Female,44,10,0.0,2,1,1,90238.77,0
15603873,Hallgren,636,France,Female,44,5,160922.79,2,1,0,42199.52,0
15603874,Laurent,735,Germany,Male,29,8,0.0,2,0,1,119308.91,1
15603875,Odom,557,France,Male,29,5,0.0,2,0,1,96450.32,0
15603876,Renner,786,France,Male,36,0,90317.83,1,1,0,120731.6,1
15603877,Laurent,670,Germany,Male,50,1,168003.56,4,0,0,39955.83,1
15603878,Delacroix,628,France,Female,20,7,108885.55,1,1,1,4025.16,0
15603879,Abubakar,557,France,Male,35,3,95902.19,2,1,1,122047.07,0
15603880,Schmitt,710,Spain,Female,52,3,0.0,2,0,0,71655.05,1
15603881,Delacroix,623,Germany,Male,26,0,70196.09,2,1,0,98732.02,0
15603882,Weiss,641,Spain,Male,51,9,0.0,2,1,1,37445.57,0
15603883,Rousseau,490,France,Male,27,0,0.0,2,1,0,162642.01,0
15603884,Bergstrom,608,Germany,Male,29,5,72790.58,1,1,1,25844.05,0
15603885,Fairweather,595,France,Female,37,3,52297.7,2,1,1,148095.37,0
15603886,Fontaine,690,Germany,Female,58,9,120734.07,1,1,1,95995.07,0
15603887,Marchetti,624,Germany,Female,32,7,71188.61,1,1,0,86045.16,1
15603888,Novak,396,Germany,Female,21,0,189336.8,1,0,1,109284.91,0
15603889,Castellano,610,France,Male,24,6,114055.02,2,1,1,87275.16,0
15603890,Marchetti,510,France,Female,48,1,122253.06,1,1,1,81784.6,0
15603891,Aoki,550,Spain,Female,25,6,0.0,4,1,1,97725.43,0
15603892,Fontaine,746,Spain,Female,51,2,140546.11,2,0,1,70948.45,0
15603893,Castellano,488,Spain,Male,39,8,147520.3,2,0,1,117336.07,0
15603894,Lindqvist,678,Germany,Male,38,5,113465.25,2,1,1,173875.45,0
15603895,Mendez,601,Spain,Female,42,4,61203.34,2,1,0,200000.0,0
15603896,Bergstrom,583,France,Male,30,9,104317.34,1,1,1,157439.25,0
15603897,Fontaine,556,France,Male,40,4,114966.57,2,1,0,138687.47,0
15603898,Marceau,681,France,Male,26,2,30392.63,2,1,0,1000.0,0
15603899,Iyer,691,France,Female,52,5,6762.23,1,1,0,91046.82,0
15603900,Kessler,484,France,Male,28,8,0.0,2,0,1,60797.16,0
15603901,Reyes,760,Germany,Female,43,0,14452.57,2,1,1,11814.8,0
15603902,Sorensen,536,Spain,Female,28,3,0.0,1,1,0,159146.87,1
15603903,Balogh,687,Spain,Male,33,6,0.0,3,0,0,4614.18,1
15603904,Kessler,537,France,Male,35,2,116432.87,1,1,1,52674.12,1
15603905,Marceau,606,Spain,Female,69,8,147461.59,2,1,0,1000.0,1
15603906,Reyes,527,Germany,Male,38,0,126467.48,2,1,1,91895.24,1
15603907,Girard,599,Germany,Male,30,2,0.0,3,1,0,165363.57,0
15603908,Kessler,631,Spain,Male,34,6,0.0,2,1,0,29631.63,0
15603909,Mendez,540,Germany,Male,23,9,95694.16,3,1,0,69380.13,1
15603910,Okafor,680,Spain,Female,37,3,3000.0,2,1,0,146058.39,0
15603911,Dubois,693,France,Male,57,2,0.0,1,1,0,172330.06,1
15603912,Fairweather,850,Germany,Female,42,10,0.0,2,1,0,100935.73,1
15603913,Dubois,739,France,Male,48,5,0.0,1,1,1,28694.88,0
15603914,Adeyemi,763,France,Female,29,2,146756.97,2,1,1,81573.76,0
15603915,Kessler,480,France,Female,36,9,0.0,1,0,1,75470.99,0
15603916,Novak,462,Spain,Male,41,0,122969.9,1,1,1,65107.44,0
15603917,Winters,621,Spain,Female,31,8,107224.75,1,1,0,24020.16,1
15603918,Whitfield,822,Spain,Male,43,9,0.0,1,0,0,141200.49,0
15603919,Sorensen,850,France,Female,45,6,52489.48,2,0,1,80026.97,0
15603920,Girard,584,France,Female,44,10,149744.62,1,1,1,1000.0,1
15603921,Marchetti,594,Germany,Male,37,6,103432.79,3,1,1,133020.6,1
15603922,Reyes,702,France,Male,50,6,196138.09,1,1,0,196135.86,1
15603923,Abubakar,631,Germany,Female,36,1,0.0,1,1,1,115884.94,0
15603924,Girard,633,France,Female,35,1,112227.06,1,0,0,41003.64,1
15603925,Laurent,711,Spain,Male,53,7,0.0,2,1,0,200000.0,0
15603926,Marceau,850,Spain,Male,27,7,0.0,1,0,1,98349.1,0
15603927,Fontaine,775,Germany,Male,21,6,0.0,2,1,0,144243.44,0
15603928,Voss,829,France,Female,30,2,96122.93,1,1,1,77456.91,0
15603929,Fairweather,473,Germany,Female,42,0,0.0,1,1,1,62391.42,0
15603930,Laurent,753,Spain,Female,52,0,0.0,2,1,0,141897.1,1
15603931,Dubois,559,Spain,Female,32,1,0.0,1,1,0,44227.75,0
15603932,Thibault,811,Spain,Female,57,2,0.0,2,0,0,74934.53,1
15603933,Marchetti,780,France,Male,39,10,0.0,1,1,1,93067.09,0
15603934,Odom,708,France,Female,37,8,72818.37,2,0,1,172887.76,0
15603935,Okafor,579,France,Male,30,1,3000.0,1,1,0,18989.91,0
15603936,Bergstrom,604,France,Female,58,3,89656.89,2,1,1,160973.64,0
15603937,Adeyemi,611,Spain,Male,37,9,146538.59,1,1,1,144395.46,0
15603938,Voss,723,France,Female,25,4,0.0,2,0,0,133663.45,0
15603939,Thibault,689,France,Female,64,3,0.0,1,1,1,140124.76,0
15603940,Marceau,786,France,Female,43,3,68185.86,1,0,1,34978.89,0
15603941,Hargrove,805,France,Male,47,4,102480.24,2,0,0,19224.77,0
15603942,Novak,569,France,Female,56,5,92122.09,1,1,0,1000.0,1
15603943,Kowalski,696,Spain,Male,45,6,0.0,2,1,1,77404.93,0
15603944,Girard,694,France,Male,48,5,120710.16,1,1,1,117336.89,0
15603945,Whitfield,641,Germany,Female,39,6,94460.43,1,0,1,42940.19,0
15603946,Kessler,740,France,Female,46,3,113191.11,2,0,0,132647.13,0
15603947,Novak,697,France,Male,38,5,107109.87,2,1,0,89994.5,1
15603948,Bergstrom,595,Germany,Female,38,9,78251.34,1,1,0,99505.23,0
15603949,Petrov,636,France,Male,40,3,115975.73,2,0,0,134660.46,1
15603950,Fontaine,616,France,Female,34,10,48144.83,1,1,1,99927.06,0
15603951,Falk,580,Germany,Female,44,5,121068.52,2,0,1,31162.24,0
15603952,Okafor,642,Germany,Female,44,4,56461.69,2,1,0,189044.66,0
15603953,Okafor,525,Spain,Female,47,7,0.0,1,1,1,130636.0,0
15603954,Hargrove,695,France,Female,45,4,0.0,2,1,1,35209.48,1
15603955,Winters,785,Spain,Female,59,4,65704.91,1,1,1,87002.31,0
15603956,Bergstrom,655,Germany,Male,49,4,163642.16,2,1,0,109160.18,0
15603957,Okafor,741,Germany,Male,36,5,201412.94,1,1,0,30643.27,0
15603958,Fontaine,665,France,Female,43,0,79497.75,1,0,0,144225.52,1
15603959,Sorensen,552,France,Male,53,4,0.0,1,1,1,35009.45,0
15603960,Aoki,843,France,Female,29,8,172596.34,1,1,1,197130.95,0
15603961,Osei,417,France,Male,59,3,22094.52,1,1,1,153217.6,0
15603962,Hallgren,651,Spain,Female,31,5,113669.39,2,1,1,60297.81,0
15603963,Aoki,576,France,Male,48,3,96897.33,2,1,0,38128.5,1
15603964,Fontaine,802,France,Female,39,10,0.0,1,1,1,107586.81,0
15603965,Girard,671,France,Female,38,2,99743.42,1,0,0,19033.78,0
15603966,Lindqvist,850,France,Male,25,8,134598.39,1,1,0,89470.43,1
15603967,Mendez,653,France,Female,48,8,70841.79,1,1,1,98233.92,0
15603968,Abubakar,577,France,Male,25,4,0.0,2,1,1,121025.2,0
15603969,Laurent,486,France,Female,24,10,55920.03,2,1,1,155844.49,0
15603970,Okonkwo,756,Germany,Female,50,10,155540.86,1,0,1,148108.46,1
15603971,Delacroix,570,France,Male,57,0,115809.7,2,1,0,154923.69,0
15603972,Marceau,610,Spain,Male,32,6,3000.0,1,1,0,121133.86,0
15603973,Kessler,768,France,Male,49,2,115151.96,2,0,1,108617.6,0
15603974,Petrov,751,France,Male,47,10,0.0,2,1,0,61473.17,0
15603975,Weiss,591,France,Female,38,10,50532.12,1,1,1,1000.0,0
15603976,Adeyemi,606,France,Male,52,4,69650.02,2,1,0,107644.1,1
15603977,Whitfield,481,France,Female,37,3,116441.39,2,1,1,29561.8,0
15603978,Weiss,453,France,Female,44,9,86422.44,1,0,1,106155.37,0
15603979,Weiss,723,Spain,Female,26,4,128479.07,1,0,0,1000.0,0
15603980,Voss,734,France,Female,26,8,101537.52,1,1,0,29638.22,1
15603981,Whitfield,684,France,Male,50,7,46015.07,1,1,1,55816.61,0
15603982,Nakamura,668,Spain,Female,44,3,0.0,1,1,1,200000.0,0
15603983,Winters,582,France,Female,37,3,95007.86,1,0,0,56678.63,0
15603984,Reyes,791,France,Female,58,10,0.0,1,1,0,74366.89,1
15603985,Schmitt,479,France,Male,58,5,200620.25,2,1,0,102896.87,0
15603986,Okafor,605,France,Male,43,4,0.0,4,1,0,144877.26,1
15603987,Novak,665,France,Female,24,9,0.0,1,1,1,57743.37,0
15603988,Aoki,650,Germany,Female,37,6,164889.91,2,1,0,1000.0,1
15603989,Sorensen,650,Germany,Male,30,6,139572.47,1,1,0,9977.16,0
15603990,Reyes,600,Germany,Female,39,4,139570.64,1,1,1,80150.47,0
15603991,Kowalski,702,France,Male,29,7,140356.78,2,1,0,187068.09,1
15603992,Whitfield,533,France,Female,26,0,103562.68,1,1,0,41493.82,0
15603993,Novak,636,France,Male,18,2,0.0,1,1,1,144062.72,0
15603994,Thibault,691,France,Male,40,9,145721.96,1,1,0,70359.22,1
15603995,Winters,618,France,Male,18,2,0.0,2,1,1,88271.21,0
15603996,Balogh,650,France,Male,35,10,154541.2,1,1,0,33091.39,0
15603997,Girard,671,France,Male,46,9,0.0,1,1,1,121394.22,1
15603998,Fairweather,481,France,Male,31,4,124145.98,1,0,1,132554.86,1
15603999,Okonkwo,490,France,Male,27,10,0.0,2,1,0,2713.99,0
15604000,Dubois,663,Spain,Female,38,7,0.0,2,1,0,51627.14,1
15604001,Hargrove,592,France,Female,30,8,93782.63,1,1,0,92629.77,0
15604002,Kessler,597,Germany,Female,40,5,138833.12,2,1,1,129447.65,0
15604003,Sorensen,705,France,Male,28,1,0.0,2,1,0,200000.0,0
15604004,Rousseau,555,Spain,Male,37,6,3706.43,1,1,1,61623.95,0
15604005,Kowalski,418,France,Female,35,9,0.0,2,0,1,1000.0,0
15604006,Aoki,809,France,Female,38,0,0.0,1,1,0,65993.26,1
15604007,Hargrove,766,France,Female,55,0,0.0,1,1,0,119663.24,0
15604008,Marceau,765,France,Female,41,9,0.0,1,1,1,127250.11,0
15604009,Mendez,542,Spain,Female,44,6,0.0,3,1,0,87804.24,1
15604010,Petrov,643,France,Female,32,5,125852.23,1,1,0,37674.49,0
15604011,Mendez,528,France,Male,41,7,203683.4,2,1,0,120908.79,1
15604012,Sorensen,644,Germany,Female,36,7,170517.29,1,1,1,105230.15,0
15604013,Rousseau,617,France,Female,39,4,16525.71,1,1,1,113531.41,0
15604014,Thibault,547,Spain,Female,45,6,0.0,2,1,0,57520.44,0
15604015,Hargrove,698,Spain,Male,33,5,171190.26,2,1,1,148499.11,0
15604016,Osei,625,France,Male,34,2,0.0,1,1,0,110765.32,0
15604017,Nakamura,815,France,Male,34,8,0.0,2,0,1,93804.32,0
15604018,Falk,658,France,Male,33,4,91286.83,2,1,0,159623.66,0
15604019,Nakamura,405,Spain,Female,40,9,141425.35,3,0,1,79472.92,1
15604020,Osei,476,France,Female,35,4,0.0,4,1,1,150829.06,1
15604021,Thibault,850,France,Male,54,2,138391.81,3,1,0,66702.89,1
15604022,Delacroix,616,France,Female,66,9,0.0,1,1,1,34209.99,0
15604023,Falk,673,Germany,Male,33,1,0.0,1,1,1,98816.77,0
15604024,Iyer,651,Germany,Female,41,10,197168.29,1,1,0,1000.0,0
15604025,Girard,786,Germany,Male,49,6,147124.75,1,1,1,119717.66,1
15604026,Laurent,467,Spain,Male,36,5,19066.09,3,0,0,159155.84,1
15604027,Sorensen,778,Spain,Female,28,2,68554.77,1,1,0,200000.0,0
15604028,Aoki,771,France,Female,56,2,0.0,1,0,0,158736.55,0
15604029,Reyes,651,Germany,Female,45,2,60389.56,3,0,1,200000.0,0
15604030,Nakamura,690,Spain,Male,42,9,165960.89,1,0,0,117161.36,1
15604031,Odom,614,France,Female,53,2,142579.18,1,1,0,180299.74,1
15604032,Hargrove,488,Spain,Male,46,0,0.0,1,0,0,110864.53,0
15604033,Balogh,706,Spain,Male,38,2,83136.21,2,1,1,181541.69,0
15604034,Renner,674,France,Female,29,6,127056.92,1,1,1,1000.0,0
15604035,Okonkwo,676,France,Female,33,5,0.0,1,1,0,35910.51,0
15604036,Reyes,696,France,Female,51,4,92497.72,1,0,1,78587.07,0
15604037,Abubakar,592,Germany,Male,45,10,142505.75,2,1,0,150716.0,1
15604038,Fontaine,793,France,Female,37,3,0.0,2,1,1,141604.31,0
15604039,Renner,651,Germany,Male,57,9,125115.33,1,1,1,45907.3,0
15604040,Schmitt,702,France,Female,37,1,0.0,2,1,1,18489.99,1
15604041,Petrov,624,Germany,Female,49,5,0.0,1,0,0,92402.73,1
15604042,Odom,751,France,Female,41,1,7814.07,1,0,0,72916.97,1
15604043,Lindqvist,660,Germany,Female,58,0,51428.08,1,0,1,76661.07,1
15604044,Schmitt,642,France,Female,46,7,0.0,1,1,1,84060.73,1
15604045,Rousseau,766,France,Male,39,7,160491.56,1,0,0,86612.07,1
15604046,Adeyemi,485,France,Female,37,6,90694.93,2,1,0,155618.99,0
15604047,Aoki,623,France,Female,38,4,159848.39,1,0,1,151572.57,0
15604048,Petrov,591,France,Male,31,2,156704.48,2,1,0,74716.21,1
15604049,Weiss,686,Spain,Male,25,8,73460.65,2,0,0,77689.5,0
15604050,Odom,680,Germany,Male,42,2,82211.03,2,1,0,145745.81,1
15604051,Thibault,649,Spain,Female,33,5,44693.12,3,1,0,115677.08,1
15604052,Marceau,581,Spain,Female,33,10,149197.28,1,0,1,153443.07,0
15604053,Renner,648,France,Female,38,7,112187.21,1,1,1,128842.66,0
15604054,Mendez,681,Germany,Male,39,9,0.0,2,0,0,98225.74,0
15604055,Weiss,633,Germany,Male,39,2,0.0,1,0,0,111710.25,1
15604056,Marchetti,756,France,Male,56,0,64971.61,1,1,1,1000.0,0
15604057,Weiss,709,Germany,Male,45,9,150987.48,2,1,1,63917.9,0
15604058,Girard,652,France,Male,60,6,12924.29,1,1,0,184706.97,1
15604059,Novak,425,Germany,Male,34,8,0.0,2,1,0,159903.36,0
15604060,Voss,629,Germany,Male,46,9,73282.85,2,1,1,85402.6,0
15604061,Dubois,710,Spain,Male,35,4,188277.17,1,1,1,36139.74,1
15604062,Dubois,623,France,Female,33,1,199488.1,1,1,1,137832.21,0
15604063,Duarte,679,Spain,Male,60,10,0.0,2,0,0,1000.0,1
15604064,Hallgren,628,France,Male,31,3,0.0,3,0,1,127549.28,0
15604065,Fontaine,672,Germany,Female,18,1,0.0,1,1,1,102864.78,0
15604066,Kowalski,784,France,Female,31,6,0.0,1,0,0,84283.81,0
15604067,Fontaine,726,Spain,Female,18,0,42796.64,1,1,1,160773.34,0
15604068,Laurent,526,Germany,Female,29,0,12644.05,2,1,0,151978.46,0
15604069,Castellano,491,France,Female,30,8,117117.28,1,0,1,144363.85,0
15604070,Duarte,692,France,Female,39,0,26250.75,1,0,0,189564.48,1
15604071,Voss,762,Spain,Female,18,6,182943.61,1,1,1,68122.01,0
15604072,Kessler,491,France,Male,51,4,82977.66,1,1,1,69238.7,0
15604073,Weiss,630,France,Female,19,1,47680.61,1,1,1,103826.39,0
15604074,Weiss,850,France,Male,37,10,167782.77,1,1,1,200000.0,0
15604075,Girard,624,France,Male,35,1,155793.66,1,0,1,5454.56,0
15604076,Falk,850,Spain,Male,47,7,0.0,1,1,1,69565.13,0
15604077,Castellano,571,Spain,Male,42,1,0.0,1,1,0,64458.69,0
15604078,Adeyemi,588,France,Male,51,6,0.0,3,1,1,128509.05,0
15604079,Fairweather,583,France,Female,35,1,190035.19,1,1,0,34203.74,1
15604080,Castellano,527,France,Male,34,9,0.0,2,1,0,103849.67,0
15604081,Nakamura,488,France,Male,43,5,51225.57,2,0,1,198454.12,0
15604082,Laurent,629,Spain,Male,49,0,114766.27,2,1,1,28931.98,0
15604083,Renner,664,France,Male,47,0,45527.87,1,1,0,50404.14,1
15604084,Falk,581,Spain,Female,42,5,0.0,3,1,0,107284.82,1
15604085,Nakamura,604,Germany,Male,41,5,54566.76,1,1,1,152695.48,1
15604086,Dubois,789,Spain,Male,38,3,176504.02,1,1,1,110896.51,0
15604087,Duarte,743,Spain,Male,43,6,0.0,1,1,0,155110.87,0
15604088,Voss,625,France,Male,59,8,125754.47,1,0,0,154296.97,1
15604089,Voss,691,France,Male,36,8,0.0,1,1,1,34814.88,0
15604090,Aoki,493,France,Male,35,8,60326.01,2,0,1,91852.53,0
15604091,Castellano,676,Germany,Female,34,10,105264.68,2,1,0,1000.0,0
15604092,Kessler,644,Germany,Female,42,2,50407.26,3,0,0,130339.39,1
15604093,Whitfield,614,France,Female,18,0,207848.08,2,1,1,200000.0,0
15604094,Mendez,653,France,Male,37,1,0.0,1,1,1,66078.54,0
15604095,Nakamura,638,France,Male,47,0,68494.68,2,1,1,81857.16,0
15604096,Winters,524,Spain,Female,33,3,0.0,1,0,0,59570.15,0
15604097,Marceau,811,Spain,Male,40,1,109691.83,3,0,1,185697.7,1
15604098,Aoki,741,Spain,Female,60,10,0.0,2,0,1,136993.42,0
15604099,Sorensen,613,Germany,Male,42,3,180424.23,1,1,1,82935.63,0
15604100,Dubois,481,France,Male,18,2,133823.93,2,1,0,21076.74,0
15604101,Adeyemi,414,Spain,Male,24,5,48529.94,2,0,1,83892.45,0
15604102,Bergstrom,842,Spain,Female,36,4,82974.97,3,1,0,38892.97,1
15604103,Whitfield,633,France,Female,30,0,260000.0,2,1,1,94005.75,0
15604104,Okafor,723,Germany,Female,40,10,84441.12,2,0,0,108301.72,1
15604105,Marceau,559,France,Male,35,7,99132.36,1,0,1,50520.43,0
15604106,Osei,620,Spain,Female,50,9,0.0,1,0,0,77568.74,1
15604107,Laurent,625,Spain,Male,27,10,0.0,1,0,1,156542.14,0
15604108,Fairweather,673,Germany,Male,36,9,0.0,2,0,1,63653.82,0
15604109,Thibault,659,Spain,Female,41,2,45054.81,2,0,1,191060.92,0
15604110,Aoki,561,France,Female,42,8,70459.98,2,1,1,129993.26,0
15604111,Kessler,560,Germany,Male,40,0,127433.94,3,1,1,120085.95,0
15604112,Schmitt,642,Germany,Male,18,3,99469.82,2,1,1,127413.46,0
15604113,Nakamura,482,Spain,Male,39,8,0.0,2,1,0,1000.0,0
15604114,Castellano,571,Germany,Male,37,7,110449.14,1,1,0,154030.62,0
15604115,Marceau,635,France,Male,47,8,53389.23,2,0,1,167449.99,0
15604116,Winters,688,Spain,Female,46,8,185229.06,1,1,0,131529.79,1
15604117,Aoki,794,Germany,Male,41,0,169150.7,2,1,1,20253.15,0
15604118,Thibault,604,France,Female,42,6,64219.88,2,1,0,126330.79,0
15604119,Bergstrom,653,France,Male,52,6,135838.19,2,1,1,40634.08,1
15604120,Dubois,471,Germany,Male,50,1,0.0,2,1,1,141025.76,1
15604121,Marchetti,682,Germany,Male,41,2,166168.11,1,1,0,135242.01,0
15604122,Reyes,563,Germany,Male,60,5,154947.12,1,1,1,79006.52,0
15604123,Adeyemi,620,France,Female,32,6,0.0,2,1,1,114542.43,0
15604124,Nakamura,696,Germany,Female,26,9,64635.96,1,1,0,117649.57,1
15604125,Duarte,700,France,Female,38,7,0.0,1,0,1,173688.53,0
15604126,Schmitt,510,Spain,Male,35,10,19075.45,1,1,0,128155.86,1
15604127,Marceau,727,France,Female,18,2,0.0,2,1,0,44449.74,0
15604128,Fairweather,646,Germany,Female,32,4,0.0,1,1,1,1000.0,0
15604129,Bergstrom,772,Germany,Male,42,2,174247.94,4,1,1,179535.78,0
15604130,Weiss,790,Spain,Female,38,9,40312.26,1,0,0,24656.99,0
15604131,Iyer,804,Spain,Female,31,6,0.0,2,1,0,33740.34,0
15604132,Marceau,513,France,Female,39,5,25917.75,2,0,0,73883.91,1
15604133,Odom,689,Spain,Female,40,6,134756.14,1,1,1,74887.88,0
15604134,Falk,499,Spain,Female,46,3,0.0,1,1,0,9739.08,0
15604135,Okafor,775,France,Male,32,9,97085.75,2,1,1,103829.8,0
15604136,Bergstrom,789,Spain,Female,47,6,84896.05,1,1,1,28570.77,0
15604137,Petrov,744,Germany,Female,27,5,0.0,1,1,1,122788.59,0
15604138,Dubois,609,Spain,Male,33,7,85853.13,2,0,0,128356.27,0
15604139,Odom,702,Germany,Female,56,8,179668.21,2,1,0,163499.77,0
15604140,Nakamura,597,France,Male,28,4,109632.11,4,1,0,126405.28,1
15604141,Novak,651,Spain,Male,32,8,130683.18,1,1,0,137375.41,0
15604142,Mendez,641,France,Female,26,8,139513.86,1,0,1,15126.69,0
15604143,Lindqvist,458,France,Female,30,7,134983.43,2,0,0,52709.28,0
15604144,Mendez,572,France,Female,40,1,0.0,2,1,1,91232.79,0
15604145,Hallgren,850,France,Female,46,2,219630.1,1,1,1,149416.86,0
15604146,Bergstrom,642,France,Male,38,0,0.0,1,1,0,97208.58,0
15604147,Adeyemi,665,Spain,Female,35,3,3000.0,1,0,1,84303.44,0
15604148,Rousseau,649,France,Female,26,1,0.0,1,1,0,133665.21,1
15604149,Marceau,611,France,Female,31,6,186303.1,1,1,1,1000.0,0
15604150,Weiss,653,France,Male,23,10,71344.46,1,1,1,41202.23,0
15604151,Osei,611,Spain,Male,46,0,112232.31,1,1,1,110230.01,0
15604152,Petrov,431,France,Female,47,3,115966.86,2,1,1,101972.16,0
15604153,Sorensen,725,France,Male,38,0,0.0,1,1,0,127146.16,0
15604154,Kowalski,805,Spain,Male,43,0,0.0,2,1,0,115243.77,0
15604155,Delacroix,538,France,Female,47,0,66836.49,2,1,1,122844.65,0
15604156,Adeyemi,610,Germany,Female,40,6,137275.95,1,0,1,66558.29,0
15604157,Adeyemi,794,France,Female,53,10,129235.12,1,0,0,176715.11,1
15604158,Lindqvist,576,France,Female,28,7,138103.21,1,1,1,39223.73,0
15604159,Dubois,687,France,Female,35,7,128113.1,1,0,0,86259.41,0
15604160,Adeyemi,850,Spain,Male,34,1,106074.96,1,1,1,101848.83,0
15604161,Marchetti,711,France,Female,45,9,0.0,2,1,1,136645.14,0
15604162,Fairweather,657,Germany,Female,24,6,0.0,1,0,0,46407.56,0
15604163,Kowalski,735,France,Female,53,10,99545.2,1,1,1,95183.7,0
15604164,Okonkwo,725,Spain,Male,44,4,108829.82,1,1,0,159882.13,0
15604165,Iyer,586,France,Male,56,7,0.0,1,0,1,99713.65,0
15604166,Bergstrom,483,France,Female,38,5,76603.54,1,1,1,109486.53,1
15604167,Nakamura,707,France,Female,33,5,139878.87,2,1,0,77977.15,0
15604168,Osei,721,Spain,Male,45,1,46657.86,1,1,0,100129.17,0
15604169,Adeyemi,621,France,Female,49,5,146444.22,2,1,0,98319.34,1
15604170,Bergstrom,808,Germany,Female,31,1,0.0,1,1,1,123616.02,0
15604171,Girard,789,Spain,Male,18,8,106841.67,2,1,1,29113.47,0
15604172,Kessler,724,Germany,Female,20,7,103137.11,3,1,1,92087.3,0
15604173,Mendez,623,France,Female,41,9,0.0,1,1,0,108040.59,0
15604174,Castellano,449,Germany,Male,54,5,186008.36,1,1,1,146001.31,0
15604175,Schmitt,633,Spain,Male,25,9,202177.45,2,1,0,138457.47,0
15604176,Adeyemi,474,Spain,Female,36,9,164380.92,1,1,1,180259.36,0
15604177,Aoki,424,Germany,Female,35,5,115926.46,1,1,1,101323.74,0
15604178,Adeyemi,712,Spain,Male,58,10,151969.85,1,1,0,25111.65,1
15604179,Sorensen,763,Germany,Male,62,8,10902.41,1,0,0,95728.19,1
15604180,Duarte,463,Spain,Male,43,3,142394.44,1,1,1,6850.12,0
15604181,Nakamura,625,France,Female,48,5,0.0,2,0,1,6428.72,0
15604182,Laurent,648,Spain,Female,47,1,34764.54,1,0,0,63412.24,1
15604183,Thibault,622,France,Male,25,4,0.0,2,0,0,113448.06,0
15604184,Mendez,518,Germany,Female,46,3,0.0,1,1,1,38334.67,0
15604185,Kessler,778,Germany,Male,28,3,131083.96,1,0,0,176496.71,0
15604186,Okafor,520,France,Male,37,3,0.0,1,1,0,112721.55,1
15604187,Thibault,463,France,Male,50,0,195485.13,2,0,1,171284.79,0
15604188,Balogh,518,France,Female,39,4,104540.51,1,1,1,200000.0,0
15604189,Weiss,696,France,Female,50,2,55101.35,2,1,0,156725.13,1
15604190,Marchetti,624,France,Male,52,2,0.0,2,1,1,72334.11,0
15604191,Laurent,576,Spain,Female,21,8,176392.78,1,1,0,39573.62,0
15604192,Mendez,701,Spain,Female,18,9,175376.58,1,0,0,45547.6,0
15604193,Iyer,682,Germany,Female,50,1,135537.7,2,1,0,107895.21,0
15604194,Weiss,428,France,Female,51,6,0.0,1,0,1,74587.77,0
15604195,Sorensen,700,Spain,Female,41,9,98304.36,2,1,1,40366.59,0
15604196,Dubois,763,France,Male,43,6,191966.68,2,1,1,134045.72,0
15604197,Winters,638,Germany,Male,48,0,53988.09,2,1,0,129285.28,0
15604198,Okafor,627,France,Female,47,8,3000.0,2,1,1,46962.64,0
15604199,Voss,832,France,Female,35,0,0.0,1,1,0,67854.67,1
15604200,Nakamura,582,France,Male,48,6,0.0,2,1,1,15202.89,0
15604201,Hargrove,634,Germany,Female,35,5,112034.81,2,1,0,104754.5,1
15604202,Fontaine,682,France,Female,41,5,65367.8,2,1,1,73693.51,0
15604203,Sorensen,655,Spain,Female,41,2,118388.59,1,0,1,156309.7,0
15604204,Thibault,624,Spain,Female,30,9,144340.7,2,0,1,98827.4,0
15604205,Balogh,659,Germany,Male,31,1,129633.55,2,1,1,55681.82,0
15604206,Petrov,801,France,Female,61,10,105111.87,1,0,0,100371.79,0
15604207,Dubois,728,France,Female,29,0,172131.19,1,1,1,82229.25,0
15604208,Sorensen,643,France,Male,42,3,71977.92,2,1,0,55303.08,1
15604209,Okafor,567,France,Male,44,5,99940.05,2,0,0,90323.51,0
15604210,Girard,580,Spain,Female,38,5,0.0,2,1,1,22492.47,0
15604211,Renner,741,France,Male,45,2,144638.82,2,1,1,106835.7,0
15604212,Balogh,497,France,Male,42,3,0.0,2,1,1,111222.91,0
15604213,Iyer,850,France,Male,30,6,132008.13,3,0,0,159702.97,1
15604214,Voss,647,Spain,Male,44,0,152816.62,2,1,1,107780.06,0
15604215,Lindqvist,518,France,Male,33,1,86656.46,1,1,0,41337.11,0
15604216,Bergstrom,667,Spain,Female,56,4,0.0,1,1,1,1000.0,1
15604217,Weiss,573,France,Female,43,0,100738.71,1,1,0,34983.4,0
15604218,Winters,610,Germany,Female,31,0,0.0,2,0,0,117004.39,0
15604219,Lindqvist,505,Spain,Male,42,0,79880.36,2,0,1,168789.47,0
15604220,Nakamura,627,France,Male,29,8,0.0,4,0,0,104195.45,0
15604221,Bergstrom,446,France,Male,41,1,30979.49,2,1,1,51422.13,0
15604222,Iyer,592,France,Female,36,2,151998.94,2,1,1,112600.23,0
15604223,Hargrove,571,France,Female,30,8,0.0,2,1,0,1000.0,0
15604224,Lindqvist,602,France,Male,30,4,169796.75,2,1,0,101188.68,1
15604225,Bergstrom,577,Germany,Female,63,4,76218.89,1,1,1,133484.71,0
15604226,Petrov,653,Spain,Male,39,7,136315.25,1,1,0,53829.96,1
15604227,Kessler,735,France,Male,34,6,99339.79,4,0,0,155671.71,0
15604228,Kowalski,685,Spain,Female,32,4,144481.82,2,1,0,180705.67,0
15604229,Weiss,775,France,Male,43,9,0.0,1,0,0,132133.85,1
15604230,Rousseau,602,Germany,Female,32,2,122662.95,1,1,1,121285.3,1
15604231,Fontaine,681,France,Male,27,2,173541.6,2,1,1,1000.0,0
15604232,Castellano,685,Spain,Female,38,5,135552.94,2,1,0,117227.21,0
15604233,Renner,761,Germany,Male,38,9,77589.64,2,1,0,155412.62,1
15604234,Castellano,580,France,Male,34,9,18341.4,1,1,0,92818.18,0
15604235,Iyer,726,France,Male,29,8,106552.77,2,1,1,146836.77,1
15604236,Okafor,568,France,Female,35,0,133515.07,4,1,0,107985.08,1
15604237,Girard,595,Germany,Female,34,8,119698.9,2,0,1,102500.21,0
15604238,Rousseau,616,Spain,Female,32,1,68108.1,2,0,1,127722.9,0
15604239,Nakamura,694,Spain,Male,41,9,119583.3,1,0,1,89177.81,1
15604240,Marchetti,546,Germany,Male,61,1,144991.7,1,1,0,55992.1,0
15604241,Mendez,559,Germany,Male,52,1,0.0,1,0,0,85379.71,1
15604242,Renner,588,France,Female,58,5,100701.8,1,1,1,79679.52,0
15604243,Iyer,655,Spain,Male,33,5,0.0,1,1,0,121875.1,0
15604244,Lindqvist,560,Spain,Male,56,3,184662.69,2,1,1,48573.3,0
15604245,Odom,675,France,Female,41,5,120413.89,1,0,1,166772.35,0
15604246,Okafor,616,Germany,Female,49,7,0.0,3,1,1,118561.98,0
15604247,Kowalski,713,France,Male,43,7,181446.29,3,1,1,168883.6,0
15604248,Okafor,656,France,Male,35,7,63837.52,1,1,1,85485.97,0
15604249,Lindqvist,818,Germany,Male,46,2,0.0,3,1,0,23818.58,1
15604250,Castellano,662,France,Female,43,6,0.0,1,0,1,29182.1,0
15604251,Duarte,533,France,Male,20,1,99242.74,2,1,1,62695.62,0
15604252,Mendez,630,France,Female,37,2,68999.14,2,1,1,39064.13,0
15604253,Renner,652,Spain,Male,47,10,0.0,1,1,1,9840.04,0
15604254,Schmitt,563,Germany,Female,41,0,110265.89,2,0,1,110743.03,0
15604255,Marceau,796,France,Female,43,5,43077.35,2,1,0,119418.71,1
15604256,Castellano,620,France,Male,31,5,180311.48,2,0,1,87067.85,0
15604257,Aoki,588,France,Male,41,2,171594.49,2,0,0,180654.18,0
15604258,Mendez,667,Germany,Male,38,0,0.0,2,1,1,98397.95,0
15604259,Thibault,563,France,Female,36,1,186092.75,2,0,1,81051.37,0
15604260,Novak,743,Germany,Male,32,8,131423.52,2,1,0,82940.2,1
15604261,Marchetti,723,Germany,Female,48,6,166957.24,2,1,1,143102.39,0
15604262,Fontaine,663,France,Male,42,6,0.0,2,1,1,21602.01,0
15604263,Whitfield,707,Germany,Male,41,1,95182.33,1,1,1,1000.0,1
15604264,Aoki,602,Spain,Female,59,5,143410.91,3,1,0,112214.23,1
15604265,Hargrove,506,Spain,Female,43,2,0.0,2,1,1,112142.52,0
15604266,Abubakar,619,France,Female,51,3,0.0,2,1,0,133988.85,0
15604267,Novak,602,Germany,Female,41,10,106466.44,2,1,0,98512.71,0
15604268,Duarte,454,Germany,Female,35,4,130672.95,2,0,0,200000.0,0
15604269,Hallgren,548,Germany,Male,28,0,117573.23,2,0,1,147391.37,0
15604270,Odom,532,Germany,Female,41,6,0.0,2,1,1,1000.0,0
15604271,Okafor,549,France,Female,18,2,62528.88,1,1,0,21111.8,0
15604272,Laurent,778,Germany,Female,41,0,116726.03,2,1,0,1000.0,1
15604273,Falk,699,Germany,Female,42,7,147195.94,2,1,1,104491.95,0
15604274,Okafor,743,France,Male,36,6,0.0,2,1,1,110969.17,0
15604275,Marchetti,699,France,Female,38,2,0.0,2,1,0,198276.76,0
15604276,Abubakar,754,France,Female,26,8,120693.01,1,0,1,57492.33,0
15604277,Voss,653,Germany,Male,53,2,187144.57,2,1,0,48371.09,0
15604278,Girard,796,France,Female,35,5,118819.52,1,1,0,114550.09,0
15604279,Sorensen,532,Spain,Male,29,6,149899.63,2,1,0,40738.45,0
15604280,Adeyemi,643,France,Male,44,1,153172.95,2,1,0,85373.49,0
15604281,Kowalski,552,France,Male,40,7,3000.0,2,1,0,153089.24,0
15604282,Kowalski,769,Spain,Female,35,5,116019.09,1,1,1,144656.09,0
15604283,Hargrove,690,France,Female,34,4,90215.1,2,1,1,161213.8,0
15604284,Petrov,764,Germany,Male,38,8,0.0,2,1,1,24923.64,0
15604285,Hargrove,515,France,Male,52,8,146933.08,2,1,1,132075.07,0
15604286,Reyes,592,Germany,Female,43,5,0.0,2,1,1,100544.11,0
15604287,Duarte,479,France,Male,38,8,137981.47,1,1,1,200000.0,0
15604288,Kessler,685,Germany,Male,47,0,117239.15,2,1,1,141373.71,0
15604289,Rousseau,609,Spain,Male,39,6,0.0,1,1,1,100451.8,1
15604290,Whitfield,723,France,Female,43,3,0.0,3,0,0,159148.16,1
15604291,Odom,653,France,Male,40,6,176213.8,1,0,0,133506.4,1
15604292,Schmitt,446,France,Female,45,6,58549.08,4,1,1,143774.6,0
15604293,Fontaine,491,Spain,Female,34,8,163893.13,1,1,0,129452.37,1
15604294,Whitfield,658,Germany,Male,27,6,0.0,1,0,1,78437.3,1
15604295,Kowalski,695,France,Female,48,0,145972.81,2,1,0,77939.29,1
15604296,Bergstrom,437,France,Male,54,10,33413.29,1,1,1,140483.56,0
15604297,Castellano,642,Spain,Male,27,5,125484.83,2,1,0,64388.38,0
15604298,Aoki,552,Spain,Male,40,1,104443.96,2,1,1,110432.79,0
15604299,Fairweather,543,Spain,Female,34,1,109732.97,1,1,0,129405.91,0
15604300,Abubakar,587,France,Female,48,0,23623.08,2,1,1,67644.8,0
15604301,Winters,662,Spain,Female,41,2,113644.19,1,1,0,126269.42,1
15604302,Weiss,582,Germany,Female,72,2,118484.39,2,1,0,102217.84,0
15604303,Dubois,459,France,Male,35,10,22919.63,2,1,0,78671.56,0
15604304,Weiss,661,France,Female,54,8,54465.17,2,0,1,144968.66,0
15604305,Whitfield,616,France,Male,55,0,0.0,1,0,1,28176.22,0
15604306,Fontaine,560,Spain,Male,44,3,132345.27,2,1,1,27846.28,0
15604307,Falk,620,France,Female,39,3,109469.21,1,1,1,103226.12,0
15604308,Schmitt,617,Germany,Male,39,4,114246.44,1,0,1,36085.86,0
15604309,Iyer,654,Spain,Male,39,1,113344.99,1,1,1,174738.75,0
15604310,Weiss,626,Spain,Male,50,2,84757.51,1,1,1,81477.3,1
15604311,Hargrove,666,Germany,Male,30,6,103088.16,2,1,1,20394.76,0
15604312,Nakamura,645,France,Female,37,5,0.0,2,1,1,91456.9,0
15604313,Weiss,729,Germany,Male,36,9,82767.05,1,1,0,200000.0,0
15604314,Kessler,802,France,Female,21,10,109878.91,2,0,0,49822.24,0
15604315,Falk,649,Spain,Male,47,4,173796.89,2,1,1,64936.62,0
15604316,Laurent,590,Germany,Female,49,8,105917.59,2,1,1,132508.76,0
15604317,Kowalski,512,Germany,Female,32,9,0.0,2,1,0,181330.09,0
15604318,Hargrove,712,Germany,Female,49,3,208498.1,2,0,0,43158.16,1
15604319,Schmitt,563,France,Male,22,4,115485.08,1,1,0,56877.73,0
15604320,Balogh,850,Germany,Female,39,6,91311.84,2,1,1,11369.38,0
15604321,Abubakar,850,Spain,Female,37,9,0.0,1,0,0,99341.83,0
15604322,Bergstrom,630,Spain,Female,39,8,0.0,1,1,1,114539.37,0
15604323,Renner,490,France,Male,39,9,133931.17,1,1,1,152747.52,0
15604324,Abubakar,713,France,Male,38,8,75925.32,1,0,1,124908.98,0
15604325,Hargrove,850,Spain,Female,35,1,90624.63,1,0,0,106355.12,0
15604326,Girard,524,France,Male,37,2,61975.49,1,1,1,115279.61,0
15604327,Odom,832,Spain,Male,52,9,186399.73,1,0,0,134670.77,1
15604328,Bergstrom,472,Germany,Female,33,4,137077.11,4,1,0,32352.29,1
15604329,Thibault,510,Germany,Male,62,2,0.0,1,1,0,114956.61,1
15604330,Thibault,680,France,Male,32,3,0.0,2,1,0,4798.41,0
15604331,Hallgren,748,Germany,Female,41,5,62435.86,2,1,1,165985.23,0
15604332,Voss,644,France,Male,44,6,0.0,1,0,0,200000.0,0
15604333,Renner,693,France,Male,36,2,120535.26,1,0,0,66778.59,0
15604334,Fairweather,756,Germany,Male,53,2,3000.0,2,1,0,118489.28,1
15604335,Winters,767,France,Male,44,4,0.0,1,1,1,146882.71,1
15604336,Reyes,590,France,Male,36,2,0.0,2,1,1,189887.89,0
15604337,Voss,567,France,Female,52,10,0.0,1,1,1,92827.98,0
15604338,Hargrove,751,Spain,Male,28,0,0.0,1,1,0,59883.43,0
15604339,Dubois,694,Germany,Male,33,8,0.0,2,1,1,127387.82,0
15604340,Castellano,707,France,Female,44,3,0.0,1,0,1,176288.86,0
15604341,Renner,587,France,Male,47,6,198222.32,1,1,1,104864.8,0
15604342,Bergstrom,711,Spain,Male,42,3,93361.13,1,1,0,178052.59,0
15604343,Hargrove,545,France,Male,37,10,0.0,1,1,0,158463.9,0
15604344,Iyer,674,Spain,Male,36,10,28321.09,2,0,1,142668.92,0
15604345,Delacroix,661,Germany,Male,50,3,113220.37,2,1,0,98616.79,1
15604346,Delacroix,661,Germany,Male,41,0,0.0,2,0,0,86287.93,0
15604347,Odom,725,Germany,Female,30,1,0.0,2,0,1,199118.49,0
15604348,Lindqvist,552,Spain,Female,29,7,248337.82,3,0,1,50130.9,0
15604349,Marceau,715,Germany,Female,54,9,0.0,1,1,0,129929.59,1
15604350,Hallgren,652,France,Male,31,0,93538.86,2,1,1,125863.52,0
15604351,Delacroix,574,France,Female,41,0,126621.75,2,1,0,120154.11,1
15604352,Laurent,523,Spain,Female,52,5,90121.3,2,0,1,37892.95,0
15604353,Voss,831,France,Male,44,8,8717.84,2,0,1,104592.12,0
15604354,Falk,643,Germany,Female,31,8,0.0,1,1,1,69579.94,1
15604355,Novak,616,Spain,Female,28,0,80432.38,1,1,1,153780.79,0
15604356,Balogh,540,Germany,Male,58,10,0.0,1,1,1,114784.63,0
15604357,Lindqvist,755,France,Female,28,3,67327.25,1,1,1,185502.9,0
15604358,Laurent,747,France,Male,33,2,0.0,1,1,0,182788.13,0
15604359,Marceau,729,Spain,Male,42,3,0.0,1,1,0,77351.86,1
15604360,Duarte,644,France,Male,36,8,57442.27,1,1,1,182795.23,0
15604361,Fontaine,722,Spain,Male,44,3,0.0,1,0,1,64764.39,0
15604362,Sorensen,571,Spain,Female,24,7,0.0,2,1,0,176939.4,0
15604363,Fairweather,671,Germany,Female,36,2,214910.31,2,1,1,32674.79,0
15604364,Osei,645,Spain,Male,45,1,0.0,1,1,1,185739.11,0
15604365,Iyer,676,France,Female,45,1,0.0,2,1,0,59620.24,1
15604366,Kessler,476,France,Female,33,4,0.0,3,0,1,80734.05,0
15604367,Fontaine,829,Spain,Female,28,0,111732.01,1,1,1,90254.44,0
15604368,Petrov,805,France,Female,41,6,15510.21,2,1,1,65908.0,0
15604369,Girard,540,France,Female,25,8,69020.03,1,0,1,178505.08,0
15604370,Okafor,705,France,Female,52,6,72711.28,1,0,0,2065.02,1
15604371,Duarte,507,France,Male,40,5,135774.05,1,0,0,129628.8,0
15604372,Hargrove,658,Spain,Female,31,1,43654.45,2,1,1,134788.18,1
15604373,Mendez,439,France,Male,28,1,159200.7,1,1,1,39911.88,0
15604374,Nakamura,622,Spain,Male,32,1,135773.28,1,1,1,74186.61,0
15604375,Winters,603,France,Male,23,0,0.0,2,1,0,42805.38,0
15604376,Adeyemi,761,Spain,Male,44,6,78990.08,2,1,0,81625.1,0
15604377,Petrov,810,France,Female,30,3,0.0,2,0,1,152282.88,0
15604378,Weiss,812,Germany,Female,43,7,60206.08,1,1,1,78253.17,1
15604379,Okafor,761,France,Male,44,3,145835.15,2,1,0,116535.26,1
15604380,Kowalski,658,Spain,Female,48,3,100134.5,1,1,1,94162.15,0
15604381,Fairweather,687,France,Male,41,5,105040.99,2,0,1,200000.0,0
15604382,Winters,687,France,Female,50,3,0.0,1,1,0,107518.39,0
15604383,Petrov,537,France,Male,53,1,24931.09,3,1,0,50718.37,1
15604384,Falk,760,Germany,Male,41,0,171491.7,1,1,0,113839.98,1
15604385,Novak,716,Germany,Female,42,10,0.0,1,0,1,140155.96,0
15604386,Odom,721,France,Male,33,1,0.0,2,1,1,68969.65,0
15604387,Girard,431,France,Male,28,2,168007.12,2,0,1,174182.55,0
15604388,Castellano,693,Spain,Male,52,4,71335.71,2,1,1,6932.05,0
15604389,Fontaine,747,Spain,Male,45,4,98507.06,2,0,1,75501.36,0
15604390,Adeyemi,649,France,Female,46,8,0.0,2,1,1,101194.81,0
15604391,Adeyemi,602,Germany,Male,32,7,173298.06,1,0,0,156297.56,1
15604392,Odom,519,Spain,Male,55,6,128230.82,1,0,0,181228.89,1
15604393,Marceau,512,Spain,Female,36,3,122058.14,2,1,0,179856.71,0
15604394,Voss,665,France,Female,30,10,0.0,1,1,1,109272.39,0
15604395,Falk,627,France,Male,33,0,0.0,1,1,0,165158.96,0
15604396,Odom,626,France,Female,55,3,176135.37,1,0,1,138284.57,0
15604397,Odom,797,Germany,Male,27,4,0.0,2,1,0,107511.23,1
15604398,Falk,529,France,Male,31,3,0.0,1,1,1,71315.78,0
15604399,Balogh,617,Germany,Female,68,6,103631.01,1,1,0,113521.86,1
15604400,Rousseau,813,Germany,Male,48,0,131508.26,1,1,1,172812.31,0
15604401,Okafor,620,Spain,Male,31,9,0.0,2,0,0,105056.58,0
15604402,Lindqvist,656,France,Female,27,1,116704.69,1,1,0,78201.28,0
15604403,Sorensen,633,France,Female,21,4,209230.22,1,0,1,166544.34,0
15604404,Lindqvist,718,France,Female,39,6,174418.92,1,1,0,74760.04,1
15604405,Duarte,453,Spain,Female,46,9,251274.35,1,0,1,132120.66,0
15604406,Okonkwo,630,Germany,Male,54,6,121711.58,4,1,1,122434.46,1
15604407,Fontaine,655,France,Female,19,6,3000.0,2,1,0,152055.95,0
15604408,Duarte,554,Germany,Male,25,2,0.0,1,1,1,146393.36,0
15604409,Kessler,683,France,Female,37,7,93017.78,1,0,0,138265.09,0
15604410,Fontaine,725,France,Male,67,6,120637.12,1,1,0,81414.76,0
15604411,Laurent,693,France,Male,48,0,0.0,2,1,0,70412.25,1
15604412,Okafor,821,Spain,Male,42,4,84907.8,1,1,1,118704.86,0
15604413,Castellano,608,France,Female,26,9,0.0,1,0,1,113746.05,0
15604414,Lindqvist,698,France,Male,18,9,79658.1,2,1,1,200000.0,0
15604415,Abubakar,696,Germany,Female,39,2,0.0,2,1,1,120599.77,0
15604416,Mendez,627,Spain,Female,37,8,88961.9,1,1,0,105423.91,0
15604417,Falk,759,France,Female,36,3,124972.42,1,1,0,67702.95,1
15604418,Fairweather,678,France,Male,35,8,204323.36,2,1,1,41643.96,0
15604419,Sorensen,535,Spain,Male,31,5,145180.48,2,1,0,13562.68,1
15604420,Kowalski,722,France,Female,29,3,3000.0,1,0,1,38568.74,1
15604421,Kessler,602,France,Female,53,10,87841.08,3,1,0,83613.91,1
15604422,Balogh,619,Spain,Male,29,2,79359.25,1,1,1,155828.45,0
15604423,Kessler,626,France,Female,36,3,24862.87,1,1,1,124437.42,0
15604424,Okonkwo,721,Spain,Male,38,10,88185.57,2,1,1,43898.03,0
15604425,Voss,754,France,Male,46,2,3000.0,2,0,1,65382.37,0
15604426,Dubois,635,France,Male,30,2,128251.76,2,1,1,93881.15,0
15604427,Reyes,629,France,Male,48,10,112372.14,1,0,1,80430.65,0
15604428,Balogh,453,France,Male,33,5,0.0,2,1,1,51105.29,0
15604429,Odom,582,France,Female,37,8,0.0,1,1,1,1000.0,0
15604430,Duarte,559,France,Male,55,0,181724.69,1,1,1,39047.86,0
15604431,Aoki,680,Germany,Female,29,7,83582.3,2,1,1,42194.57,0
15604432,Balogh,640,Germany,Female,46,1,166878.96,1,1,1,165752.97,0
15604433,Duarte,563,France,Female,49,4,0.0,2,1,1,180501.19,0
15604434,Castellano,665,Spain,Male,42,2,184966.29,2,1,0,1000.0,0
15604435,Mendez,644,Spain,Female,37,4,141222.16,2,0,0,143443.24,0
15604436,Rousseau,406,Germany,Male,60,4,117574.84,1,1,1,170175.68,0
15604437,Fontaine,756,France,Female,38,10,0.0,1,1,1,55862.55,0
15604438,Rousseau,747,France,Male,41,7,176952.1,2,1,0,6561.77,0
15604439,Weiss,627,France,Female,35,0,0.0,1,1,1,194416.64,0
15604440,Voss,684,France,Male,40,5,71254.43,1,1,0,89246.89,0
15604441,Abubakar,619,France,Female,48,8,104136.88,1,0,1,173395.34,0
15604442,Okafor,496,Germany,Male,36,5,109691.82,1,1,1,104918.38,0
15604443,Nakamura,850,Germany,Male,18,6,155706.76,1,0,1,184775.44,0
15604444,Schmitt,722,France,Female,44,5,17895.01,1,0,1,126647.41,0
15604445,Schmitt,740,France,Male,28,10,0.0,2,0,0,79344.89,0
15604446,Winters,623,France,Female,46,7,135167.52,1,1,1,72323.46,1
15604447,Fontaine,758,France,Female,38,6,111205.25,2,1,1,66702.18,0
15604448,Hallgren,518,Spain,Female,48,10,134199.94,2,1,0,88442.63,1
15604449,Osei,626,France,Female,29,3,0.0,3,1,1,96166.03,0
15604450,Okonkwo,721,Germany,Female,33,8,118201.61,1,0,1,121195.55,0
15604451,Abubakar,590,Germany,Female,35,8,0.0,2,1,1,77376.83,0
15604452,Sorensen,737,Spain,Male,23,4,97271.1,1,1,0,200000.0,0
15604453,Laurent,679,Spain,Female,50,10,138179.33,2,1,0,192988.76,0
15604454,Castellano,670,Spain,Female,22,3,0.0,2,1,1,116581.17,0
15604455,Fontaine,581,France,Male,50,9,0.0,2,1,1,200000.0,0
15604456,Okonkwo,689,France,Male,43,0,0.0,1,1,1,184186.86,0
15604457,Mendez,836,Spain,Male,36,3,108987.25,1,0,1,83337.16,0
15604458,Thibault,667,France,Female,42,3,0.0,2,0,0,127793.85,0
15604459,Adeyemi,703,Germany,Male,42,3,177471.23,2,0,0,97229.74,0
15604460,Fairweather,718,France,Female,34,4,0.0,1,1,0,183672.79,1
15604461,Weiss,540,France,Female,42,8,71409.06,1,0,1,50938.97,0
15604462,Sorensen,637,France,Female,46,4,106423.51,1,1,0,19174.55,1
15604463,Marceau,634,Germany,Male,29,6,0.0,2,1,0,99573.82,1
15604464,Fairweather,446,France,Female,42,1,0.0,2,1,0,51650.15,1
15604465,Marceau,726,France,Female,18,0,0.0,3,1,1,53222.62,0
15604466,Whitfield,561,France,Male,19,4,139323.04,2,1,0,90314.15,0
15604467,Whitfield,715,Spain,Male,44,1,106376.89,3,0,0,75230.93,1
15604468,Petrov,577,Germany,Male,34,1,0.0,1,1,0,83904.75,1
15604469,Petrov,846,France,Female,30,0,191879.38,2,1,1,88617.02,0
15604470,Okafor,623,Germany,Male,38,3,0.0,2,1,1,116591.77,0
15604471,Mendez,834,France,Male,34,1,96907.74,2,1,0,63120.17,0
15604472,Duarte,633,Spain,Male,28,1,0.0,2,0,0,68515.51,0
15604473,Abubakar,645,France,Male,22,3,156925.98,1,0,0,151030.46,1
15604474,Whitfield,800,France,Male,18,2,108529.74,1,1,1,168572.88,1
15604475,Rousseau,562,Spain,Female,46,10,160872.81,2,1,1,200000.0,0
15604476,Hargrove,655,Spain,Male,34,7,0.0,1,1,0,102887.4,0
15604477,Kowalski,702,France,Female,48,7,0.0,2,0,1,165600.59,0
15604478,Winters,689,Germany,Male,34,7,0.0,2,0,1,82984.93,1
15604479,Voss,654,Germany,Male,42,0,199074.49,2,1,1,127357.8,0
15604480,Fairweather,641,France,Female,37,5,130411.28,2,0,1,106485.81,0
15604481,Rousseau,731,Spain,Female,39,6,0.0,2,1,1,200000.0,0
15604482,Abubakar,667,Germany,Female,39,10,158748.18,2,0,1,64840.57,0
15604483,Marchetti,743,France,Male,34,4,173735.56,2,1,1,53388.4,0
15604484,Rousseau,688,Germany,Male,26,3,95148.12,1,0,1,103162.54,0
15604485,Fairweather,712,France,Female,46,8,71510.52,1,1,1,1000.0,0
15604486,Renner,759,Germany,Male,55,2,3000.0,3,0,0,104441.69,1
15604487,Hargrove,620,France,Female,55,9,167039.31,1,1,1,1000.0,0
15604488,Fontaine,756,France,Male,33,3,24349.84,1,1,0,49971.86,1
15604489,Renner,635,Spain,Male,31,0,109582.6,3,1,1,99866.35,0
15604490,Abubakar,516,Spain,Female,33,3,0.0,1,1,1,5378.09,0
15604491,Fontaine,618,Germany,Female,37,10,202050.27,2,1,0,114833.87,0
15604492,Balogh,581,Germany,Female,38,4,178727.73,1,1,0,1000.0,1
15604493,Dubois,686,France,Female,28,0,0.0,1,1,0,95907.42,1
15604494,Reyes,623,France,Male,23,4,164385.04,2,0,0,142426.45,0
15604495,Castellano,662,France,Female,39,8,0.0,1,1,0,167203.31,1
15604496,Iyer,747,France,Female,18,0,70762.89,2,0,1,188015.88,0
15604497,Balogh,793,France,Male,37,9,0.0,2,1,0,49416.56,0
15604498,Laurent,678,Germany,Male,29,8,151599.95,2,1,0,76659.17,1
15604499,Kowalski,754,Germany,Female,46,8,61530.69,2,1,1,60194.67,1
15604500,Delacroix,633,France,Male,49,8,0.0,2,0,1,149228.23,0
15604501,Lindqvist,500,France,Female,49,1,0.0,1,0,0,111945.72,0
15604502,Thibault,537,Spain,Male,35,8,0.0,1,1,0,99386.38,1
15604503,Schmitt,631,France,Female,27,2,0.0,1,1,0,96394.36,1
15604504,Adeyemi,726,France,Female,30,1,45010.81,2,1,1,132681.72,0
15604505,Falk,631,France,Female,41,0,0.0,4,1,1,50825.25,1
15604506,Whitfield,764,France,Female,22,1,100504.02,2,0,0,145582.11,0
15604507,Falk,826,France,Male,53,1,0.0,2,0,1,118964.24,0
15604508,Castellano,565,Germany,Female,35,9,0.0,1,1,1,160153.59,0
15604509,Okafor,850,France,Female,44,0,55090.77,2,1,0,79368.18,1
15604510,Winters,493,Spain,Female,20,7,136587.23,2,0,1,102965.6,0
15604511,Falk,827,Spain,Female,29,0,0.0,2,1,0,163035.13,0
15604512,Rousseau,647,Germany,Female,19,10,108922.8,1,0,0,33765.69,1
15604513,Balogh,628,France,Female,49,6,0.0,1,0,0,169928.52,1
15604514,Voss,649,France,Female,37,5,137900.62,2,1,1,85136.59,0
15604515,Aoki,573,France,Female,44,0,83939.42,1,1,0,145027.55,1
15604516,Fairweather,794,France,Female,39,9,77193.54,2,0,1,146781.92,0
15604517,Hargrove,584,France,Male,43,4,165952.11,1,1,0,89795.06,1
15604518,Adeyemi,596,Germany,Male,35,1,126453.13,1,0,1,101932.94,0
15604519,Fontaine,518,France,Female,36,7,0.0,1,0,1,22249.18,0
15604520,Sorensen,580,France,Male,38,10,15752.18,1,1,1,1000.0,0
15604521,Marchetti,583,France,Male,43,0,0.0,1,0,1,106150.33,0
15604522,Hargrove,576,Germany,Male,43,2,0.0,1,1,1,167592.62,0
15604523,Girard,633,Germany,Female,67,7,125920.6,2,0,0,89752.34,0
15604524,Petrov,543,Spain,Female,56,0,0.0,2,1,1,1000.0,0
15604525,Marceau,803,Spain,Female,20,8,0.0,2,0,0,72794.56,0
15604526,Weiss,635,Spain,Female,37,6,0.0,2,0,1,71435.7,0
15604527,Rousseau,686,Spain,Female,34,5,100523.01,1,1,1,79657.24,0
15604528,Marceau,733,France,Male,52,3,0.0,1,1,1,41246.62,0
15604529,Osei,844,Spain,Male,35,5,170302.21,1,0,0,58315.59,0
15604530,Thibault,737,Germany,Male,43,0,0.0,1,1,1,13967.05,0
15604531,Delacroix,626,France,Male,18,8,157509.94,1,1,0,200000.0,1
15604532,Schmitt,547,Spain,Female,23,6,0.0,2,1,1,196232.93,1
15604533,Abubakar,682,France,Male,60,5,70389.0,1,1,1,44862.78,0
15604534,Girard,752,Spain,Female,39,8,149402.72,1,1,0,102837.31,1
15604535,Mendez,664,France,Female,28,5,90514.67,2,1,1,65695.99,0
15604536,Kowalski,656,Spain,Male,41,4,143926.28,2,1,0,90951.58,0
15604537,Iyer,670,Germany,Female,28,8,0.0,3,1,0,122895.67,1
15604538,Castellano,471,France,Female,36,10,0.0,1,0,0,110975.56,1
15604539,Kessler,664,France,Female,24,9,115852.89,2,1,1,156491.65,0
15604540,Fontaine,720,France,Female,30,5,110530.18,2,1,1,70652.93,0
15604541,Thibault,646,France,Female,34,4,131060.22,3,0,0,100749.82,1
15604542,Kowalski,758,Germany,Female,50,1,0.0,1,1,0,1000.0,1
15604543,Falk,761,France,Female,43,4,84382.06,2,1,1,109204.07,0
15604544,Falk,602,France,Male,45,9,0.0,1,1,1,1000.0,0
15604545,Abubakar,692,France,Female,38,8,0.0,2,1,1,27263.04,0
15604546,Laurent,654,Germany,Male,47,1,87136.36,1,0,0,173109.48,1
15604547,Falk,455,France,Male,30,5,69908.92,1,0,1,173812.11,0
15604548,Fairweather,632,Spain,Male,31,7,0.0,1,1,1,42138.91,1
15604549,Lindqvist,551,France,Male,43,7,60647.2,1,1,1,198672.74,0
15604550,Novak,663,France,Male,36,9,0.0,2,0,0,141671.06,1
15604551,Delacroix,716,Spain,Male,38,0,89546.82,1,0,0,127619.58,0
15604552,Mendez,629,France,Male,37,5,0.0,2,0,1,33248.67,0
15604553,Castellano,564,Spain,Female,51,1,0.0,1,1,0,200000.0,1
15604554,Aoki,672,France,Female,52,7,42175.81,2,0,1,141973.93,0
15604555,Bergstrom,850,Spain,Female,32,5,0.0,1,1,0,54369.63,1
15604556,Castellano,441,Germany,Male,21,4,179724.54,1,1,1,1000.0,0
15604557,Falk,672,Spain,Female,31,9,57593.39,2,1,0,33072.54,0
15604558,Fairweather,598,France,Male,29,9,0.0,1,1,0,109052.36,1
15604559,Adeyemi,609,Spain,Male,47,3,222319.71,1,1,0,87715.41,0
15604560,Rousseau,640,Germany,Male,48,8,124462.69,3,0,0,186042.16,1
15604561,Thibault,617,France,Female,28,10,0.0,1,1,1,38562.51,1
15604562,Voss,708,France,Female,31,0,0.0,3,1,0,117660.95,0
15604563,Adeyemi,627,Germany,Female,23,8,0.0,1,0,0,160220.49,0
15604564,Thibault,442,France,Female,40,1,73614.88,1,1,0,24300.69,0
15604565,Hallgren,773,Spain,Male,38,8,139890.05,2,1,1,135149.28,0
15604566,Hallgren,758,Germany,Female,47,7,78187.45,1,1,0,99098.04,1
15604567,Marceau,592,France,Male,44,9,125858.17,2,0,1,68345.81,0
15604568,Dubois,655,Spain,Male,45,6,184318.81,2,0,0,1000.0,1
15604569,Abubakar,767,Spain,Female,23,2,145563.31,1,0,1,126150.63,0
15604570,Castellano,749,France,Female,32,7,46083.33,2,0,1,61223.06,0
15604571,Hallgren,780,Germany,Male,48,3,116448.33,1,1,0,78117.04,1
15604572,Delacroix,686,France,Male,33,0,160174.01,2,0,0,180569.28,0
15604573,Voss,724,France,Male,22,1,36019.1,2,0,0,98197.22,1
15604574,Marceau,785,Germany,Male,47,9,196361.29,1,1,1,113980.94,0
15604575,Castellano,617,France,Male,33,4,119046.01,1,0,1,200000.0,0
15604576,Balogh,692,Germany,Female,49,1,140822.54,2,1,0,109731.15,0
15604577,Falk,444,France,Male,38,0,0.0,1,1,1,54188.48,0
15604578,Aoki,498,France,Male,36,0,114316.01,1,1,0,172890.45,1
15604579,Hargrove,698,France,Male,52,8,67277.58,1,1,1,104037.07,0
15604580,Weiss,713,Spain,Female,25,1,189353.78,1,1,0,70438.21,1
15604581,Odom,613,Germany,Male,53,8,0.0,1,1,1,48406.98,0
15604582,Rousseau,592,Germany,Male,32,6,219333.26,1,1,1,83536.77,0
15604583,Renner,616,Germany,Female,40,2,0.0,1,1,1,154564.07,1
15604584,Okonkwo,668,Spain,Female,40,9,128477.11,1,1,0,67877.8,1
15604585,Abubakar,428,Germany,Male,34,5,133605.89,1,1,1,109639.23,0
15604586,Fairweather,695,Spain,Female,31,4,0.0,2,1,1,51683.91,0
15604587,Balogh,653,Germany,Male,35,7,130640.75,1,1,1,181890.35,0
15604588,Hargrove,674,Spain,Female,28,7,40169.63,1,1,1,20789.46,0
15604589,Odom,638,Germany,Male,59,8,185579.67,2,1,1,43609.16,0
15604590,Voss,517,France,Female,34,6,35341.38,2,1,1,62063.33,0
15604591,Marceau,545,France,Female,50,10,124521.57,1,1,0,21737.18,1
15604592,Abubakar,796,Spain,Female,49,4,151459.55,2,1,1,130258.58,0
15604593,Delacroix,588,France,Female,42,2,0.0,1,1,0,139183.34,0
15604594,Abubakar,728,France,Male,37,1,0.0,2,1,1,137129.54,0
15604595,Laurent,546,Germany,Female,40,2,20750.13,2,1,0,139572.47,0
15604596,Osei,649,France,Male,44,8,110468.27,1,1,1,14465.2,0
15604597,Mendez,608,France,Male,40,9,0.0,4,0,1,114800.92,0
15604598,Voss,622,France,Male,23,3,73335.65,2,1,1,179216.56,0
15604599,Okonkwo,617,France,Female,20,1,0.0,1,1,0,80448.18,1
15604600,Weiss,789,Spain,Female,54,7,0.0,1,1,0,161962.99,1
15604601,Iyer,835,Germany,Female,18,8,175544.77,2,1,1,90872.82,0
15604602,Reyes,673,Germany,Female,40,0,53380.3,2,1,0,92852.05,0
15604603,Kowalski,610,Spain,Female,36,1,34286.25,2,1,1,30523.97,0
15604604,Reyes,522,Spain,Female,40,3,90446.71,1,1,1,72570.61,0
15604605,Sorensen,516,France,Female,27,5,117666.66,2,1,1,173803.33,0
15604606,Balogh,789,Germany,Male,42,1,0.0,1,1,1,63346.56,1
15604607,Abubakar,509,France,Male,41,6,169691.02,1,0,1,200000.0,0
15604608,Falk,608,France,Female,67,5,4499.21,4,1,0,90577.58,1
15604609,Fontaine,665,Germany,Female,40,8,0.0,1,1,1,177576.85,0
15604610,Duarte,400,Germany,Male,52,10,0.0,2,1,1,100594.97,0
15604611,Okonkwo,530,France,Male,23,1,98076.43,1,0,1,1000.0,0
15604612,Osei,522,Spain,Male,49,4,113158.47,2,0,1,58233.12,0
15604613,Hargrove,586,France,Male,41,9,0.0,1,1,0,58484.96,0
15604614,Duarte,675,France,Female,41,0,90378.34,1,0,1,60339.2,1
15604615,Osei,749,France,Male,41,9,161602.4,1,1,1,27823.27,0
15604616,Marceau,586,France,Male,56,4,0.0,2,1,0,43243.09,0
15604617,Bergstrom,606,Spain,Female,41,8,0.0,2,1,0,135066.36,0
15604618,Adeyemi,639,France,Male,31,6,122651.9,1,1,1,200000.0,0
15604619,Laurent,573,Spain,Male,32,10,135076.64,2,1,1,111742.59,0
15604620,Kowalski,690,France,Female,47,1,0.0,1,1,1,79906.82,0
15604621,Rousseau,693,Germany,Male,43,9,136624.46,1,1,1,1000.0,1
15604622,Petrov,389,Spain,Female,23,6,71977.75,2,1,1,200000.0,0
15604623,Bergstrom,711,Germany,Female,44,8,64732.8,1,1,1,161269.12,1
15604624,Marchetti,662,France,Female,27,8,97150.47,1,0,0,73732.5,0
15604625,Whitfield,675,Spain,Male,43,6,0.0,1,1,0,117846.3,0
15604626,Duarte,763,Germany,Female,30,4,0.0,2,0,1,72849.33,0
15604627,Hargrove,479,France,Female,36,8,116157.28,2,0,0,32357.13,0
15604628,Kessler,529,France,Female,33,5,100891.14,3,1,1,77171.13,0
15604629,Lindqvist,643,France,Male,54,10,151827.52,3,1,0,149348.15,1
15604630,Voss,427,France,Male,43,7,131355.5,2,1,0,120991.07,1
15604631,Novak,630,France,Male,51,7,0.0,1,1,0,87494.1,0
15604632,Renner,731,France,Female,68,6,190992.07,2,0,0,137471.38,1
15604633,Fontaine,688,France,Female,39,2,128528.01,1,1,0,81463.45,0
15604634,Fairweather,658,Spain,Male,54,8,0.0,2,0,1,171502.04,1
15604635,Nakamura,628,France,Female,31,2,0.0,3,1,1,39671.39,0
15604636,Fontaine,609,France,Female,51,6,0.0,2,1,0,79304.51,0
15604637,Okonkwo,603,Spain,Female,30,8,0.0,2,1,1,145654.67,0
15604638,Rousseau,672,France,Male,38,4,97366.95,2,1,1,141351.84,0
15604639,Delacroix,501,France,Female,44,10,0.0,2,0,0,61240.44,1
15604640,Reyes,790,France,Female,46,1,149509.48,1,1,0,49713.45,0
15604641,Petrov,579,France,Female,26,2,156292.18,1,1,1,129479.13,0
15604642,Petrov,704,France,Female,30,3,0.0,3,1,1,182410.14,1
15604643,Fontaine,658,France,Female,45,10,0.0,3,0,1,151848.86,0
15604644,Aoki,539,France,Male,35,5,0.0,2,1,0,32025.03,0
15604645,Fontaine,774,Germany,Female,24,2,77584.98,1,0,1,61295.58,1
15604646,Osei,754,Germany,Male,38,10,141414.21,2,0,0,37551.27,0
15604647,Kessler,499,France,Female,37,4,0.0,2,1,1,181450.67,0
15604648,Kessler,643,France,Female,40,2,0.0,1,1,1,96471.54,0
15604649,Kessler,670,France,Female,44,9,94150.63,2,1,1,82363.31,0
15604650,Girard,451,Germany,Female,43,1,84378.78,3,1,0,115759.38,1
15604651,Abubakar,446,Germany,Male,31,10,97953.67,1,0,1,127199.35,0
15604652,Mendez,570,France,Male,34,0,111594.46,1,1,1,77390.07,0
15604653,Aoki,524,France,Female,48,6,0.0,2,1,1,116215.72,0
15604654,Okonkwo,550,France,Male,33,6,187464.48,2,1,1,105794.83,1
15604655,Dubois,524,Germany,Male,34,10,140424.84,2,0,0,194363.94,0
15604656,Fairweather,638,Germany,Female,23,10,0.0,2,0,1,102025.3,0
15604657,Schmitt,564,France,Male,38,9,0.0,1,0,1,123200.51,0
15604658,Fontaine,757,Spain,Male,42,10,232946.49,3,0,1,63737.66,1
15604659,Whitfield,667,France,Male,18,9,76602.34,2,1,1,64498.73,0
15604660,Weiss,726,Spain,Female,28,5,78218.82,2,1,1,126497.79,1
15604661,Duarte,488,Germany,Male,24,9,175208.85,2,0,1,47574.07,0
15604662,Novak,590,France,Female,47,8,56939.46,2,0,0,119169.82,0
15604663,Bergstrom,663,France,Male,19,4,0.0,2,1,1,86204.94,0
15604664,Renner,693,Spain,Male,38,9,88855.0,1,1,0,135300.57,0
15604665,Novak,588,France,Male,46,0,0.0,1,1,1,1000.0,0
15604666,Laurent,602,Germany,Male,40,1,114485.31,2,1,1,183025.94,0
15604667,Mendez,612,France,Female,34,1,52317.55,1,1,0,5150.46,1
15604668,Mendez,621,Germany,Male,42,5,105825.76,2,1,1,200000.0,0
15604669,Mendez,850,France,Male,49,0,0.0,2,0,1,104408.13,0
15604670,Okafor,680,France,Male,37,2,108269.25,2,1,1,129561.84,0
15604671,Bergstrom,654,France,Male,18,2,260000.0,1,1,1,97447.33,1
15604672,Abubakar,529,France,Male,50,2,0.0,1,1,1,104646.39,0
15604673,Girard,531,France,Male,43,0,52170.69,2,1,1,45200.9,0
15604674,Balogh,630,Spain,Female,38,2,85922.76,1,1,0,135836.38,1
15604675,Novak,759,France,Male,18,3,15274.71,2,1,1,125588.37,0
15604676,Hargrove,631,France,Female,35,8,165880.58,1,0,0,124433.45,1
15604677,Thibault,635,France,Female,30,6,192273.23,4,0,0,186068.16,1
15604678,Hargrove,579,France,Male,26,3,0.0,2,1,0,19460.98,0
15604679,Okafor,483,Germany,Female,37,1,69993.49,3,0,0,104714.51,1
15604680,Duarte,692,Germany,Female,33,5,68377.64,3,1,1,14436.77,0
15604681,Hallgren,626,France,Female,34,3,0.0,1,1,0,167176.13,0
15604682,Abubakar,693,Germany,Female,46,7,85952.82,2,1,0,142094.22,1
15604683,Balogh,665,Spain,Female,41,2,68967.31,1,0,1,86439.72,0
15604684,Voss,557,Germany,Male,33,10,0.0,2,0,1,151106.43,0
15604685,Iyer,672,France,Female,32,1,0.0,1,1,1,128753.77,0
15604686,Voss,526,France,Male,34,9,88793.48,1,1,1,14614.39,0
15604687,Adeyemi,671,France,Female,36,7,153584.33,2,1,1,137774.1,0
15604688,Dubois,644,Germany,Female,44,7,0.0,1,1,1,50829.93,0
15604689,Aoki,798,Spain,Female,28,9,69566.86,1,1,0,109091.9,0
15604690,Balogh,567,France,Female,53,4,0.0,2,1,1,154083.06,0
15604691,Duarte,523,France,Male,44,7,0.0,1,1,1,102807.29,0
15604692,Iyer,610,Spain,Female,18,5,184397.25,2,1,0,96250.82,1
15604693,Lindqvist,708,Germany,Male,39,7,0.0,1,1,1,181740.12,0
15604694,Petrov,381,France,Female,49,6,130263.66,1,1,0,110177.17,1
15604695,Hargrove,734,Spain,Female,42,10,0.0,1,1,0,85180.54,0
15604696,Okonkwo,630,France,Male,34,3,65755.06,2,1,0,9025.48,0
15604697,Dubois,540,France,Female,38,8,165865.65,2,1,1,101424.46,0
15604698,Marceau,615,Spain,Male,40,1,0.0,1,1,1,140202.01,0
15604699,Thibault,579,Germany,Male,46,0,20519.38,1,1,1,185942.07,0
15604700,Schmitt,532,Germany,Female,24,7,133215.54,2,1,0,10104.23,1
15604701,Fairweather,464,France,Female,32,2,76625.3,3,1,0,125817.18,1
15604702,Girard,720,France,Female,55,0,119879.91,1,0,1,139626.35,1
15604703,Mendez,596,France,Male,39,7,154806.04,2,1,1,75684.38,0
15604704,Nakamura,612,France,Male,54,6,0.0,2,0,1,195431.53,0
15604705,Nakamura,731,France,Male,69,7,156440.21,2,1,1,51785.58,0
15604706,Fontaine,655,France,Male,33,4,47092.19,1,1,1,200000.0,0
15604707,Balogh,500,France,Male,26,9,171923.01,1,1,1,107990.18,0
15604708,Weiss,715,France,Male,36,0,97127.59,1,1,0,144309.68,0
15604709,Okafor,792,France,Female,50,1,0.0,2,1,0,76618.82,1
15604710,Falk,698,Germany,Male,51,4,3000.0,1,0,1,11784.11,0
15604711,Winters,567,France,Female,62,10,96580.62,1,1,1,94074.57,0
15604712,Hallgren,509,Spain,Female,38,7,72689.76,1,1,1,137221.14,0
15604713,Castellano,563,Germany,Male,43,5,73464.77,2,1,0,68860.31,0
15604714,Odom,660,Spain,Female,31,10,0.0,1,0,1,83875.74,0
15604715,Petrov,787,France,Male,18,10,198013.51,1,0,1,104769.86,0
15604716,Marchetti,577,France,Male,38,1,66917.29,1,0,0,12678.11,0
15604717,Aoki,588,Spain,Female,27,5,116601.59,1,0,1,83663.36,0
15604718,Whitfield,748,Spain,Male,45,10,83611.08,2,1,0,112077.98,0
15604719,Hargrove,608,France,Male,19,2,62652.28,2,1,1,69546.3,0
15604720,Thibault,815,France,Female,31,1,61203.28,2,1,1,171333.32,0
15604721,Kowalski,636,Spain,Male,41,3,194114.24,2,1,1,113018.28,0
15604722,Abubakar,762,France,Female,42,10,0.0,1,1,0,1000.0,0
15604723,Hallgren,687,Spain,Female,38,2,102495.6,1,1,1,70590.9,0
15604724,Whitfield,718,France,Male,58,6,0.0,2,0,1,60100.19,0
15604725,Girard,633,France,Female,55,2,115361.87,1,1,0,50748.31,1
15604726,Lindqvist,639,Germany,Male,32,8,80098.8,1,1,0,188372.59,0
15604727,Hallgren,690,France,Male,55,9,208501.89,1,1,0,135897.0,1
15604728,Delacroix,727,Spain,Female,56,0,124590.64,1,1,1,78102.79,0
15604729,Fairweather,701,France,Male,37,4,118972.97,1,1,1,72959.43,0
15604730,Aoki,480,France,Female,39,6,0.0,2,1,1,81713.88,0
15604731,Aoki,675,Germany,Male,38,2,177390.4,1,1,1,66394.18,0
15604732,Mendez,587,France,Male,32,6,0.0,2,0,0,59888.1,1
15604733,Novak,598,France,Female,33,4,0.0,1,1,1,129073.39,0
15604734,Laurent,694,Germany,Female,52,0,0.0,1,0,1,1000.0,1
15604735,Weiss,813,Spain,Male,43,6,151567.04,2,0,1,129839.4,0
15604736,Abubakar,628,Spain,Female,33,0,171148.11,1,0,0,12311.71,0
15604737,Kowalski,839,France,Male,29,2,122750.53,4,1,1,129406.6,0
15604738,Marceau,545,France,Male,31,1,123468.88,2,1,0,161294.92,0
15604739,Osei,768,Spain,Female,37,0,0.0,2,1,0,40109.83,1
15604740,Delacroix,691,France,Female,48,4,0.0,1,1,1,57977.94,0
15604741,Balogh,670,France,Male,30,9,0.0,1,1,0,156062.14,1
15604742,Nakamura,783,Germany,Female,48,3,82778.56,2,1,0,81982.35,0
15604743,Winters,589,France,Male,41,2,0.0,1,1,1,55058.78,0
15604744,Fairweather,773,France,Female,40,8,129785.11,1,1,0,58364.77,1
15604745,Odom,630,France,Female,49,10,174250.17,2,0,0,200000.0,1
15604746,Abubakar,588,France,Male,47,3,42774.53,1,1,0,71460.83,0
15604747,Thibault,523,Spain,Male,24,0,76036.7,2,1,0,129130.55,1
15604748,Renner,802,Germany,Female,27,8,0.0,3,1,1,137418.39,0
15604749,Lindqvist,760,France,Female,36,7,81657.25,2,1,0,189949.63,0
15604750,Dubois,604,France,Male,42,10,0.0,1,0,0,200000.0,0
15604751,Thibault,702,Spain,Male,52,7,218872.01,3,1,0,1000.0,1
15604752,Winters,662,France,Male,39,10,155536.8,3,1,1,183458.66,1
15604753,Osei,616,France,Female,56,1,0.0,2,1,0,108071.62,1
15604754,Marceau,743,Germany,Female,31,1,0.0,2,1,0,40926.55,0
15604755,Delacroix,590,Spain,Female,33,7,0.0,2,1,1,156278.3,0
15604756,Abubakar,440,France,Male,35,8,0.0,1,1,1,48122.77,0
15604757,Nakamura,675,Germany,Female,30,4,0.0,1,1,1,174431.75,0
15604758,Aoki,656,France,Male,50,4,0.0,1,0,0,78087.35,0
15604759,Whitfield,593,Germany,Male,18,4,0.0,1,1,0,161915.59,0
15604760,Okonkwo,564,Spain,Male,33,0,0.0,1,1,1,142666.88,0
15604761,Bergstrom,500,Spain,Male,50,9,37750.9,1,1,1,30548.24,0
15604762,Okafor,615,Germany,Female,35,9,0.0,1,1,1,18953.58,1
15604763,Adeyemi,566,Spain,Male,49,10,139997.44,1,1,0,109693.65,1
15604764,Castellano,743,France,Male,61,5,92018.21,2,0,1,72054.59,0
15604765,Fairweather,700,France,Female,39,1,0.0,1,1,1,138088.39,0
15604766,Petrov,603,Spain,Male,50,4,0.0,4,1,0,86563.85,1
15604767,Bergstrom,700,Spain,Male,63,7,5127.72,2,1,0,50076.08,1
15604768,Okonkwo,640,France,Male,43,1,0.0,3,1,1,119916.77,0
15604769,Hargrove,624,Spain,Male,38,1,0.0,1,0,1,1000.0,1
15604770,Balogh,645,Spain,Male,48,10,184249.92,1,1,1,23633.38,0
15604771,Winters,820,France,Female,51,0,0.0,2,1,1,40387.91,0
15604772,Schmitt,712,France,Male,38,6,101456.86,2,1,1,1000.0,0
15604773,Fontaine,621,France,Male,34,1,53938.36,1,0,0,120870.72,0
15604774,Iyer,736,France,Female,56,0,108835.3,2,1,1,50861.57,0
15604775,Balogh,732,France,Male,36,6,52555.58,1,1,0,113536.54,0
15604776,Schmitt,675,France,Female,51,2,0.0,3,1,0,142909.92,1
15604777,Hallgren,618,France,Male,41,7,0.0,2,1,0,172879.43,1
15604778,Kowalski,612,France,Female,57,9,52435.68,2,1,0,145887.11,0
15604779,Laurent,547,Spain,Male,30,5,173275.47,1,0,1,7876.61,0
15604780,Hargrove,667,France,Female,30,1,46698.18,1,1,1,48096.48,1
15604781,Osei,591,Germany,Female,47,10,124767.47,1,1,1,1000.0,0
15604782,Novak,608,Germany,Female,27,4,0.0,1,0,0,47241.91,1
15604783,Fairweather,710,Spain,Female,40,8,126650.92,2,1,0,184276.37,0
15604784,Sorensen,812,Germany,Male,54,2,0.0,1,1,1,117139.43,0
15604785,Marchetti,686,Germany,Male,20,1,79589.45,2,1,0,157202.32,0
15604786,Marchetti,640,France,Female,43,7,0.0,4,1,1,23183.69,0
15604787,Sorensen,648,Spain,Female,51,2,54566.34,1,1,0,88144.78,1
15604788,Fairweather,759,France,Male,38,5,109231.72,1,1,1,134347.89,1
15604789,Odom,687,Spain,Female,29,6,208399.97,2,1,1,42055.8,0
15604790,Aoki,669,France,Female,36,1,165397.97,2,1,1,87129.09,0
15604791,Fairweather,675,France,Female,30,3,170523.93,2,1,1,154357.25,0
15604792,Mendez,513,France,Female,39,2,58504.27,2,0,1,157561.17,0
15604793,Kessler,687,Germany,Female,36,0,166845.85,1,1,1,130392.89,0
15604794,Rousseau,566,France,Male,33,10,0.0,2,0,1,97737.45,0
15604795,Schmitt,688,France,Female,43,0,127250.13,1,1,1,106312.97,0
15604796,Mendez,579,France,Male,55,9,80422.32,1,1,1,35784.8,0
15604797,Fairweather,707,France,Male,42,4,0.0,1,0,0,200000.0,1
15604798,Renner,635,Germany,Female,52,3,0.0,2,1,1,25997.42,0
15604799,Rousseau,540,Germany,Female,55,5,0.0,2,1,0,174498.15,0
15604800,Lindqvist,622,France,Male,33,10,0.0,1,1,1,1000.0,0
15604801,Laurent,850,France,Female,41,7,62724.12,1,1,0,84297.97,1
15604802,Odom,432,France,Male,34,0,91737.21,2,0,0,121682.35,0
15604803,Laurent,666,France,Male,23,8,0.0,1,1,0,58013.95,0
15604804,Schmitt,553,Germany,Female,42,8,53705.41,1,1,0,13526.86,1
15604805,Balogh,782,Spain,Female,28,10,0.0,1,1,0,52541.03,0
15604806,Castellano,728,France,Male,43,2,154013.21,1,1,0,85578.5,0
15604807,Sorensen,668,Spain,Male,23,9,102780.81,1,1,0,109538.19,0
15604808,Aoki,738,France,Female,40,4,0.0,1,1,1,92962.78,0
15604809,Okonkwo,673,Spain,Male,22,3,0.0,2,1,1,107123.61,0
15604810,Weiss,651,Spain,Female,45,6,176430.77,1,1,1,119104.53,0
15604811,Petrov,593,Spain,Male,34,5,52516.95,1,1,0,138505.33,1
15604812,Dubois,615,Spain,Female,34,2,0.0,1,1,1,73402.92,0
15604813,Schmitt,605,Germany,Male,50,2,127397.27,1,1,0,119499.31,1
15604814,Mendez,651,France,Male,35,7,44462.01,2,1,1,32342.13,0
15604815,Fontaine,468,France,Male,40,10,106513.51,2,1,0,7390.33,1
15604816,Petrov,749,France,Female,36,2,44809.89,1,1,1,73186.95,0
15604817,Nakamura,837,Spain,Female,44,5,0.0,2,1,0,200000.0,0
15604818,Novak,609,Spain,Male,49,3,115470.38,1,1,0,99221.56,0
15604819,Renner,763,Spain,Male,47,2,125577.01,2,1,0,148309.45,1
15604820,Dubois,637,Spain,Male,34,8,0.0,1,1,0,168215.44,0
15604821,Duarte,592,France,Female,51,7,112069.83,3,0,0,82084.28,1
15604822,Mendez,613,Spain,Male,29,5,117358.7,1,1,1,185430.02,0
15604823,Marchetti,658,Spain,Female,31,5,0.0,1,1,1,128463.75,0
15604824,Marchetti,581,France,Male,37,4,158197.51,1,1,0,162765.85,1
15604825,Reyes,708,France,Female,49,10,55448.55,1,1,1,111316.96,0
15604826,Mendez,600,France,Female,27,10,0.0,2,1,1,114526.51,1
15604827,Reyes,547,France,Male,48,0,111935.99,2,1,1,181955.88,0
15604828,Weiss,648,Germany,Male,38,8,66691.65,2,1,1,71971.5,1
15604829,Lindqvist,583,Germany,Female,34,3,181788.74,1,1,0,119108.82,1
15604830,Petrov,619,Spain,Male,50,7,0.0,1,1,1,105535.55,0
15604831,Schmitt,645,France,Female,30,10,50716.86,1,1,0,108033.13,1
15604832,Delacroix,521,Spain,Female,62,4,132416.99,3,1,1,140334.81,1
15604833,Kowalski,790,Spain,Male,37,5,177504.73,1,1,1,119509.29,0
15604834,Reyes,728,France,Female,40,6,0.0,2,1,0,96663.85,1
15604835,Voss,590,Germany,Male,54,3,180081.23,3,0,0,197654.67,1
15604836,Odom,648,France,Female,40,2,0.0,1,1,1,123234.67,0
15604837,Iyer,711,France,Male,51,6,122084.16,3,1,0,64337.46,1
15604838,Iyer,670,France,Male,19,2,0.0,2,1,0,101592.02,0
15604839,Petrov,830,France,Male,34,7,122185.63,1,1,1,101350.63,0
15604840,Delacroix,627,Germany,Male,43,2,131514.42,2,1,0,69279.58,1
15604841,Okafor,764,France,Male,50,1,116614.7,1,0,1,75268.36,0
15604842,Okafor,522,France,Male,46,1,0.0,1,0,1,94356.94,0
15604843,Duarte,537,France,Female,45,2,132576.05,1,1,1,129772.66,0
15604844,Whitfield,812,France,Male,49,1,0.0,2,0,1,35761.09,0
15604845,Duarte,609,France,Male,43,3,92998.35,1,0,1,133524.49,0
15604846,Hallgren,538,France,Male,18,4,3000.0,3,1,0,88905.91,0
15604847,Balogh,645,Spain,Male,53,2,143103.78,2,0,1,38247.69,0
15604848,Lindqvist,771,France,Male,30,5,68982.32,2,1,0,130494.52,0
15604849,Sorensen,577,Germany,Male,42,4,0.0,2,1,0,118590.67,1
15604850,Sorensen,646,France,Female,40,0,50906.52,3,0,0,133698.85,1
15604851,Balogh,472,Spain,Female,39,3,0.0,1,0,0,164454.8,1
15604852,Adeyemi,605,Germany,Female,27,0,0.0,2,0,0,200000.0,0
15604853,Whitfield,746,France,Male,19,8,229801.07,1,0,1,105573.74,0
15604854,Castellano,575,France,Female,28,4,83005.17,2,1,0,85272.9,0
15604855,Mendez,528,Germany,Female,47,6,0.0,1,1,1,94005.55,1
15604856,Nakamura,575,France,Female,24,1,107319.39,2,1,0,80664.62,0
15604857,Aoki,591,Spain,Male,30,4,0.0,2,1,0,69560.09,0
15604858,Kowalski,723,France,Male,43,8,0.0,2,0,0,102031.98,0
15604859,Falk,686,France,Male,28,2,151115.62,1,1,1,13227.63,0
15604860,Voss,705,Spain,Male,33,10,0.0,1,0,1,149241.03,0
15604861,Weiss,653,Germany,Female,39,4,0.0,2,0,0,121574.28,0
15604862,Renner,590,France,Male,41,1,0.0,1,1,1,188339.89,0
15604863,Abubakar,575,Germany,Male,28,1,147058.19,2,0,0,51657.71,1
15604864,Reyes,692,Spain,Male,40,5,0.0,1,0,0,183773.76,0
15604865,Renner,803,France,Male,43,10,0.0,1,1,0,155680.47,0
15604866,Laurent,560,France,Male,26,5,93956.33,1,1,1,46567.57,0
15604867,Voss,552,France,Male,41,1,94363.24,1,1,1,38316.12,0
15604868,Nakamura,541,France,Male,31,4,0.0,2,0,1,120475.22,1
15604869,Petrov,730,Spain,Male,40,9,137159.01,2,0,0,134684.68,0
15604870,Voss,646,France,Female,46,10,180241.39,2,0,0,146516.06,1
15604871,Fairweather,703,France,Female,37,6,126702.0,3,1,1,65060.5,0
15604872,Kessler,601,Spain,Female,48,9,0.0,1,1,1,200000.0,0
15604873,Falk,709,Spain,Female,47,8,0.0,1,0,0,36711.26,1
15604874,Kessler,622,Spain,Male,48,4,0.0,1,0,0,168377.53,0
15604875,Hallgren,502,Spain,Female,43,9,86640.94,1,1,0,1329.39,0
15604876,Osei,739,France,Female,50,0,108307.47,1,1,0,56203.2,1
15604877,Fairweather,647,Spain,Male,42,8,26661.59,1,1,1,152110.51,0
15604878,Mendez,620,France,Male,21,6,120024.54,2,0,1,200000.0,1
15604879,Osei,677,France,Female,30,6,19462.38,1,1,0,165680.33,1
15604880,Lindqvist,511,France,Male,36,10,146556.14,2,1,1,91907.74,0
15604881,Lindqvist,691,Spain,Female,38,2,0.0,1,1,1,34945.94,1
15604882,Renner,593,Spain,Male,42,2,102457.14,2,1,1,174458.74,0
15604883,Renner,635,France,Male,30,7,150071.78,2,0,1,91104.29,0
15604884,Nakamura,759,Germany,Female,59,8,119351.52,1,1,0,184625.41,1
15604885,Laurent,712,Germany,Female,37,0,0.0,2,1,0,167214.81,1
15604886,Petrov,633,France,Female,38,5,126177.41,2,0,1,131750.11,0
15604887,Reyes,640,Spain,Female,32,4,0.0,1,1,0,54768.95,0
15604888,Petrov,404,France,Female,28,9,190413.13,1,1,1,58247.33,0
15604889,Winters,571,Germany,Male,37,9,174286.98,1,1,0,136126.63,0
15604890,Rousseau,666,France,Female,39,1,133435.44,2,0,0,110723.75,1
15604891,Osei,577,France,Male,38,6,119518.34,1,0,1,200000.0,0
15604892,Schmitt,523,France,Male,55,7,0.0,2,1,0,137378.25,1
15604893,Okonkwo,696,France,Female,37,2,0.0,2,1,0,132556.5,0
15604894,Falk,775,Spain,Male,38,10,207202.81,1,1,1,191589.38,0
15604895,Fairweather,581,France,Female,47,9,84924.59,1,1,1,65878.85,1
15604896,Renner,734,France,Male,37,1,164290.88,1,1,0,132647.21,1
15604897,Iyer,720,Spain,Male,44,0,0.0,1,1,0,53603.96,1
15604898,Kowalski,556,Germany,Male,25,6,0.0,1,1,0,154379.16,0
15604899,Hargrove,580,Germany,Female,26,9,153903.27,2,1,1,193855.37,0
15604900,Weiss,823,France,Female,40,7,185367.16,2,1,0,113956.72,0
15604901,Dubois,543,France,Male,36,8,160651.36,1,1,1,5997.89,0
15604902,Weiss,592,France,Male,30,7,0.0,1,1,0,161272.57,0
15604903,Reyes,839,Germany,Male,40,1,0.0,2,0,0,190017.46,1
15604904,Fontaine,595,Spain,Male,41,0,0.0,1,1,1,60403.11,0
15604905,Rousseau,780,Spain,Female,31,0,140647.95,2,0,1,64737.42,0
15604906,Whitfield,552,Germany,Female,33,10,173503.94,1,1,0,159519.21,1
15604907,Winters,663,France,Male,41,10,0.0,2,1,0,50094.02,0
15604908,Hallgren,754,Spain,Male,28,9,0.0,2,0,0,39103.66,0
15604909,Sorensen,605,France,Female,32,0,113323.93,3,0,1,51475.94,0
15604910,Fairweather,660,France,Male,44,9,86761.3,1,1,0,77479.45,0
15604911,Falk,721,France,Male,38,10,120061.41,1,1,0,146213.5,1
15604912,Schmitt,563,France,Female,34,8,18557.23,2,1,0,112392.19,0
15604913,Laurent,850,Germany,Male,29,4,0.0,1,0,0,158188.28,0
15604914,Voss,750,France,Male,28,1,73015.85,1,1,0,136264.42,0
15604915,Novak,616,Germany,Male,37,3,86342.2,2,1,1,180997.19,0
15604916,Adeyemi,627,Spain,Female,59,2,116137.41,1,1,0,163679.18,1
15604917,Okonkwo,834,Spain,Male,44,7,43115.32,2,1,0,39618.91,0
15604918,Lindqvist,616,Germany,Female,25,9,95230.82,1,1,0,83434.79,0
15604919,Kessler,605,France,Male,46,5,120430.2,2,1,1,176864.49,0
15604920,Bergstrom,760,France,Male,31,0,0.0,1,0,1,126686.03,1
15604921,Rousseau,516,France,Female,38,4,119104.41,1,1,0,73131.07,1
15604922,Hallgren,642,France,Male,32,8,0.0,1,1,1,81789.58,0
15604923,Hargrove,658,Germany,Male,59,7,0.0,1,0,0,153272.85,1
15604924,Dubois,582,France,Male,27,0,218915.36,2,1,1,82095.72,0
15604925,Reyes,500,France,Female,42,3,115834.63,1,0,0,168462.86,1
15604926,Hallgren,657,France,Male,32,3,0.0,1,0,1,91164.26,0
15604927,Okonkwo,716,France,Female,46,0,0.0,1,1,1,188484.59,0
15604928,Osei,585,Spain,Male,41,3,138236.85,1,0,1,169934.59,0
15604929,Odom,537,France,Male,51,9,82596.42,1,0,1,69821.7,1
15604930,Petrov,771,Germany,Male,46,1,185583.68,2,1,0,146915.71,1
15604931,Schmitt,701,Spain,Male,31,5,0.0,2,1,0,23271.48,0
15604932,Aoki,615,Germany,Female,68,7,118250.31,1,1,0,105310.07,1
15604933,Okafor,738,France,Male,44,7,45859.84,2,1,0,100637.49,0
15604934,Osei,673,Spain,Female,33,3,0.0,1,1,0,3638.98,0
15604935,Girard,822,France,Male,41,6,101309.21,1,0,0,1000.0,1
15604936,Falk,714,France,Male,45,7,0.0,1,0,1,169664.99,0
15604937,Okonkwo,517,Spain,Male,45,6,0.0,2,1,1,98441.61,0
15604938,Iyer,587,Spain,Female,44,9,66521.66,1,0,0,109382.66,0
15604939,Voss,591,France,Male,48,2,87206.07,1,1,0,83463.3,1
15604940,Delacroix,680,Germany,Female,47,1,137010.28,2,0,0,172864.32,0
15604941,Mendez,621,France,Female,30,10,15479.89,1,1,0,13938.94,0
15604942,Novak,542,Spain,Female,60,8,181085.96,2,0,1,148690.33,0
15604943,Okafor,707,Germany,Male,59,4,174098.36,1,0,1,200000.0,0
15604944,Balogh,746,Spain,Female,47,6,0.0,1,0,1,53881.15,1
15604945,Reyes,640,Germany,Male,39,10,0.0,1,1,0,44438.84,1
15604946,Iyer,670,Spain,Male,39,9,0.0,1,1,1,122335.26,0
15604947,Delacroix,557,Germany,Male,35,8,106552.29,2,1,1,137492.59,0
15604948,Lindqvist,600,Spain,Female,37,6,0.0,1,1,1,26333.57,0
15604949,Osei,604,Spain,Male,18,7,132904.78,2,0,0,79517.81,0
15604950,Nakamura,704,France,Female,54,6,117860.29,2,1,1,187371.87,1
15604951,Girard,675,Spain,Female,51,5,57773.79,1,1,0,200000.0,1
15604952,Okonkwo,618,France,Male,21,7,90141.09,2,1,0,90680.59,0
15604953,Delacroix,615,Germany,Male,48,0,129864.79,1,1,0,107638.44,1
15604954,Laurent,461,France,Female,38,9,0.0,4,1,0,118430.78,1
15604955,Delacroix,804,France,Male,36,3,0.0,1,1,1,1000.0,0
15604956,Mendez,450,Germany,Male,44,5,89139.67,1,1,1,56752.39,1
15604957,Nakamura,691,France,Male,21,7,115961.92,2,0,1,97160.69,0
15604958,Whitfield,654,France,Female,38,3,78984.35,2,1,1,200000.0,0
15604959,Fontaine,624,Spain,Male,39,3,166692.2,2,1,1,124434.89,0
15604960,Falk,649,France,Male,39,1,96433.11,1,1,0,183940.43,1
15604961,Weiss,586,France,Male,25,1,0.0,1,1,0,89131.63,1
15604962,Mendez,713,France,Male,43,9,115097.84,4,1,1,125874.7,1
15604963,Kessler,524,France,Female,49,5,28348.45,2,0,0,44785.64,1
15604964,Odom,681,France,Male,43,7,0.0,2,0,1,14879.55,0
15604965,Delacroix,585,France,Female,36,1,96509.66,3,1,1,34828.42,1
15604966,Winters,609,France,Female,66,9,250378.46,2,1,0,74248.01,0
15604967,Rousseau,612,France,Male,29,3,0.0,2,1,1,94028.47,0
15604968,Whitfield,634,France,Female,46,5,98633.24,1,1,0,62690.12,1
15604969,Adeyemi,698,Spain,Female,41,5,162861.94,1,0,0,1000.0,1
15604970,Hallgren,647,Spain,Female,59,8,0.0,2,0,0,137182.9,0
15604971,Lindqvist,740,France,Female,42,1,163795.75,4,0,0,47712.67,1
15604972,Reyes,750,France,Male,45,9,98013.1,1,1,1,97153.59,0
15604973,Hargrove,680,Germany,Female,44,1,0.0,2,0,1,52515.84,1
15604974,Osei,716,Spain,Male,28,7,245408.59,1,0,1,152353.96,0
15604975,Iyer,844,France,Female,30,2,137816.32,1,1,0,1000.0,1
15604976,Fontaine,514,France,Male,36,10,123285.18,1,0,0,146156.62,0
15604977,Dubois,753,France,Female,48,6,152291.26,1,0,0,67640.34,1
15604978,Delacroix,798,Germany,Female,41,10,46839.38,1,1,0,74047.75,1
15604979,Delacroix,692,Germany,Female,36,10,0.0,1,1,0,95062.5,0
15604980,Thibault,833,Germany,Male,52,2,59850.03,2,1,0,88534.01,1
15604981,Castellano,820,France,Female,18,2,120345.6,1,1,0,172763.76,0
15604982,Lindqvist,618,France,Female,25,1,43093.77,2,1,1,129761.62,0
15604983,Hargrove,625,France,Female,18,7,145688.41,1,0,0,169039.4,1
15604984,Kessler,701,France,Female,51,0,171176.83,1,1,0,120950.35,1
15604985,Lindqvist,590,France,Female,38,2,0.0,1,0,1,84446.83,1
15604986,Fairweather,850,Spain,Female,48,9,134020.86,2,1,0,85404.48,0
15604987,Iyer,726,France,Male,37,6,0.0,1,1,0,1000.0,0
15604988,Reyes,654,Germany,Male,49,4,91100.71,2,0,1,200000.0,0
15604989,Mendez,515,France,Female,37,1,134427.28,1,0,0,84549.91,1
15604990,Fairweather,674,France,Female,43,9,106509.43,1,1,1,1000.0,1
15604991,Thibault,536,Germany,Male,41,9,0.0,1,1,1,32876.6,0
15604992,Balogh,723,Spain,Male,42,0,81162.83,1,1,0,1578.94,0
15604993,Bergstrom,410,France,Male,56,8,0.0,1,0,1,50383.38,1
15604994,Weiss,783,Spain,Female,22,3,0.0,4,1,0,123852.43,1
15604995,Hallgren,609,France,Female,38,7,54730.59,1,1,1,1000.0,0
15604996,Winters,488,France,Female,41,3,102015.24,1,1,1,167693.78,0
15604997,Adeyemi,648,France,Male,39,0,0.0,1,1,0,55629.73,1
15604998,Sorensen,652,France,Male,34,8,148479.83,2,0,0,79381.7,1
15604999,Kowalski,644,Spain,Female,33,9,144059.09,2,1,1,87525.13,0
15605000,Duarte,782,France,Male,54,7,0.0,1,1,1,28616.74,0
15605001,Girard,687,Spain,Male,38,1,123061.9,1,0,1,132978.08,0
15605002,Sorensen,726,Germany,Male,63,4,0.0,2,1,1,10778.55,0
15605003,Abubakar,626,France,Female,44,5,50497.07,2,1,0,180369.01,1
15605004,Reyes,691,France,Male,36,8,139547.8,2,1,0,30774.18,0
15605005,Delacroix,524,France,Male,44,8,0.0,2,1,1,89610.57,0
15605006,Sorensen,675,Germany,Male,40,9,0.0,2,1,1,52349.22,1
15605007,Fontaine,577,Spain,Female,52,6,0.0,1,1,1,154634.01,0
15605008,Voss,777,Spain,Male,27,10,111048.35,1,0,1,26439.42,0
15605009,Kessler,657,France,Male,20,9,118830.03,2,1,0,172497.7,0
15605010,Okafor,714,France,Male,42,2,158743.53,1,1,0,200000.0,0
15605011,Kowalski,675,Spain,Male,47,7,145119.14,3,0,1,11960.13,0
15605012,Renner,823,France,Female,41,0,107998.36,2,1,1,1000.0,0
15605013,Abubakar,500,Spain,Female,45,8,163775.43,2,1,1,76202.51,0
15605014,Duarte,639,France,Male,44,2,0.0,2,1,1,100344.35,0
15605015,Kowalski,558,France,Female,23,3,96572.32,2,0,1,79079.7,1
15605016,Marchetti,453,Spain,Male,41,6,154413.14,1,1,1,75938.9,0
15605017,Rousseau,552,France,Female,52,4,0.0,1,1,1,131703.83,1
15605018,Renner,763,Spain,Male,40,7,0.0,1,1,1,112657.42,0
15605019,Hargrove,647,France,Male,25,5,103025.4,1,1,1,1000.0,0
15605020,Thibault,629,Germany,Female,35,6,115580.77,1,1,1,50478.41,0
15605021,Adeyemi,724,Germany,Female,44,6,0.0,1,1,0,168848.44,0
15605022,Delacroix,661,Germany,Female,57,2,0.0,2,1,0,101800.04,1
15605023,Hallgren,709,Spain,Female,19,7,82434.65,2,1,0,90396.47,0
15605024,Mendez,681,Spain,Female,42,10,12171.79,1,1,1,19938.65,0
15605025,Rousseau,702,Spain,Female,29,6,0.0,1,0,1,135895.33,0
15605026,Iyer,607,France,Male,44,6,69210.78,2,1,1,92803.64,0
15605027,Okafor,751,France,Male,44,7,3000.0,2,1,1,92745.94,0
15605028,Abubakar,534,Spain,Female,36,0,0.0,1,1,1,150045.88,1
15605029,Hallgren,642,France,Female,45,1,0.0,1,1,0,33263.87,0
15605030,Balogh,755,France,Female,50,6,0.0,1,1,1,161324.43,0
15605031,Laurent,635,Germany,Male,37,4,0.0,2,0,0,111259.34,0
15605032,Duarte,609,France,Male,25,7,183284.16,1,1,1,160437.03,0
15605033,Mendez,850,Spain,Male,53,10,83057.38,4,1,1,77546.7,0
15605034,Adeyemi,786,Spain,Female,47,8,54730.36,4,1,0,167669.94,1
15605035,Balogh,664,France,Male,44,2,0.0,2,0,0,1000.0,0
15605036,Fairweather,557,Germany,Female,31,3,0.0,3,1,0,14711.15,0
15605037,Petrov,455,France,Male,49,1,48688.39,1,0,1,40782.92,0
15605038,Renner,718,Germany,Male,59,1,103194.53,1,0,1,50333.48,0
15605039,Bergstrom,772,Germany,Female,37,8,138924.9,2,1,0,157144.91,1
15605040,Fairweather,688,France,Male,39,7,125739.86,1,0,1,1000.0,0
15605041,Renner,486,France,Female,28,2,0.0,2,1,1,145285.71,0
15605042,Odom,665,France,Male,31,7,78391.01,3,1,0,92855.37,1
15605043,Rousseau,603,France,Male,28,5,0.0,2,1,1,29073.58,0
15605044,Petrov,666,France,Female,40,9,66334.14,1,1,1,194749.73,0
15605045,Delacroix,837,Germany,Female,35,7,155217.75,1,1,1,16143.74,0
15605046,Petrov,726,France,Male,42,2,163783.05,1,1,0,145636.18,1
15605047,Hargrove,705,Germany,Male,29,5,103623.37,1,1,0,169619.35,1
15605048,Petrov,646,France,Female,37,2,0.0,2,1,0,1000.0,0
15605049,Kowalski,690,Germany,Female,29,9,0.0,1,1,1,33921.05,1
15605050,Falk,581,France,Female,40,5,86377.35,3,0,1,171608.16,1
15605051,Reyes,703,France,Female,22,9,41453.83,2,1,1,103982.36,0
15605052,Petrov,631,Spain,Male,40,5,108214.86,2,1,0,132423.26,0
15605053,Winters,571,France,Female,36,5,165025.09,2,1,0,98387.77,0
15605054,Hallgren,728,Germany,Female,40,2,175425.69,1,0,0,139019.79,1
15605055,Balogh,436,France,Female,22,10,165463.74,2,1,0,24833.29,1
15605056,Voss,598,Spain,Female,45,7,136974.77,1,1,1,137144.56,0
15605057,Renner,709,Spain,Female,35,3,0.0,1,0,1,84871.99,0
15605058,Okafor,768,Spain,Female,41,9,63565.52,2,1,0,82348.33,1
15605059,Thibault,695,France,Male,19,2,0.0,1,0,1,16253.81,0
15605060,Girard,585,France,Male,26,1,0.0,2,1,1,5162.05,0
15605061,Fontaine,645,France,Female,35,7,122528.47,1,1,1,86331.28,0
15605062,Lindqvist,678,France,Male,53,8,40847.43,1,1,1,165107.06,1
15605063,Odom,800,France,Male,44,6,129067.22,1,1,1,106021.89,0
15605064,Nakamura,738,Germany,Male,40,7,169701.07,1,1,1,38500.03,1
15605065,Okafor,739,Spain,Female,29,2,5564.11,2,1,1,84436.39,0
15605066,Abubakar,656,Spain,Female,27,3,151777.46,1,0,0,78583.79,1
15605067,Kessler,547,France,Female,41,4,0.0,2,1,0,47143.36,0
15605068,Kessler,515,France,Male,46,2,0.0,1,1,1,118567.22,0
15605069,Odom,621,Spain,Male,41,2,107284.89,1,1,0,38913.62,0
15605070,Novak,717,France,Male,56,0,0.0,2,1,1,55260.52,0
15605071,Abubakar,602,France,Female,32,2,105595.45,1,0,1,31712.7,0
15605072,Thibault,705,France,Male,40,6,135498.27,1,1,0,51078.0,1
15605073,Kessler,574,Spain,Female,21,4,66507.43,1,1,0,182953.83,0
15605074,Bergstrom,589,Germany,Female,41,4,0.0,1,0,1,54161.41,0
15605075,Laurent,785,France,Female,53,10,109256.04,2,0,0,67212.79,1
15605076,Schmitt,724,France,Female,28,0,193460.81,2,1,1,140813.06,0
15605077,Delacroix,621,France,Female,47,9,74635.4,1,1,1,154671.33,0
15605078,Balogh,570,France,Female,53,0,79041.18,1,1,1,65845.72,0
15605079,Marceau,741,Spain,Male,31,5,0.0,2,1,0,167161.0,0
15605080,Abubakar,734,France,Male,43,1,99659.07,1,1,1,38488.26,0
15605081,Bergstrom,711,Spain,Female,55,5,117658.53,2,1,1,134154.52,0
15605082,Girard,633,France,Male,41,9,133759.36,4,0,1,90844.43,1
15605083,Kowalski,545,France,Female,47,0,80174.64,2,1,1,120009.0,0
15605084,Odom,649,Germany,Male,20,5,9383.43,1,1,0,129896.88,1
15605085,Schmitt,785,France,Female,45,5,165757.85,1,1,0,91340.52,1
15605086,Rousseau,563,Germany,Male,44,4,117807.19,1,0,0,125345.45,1
15605087,Weiss,655,France,Female,25,6,0.0,1,1,0,140327.86,0
15605088,Okonkwo,807,Germany,Male,29,3,150904.85,2,1,1,2119.93,0
15605089,Adeyemi,621,France,Male,45,8,0.0,1,1,0,44980.51,1
15605090,Laurent,638,France,Male,35,2,0.0,2,1,0,147899.36,0
15605091,Kessler,520,Germany,Female,50,3,0.0,2,0,1,1000.0,0
15605092,Bergstrom,710,France,Male,42,5,50611.2,1,0,0,30310.79,1
15605093,Reyes,579,France,Female,39,10,0.0,1,0,1,184235.12,0
15605094,Fairweather,501,Germany,Female,37,5,129742.03,1,1,0,74140.97,0
15605095,Reyes,558,Spain,Female,41,9,0.0,2,0,1,107063.4,0
15605096,Bergstrom,670,Spain,Female,47,1,0.0,1,1,1,119152.43,1
15605097,Hargrove,498,Spain,Female,44,0,0.0,1,0,1,121774.09,0
15605098,Castellano,517,Germany,Female,34,5,0.0,2,1,1,66424.92,0
15605099,Winters,704,Germany,Male,51,9,0.0,1,1,0,75523.34,1
15605100,Falk,643,Spain,Female,45,2,157185.35,2,1,0,200000.0,0
15605101,Fontaine,562,France,Male,42,2,112548.34,1,0,1,19750.59,0
15605102,Kessler,619,France,Female,39,1,110475.55,1,0,1,56075.25,1
15605103,Castellano,817,Spain,Male,44,10,0.0,3,1,1,29060.23,0
15605104,Okafor,773,Germany,Male,20,1,0.0,2,1,0,84473.63,0
15605105,Kessler,640,France,Female,41,6,144038.93,2,1,0,42621.52,0
15605106,Renner,728,France,Male,55,4,159584.84,2,1,1,168781.13,0
15605107,Petrov,662,France,Male,41,4,0.0,2,0,0,187078.85,0
15605108,Aoki,480,Spain,Male,39,7,0.0,1,1,1,93647.41,1
15605109,Castellano,462,Germany,Female,32,4,50009.52,1,1,1,37117.67,1
15605110,Winters,563,France,Male,44,0,0.0,2,0,0,200000.0,0
15605111,Hargrove,499,Spain,Male,37,6,98434.26,2,1,1,52007.79,0
15605112,Girard,676,Germany,Female,52,0,60760.89,3,0,1,108332.98,0
15605113,Osei,597,Germany,Female,30,9,74912.44,2,1,0,116756.2,1
15605114,Odom,691,France,Male,34,10,107305.0,2,1,0,39097.1,0
15605115,Weiss,692,Germany,Male,32,9,47831.48,2,1,1,71361.8,0
15605116,Iyer,716,Spain,Male,57,4,110443.0,3,1,1,200000.0,0
15605117,Fairweather,561,Germany,Female,37,4,174653.05,2,0,0,111259.99,0
15605118,Whitfield,700,France,Male,33,6,0.0,1,1,1,123815.81,0
15605119,Balogh,558,Spain,Male,18,9,23621.34,1,1,1,142373.23,0
15605120,Castellano,718,Spain,Male,29,8,155388.98,1,1,1,120146.24,0
15605121,Petrov,767,France,Female,44,5,0.0,1,1,1,153554.46,1
15605122,Abubakar,719,France,Male,44,8,170145.91,1,1,1,126781.87,0
15605123,Schmitt,633,Spain,Female,32,4,114949.6,1,1,1,87944.94,0
15605124,Sorensen,704,Spain,Male,32,8,228573.91,1,0,1,200000.0,0
15605125,Hargrove,503,France,Female,57,2,148798.61,1,1,0,61878.7,1
15605126,Fairweather,481,France,Female,66,4,260000.0,2,1,0,73766.73,1
15605127,Nakamura,695,France,Male,50,9,0.0,1,0,1,175750.18,1
15605128,Hargrove,776,Germany,Male,54,2,0.0,2,0,0,141513.81,1
15605129,Schmitt,532,Germany,Male,57,6,0.0,3,1,0,72744.94,0
15605130,Hallgren,651,France,Female,61,3,64599.88,1,0,1,68411.41,0
15605131,Dubois,692,France,Male,35,4,117775.53,1,0,0,96464.09,1
15605132,Balogh,591,France,Female,30,3,102373.62,2,0,1,114694.4,0
15605133,Weiss,617,France,Male,57,7,85120.94,2,1,1,96867.65,1
15605134,Kowalski,709,Germany,Female,29,8,105492.6,1,1,1,67004.67,0
15605135,Bergstrom,660,Spain,Female,28,9,102097.95,1,1,0,135884.49,0
15605136,Dubois,661,France,Male,28,3,79993.3,3,1,0,100688.83,0
15605137,Fontaine,556,France,Male,37,2,144859.58,2,1,0,147780.13,1
15605138,Balogh,647,France,Female,18,10,0.0,4,1,1,105787.52,0
15605139,Kowalski,612,Germany,Male,24,4,109842.71,1,0,1,10315.5,0
15605140,Kowalski,617,Spain,Female,32,7,0.0,1,1,0,125665.77,1
15605141,Mendez,598,Spain,Female,26,4,0.0,2,1,1,153817.61,0
15605142,Renner,647,France,Male,49,9,122065.97,2,1,0,120571.65,1
15605143,Aoki,567,Germany,Male,39,0,0.0,1,1,0,6851.2,0
15605144,Odom,651,France,Male,44,0,0.0,1,1,1,114699.1,0
15605145,Girard,615,Germany,Male,43,3,0.0,1,0,0,71266.09,0
15605146,Duarte,561,Germany,Female,36,4,88961.91,3,1,1,101803.97,0
15605147,Duarte,463,France,Female,49,8,0.0,2,1,1,126941.77,0
15605148,Petrov,741,Germany,Male,43,5,134389.73,2,1,1,84509.76,0
15605149,Schmitt,722,France,Female,35,2,0.0,2,1,0,134919.2,1
15605150,Girard,573,Spain,Male,21,0,0.0,1,1,0,126257.51,0
15605151,Balogh,715,France,Female,44,8,60181.76,2,0,0,119019.44,0
15605152,Lindqvist,552,France,Female,26,5,102621.91,2,0,1,78071.59,0
15605153,Fontaine,621,France,Male,42,10,81279.52,1,0,0,156075.68,0
15605154,Iyer,599,France,Female,39,3,0.0,1,1,0,183428.05,1
15605155,Weiss,623,France,Female,25,2,125458.78,2,1,1,98232.38,0
15605156,Renner,712,France,Male,41,2,52904.39,3,1,0,71511.93,1
15605157,Duarte,611,Spain,Male,40,4,141650.81,3,1,1,76099.56,0
15605158,Weiss,617,France,Female,40,1,220139.56,1,0,1,145046.08,0
15605159,Nakamura,721,France,Male,40,1,0.0,1,1,1,105310.05,0
15605160,Rousseau,656,Germany,Male,32,8,68609.33,2,1,1,85919.66,0
15605161,Petrov,593,Germany,Male,45,7,0.0,1,1,0,57160.17,1
15605162,Abubakar,673,France,Female,31,5,95791.42,2,0,1,122213.03,0
15605163,Winters,745,France,Male,28,5,78635.79,2,0,1,134980.03,0
15605164,Abubakar,751,Spain,Male,45,5,0.0,1,1,1,95478.95,0
15605165,Fontaine,523,Spain,Male,48,6,0.0,2,1,1,115462.44,0
15605166,Dubois,528,France,Male,45,3,0.0,2,1,1,128294.68,0
15605167,Marchetti,746,Spain,Female,36,8,0.0,2,1,0,152679.62,0
15605168,Renner,622,France,Male,19,0,173300.07,2,1,1,49272.83,0
15605169,Kessler,439,France,Female,54,8,163225.32,1,1,1,58628.95,0
15605170,Adeyemi,580,Spain,Male,19,8,0.0,1,0,0,76533.98,0
15605171,Lindqvist,608,Spain,Female,44,5,0.0,3,0,1,101332.71,0
15605172,Winters,620,Germany,Male,60,3,130331.28,1,0,1,72963.95,1
15605173,Kowalski,723,France,Female,40,9,0.0,1,0,1,83469.72,0
15605174,Lindqvist,561,France,Male,41,9,166078.09,2,1,0,140997.2,1
15605175,Dubois,740,France,Female,42,10,0.0,2,1,1,16397.48,0
15605176,Hargrove,677,France,Male,41,0,99763.86,3,1,0,54121.65,1
15605177,Falk,526,France,Male,62,6,230205.37,2,0,1,60287.83,0
15605178,Marchetti,619,Spain,Female,30,0,0.0,1,1,0,171418.56,0
15605179,Okafor,697,Spain,Male,29,0,0.0,1,1,1,104015.41,0
15605180,Novak,654,Spain,Male,35,0,0.0,1,0,0,112532.26,1
15605181,Balogh,686,France,Female,56,8,0.0,1,1,1,51429.22,0
15605182,Fairweather,594,France,Female,33,7,129835.7,3,0,1,71229.8,0
15605183,Marchetti,703,Spain,Female,43,9,79853.56,3,0,1,1000.0,0
15605184,Sorensen,612,France,Female,49,6,83614.1,2,1,1,102537.29,0
15605185,Okafor,850,Germany,Male,46,6,0.0,1,1,1,60565.98,0
15605186,Okafor,523,France,Male,49,1,134595.61,1,1,1,6157.18,1
15605187,Laurent,850,Spain,Female,53,7,0.0,1,1,1,116453.01,0
15605188,Kessler,559,Germany,Male,42,10,0.0,1,0,0,45363.87,0
15605189,Fontaine,772,Spain,Male,34,3,0.0,2,1,1,104520.47,0
15605190,Okonkwo,729,Spain,Male,40,7,0.0,4,1,1,115270.75,1
15605191,Duarte,563,Spain,Male,35,5,0.0,1,1,0,200000.0,0
15605192,Okonkwo,708,France,Male,64,5,0.0,3,1,1,76339.49,1
15605193,Winters,602,Spain,Male,33,8,0.0,3,0,0,109804.44,1
15605194,Okonkwo,676,Germany,Female,43,3,106829.61,2,1,1,96045.65,0
15605195,Nakamura,664,Germany,Female,23,9,135859.19,1,1,1,54880.97,0
15605196,Kessler,616,France,Female,40,10,81864.78,1,1,0,110467.51,0
15605197,Balogh,608,France,Male,36,1,0.0,1,1,0,143083.74,1
15605198,Balogh,683,Germany,Male,45,5,129329.39,2,0,0,130104.22,1
15605199,Sorensen,563,Spain,Female,46,0,0.0,1,0,1,138564.13,0
15605200,Iyer,567,France,Male,53,3,0.0,1,1,0,53112.73,0
15605201,Winters,742,France,Male,52,4,0.0,3,1,0,103083.65,0
15605202,Weiss,691,France,Female,38,7,126260.51,1,0,0,7263.54,0
15605203,Adeyemi,525,France,Female,29,4,0.0,1,1,1,1000.0,0
15605204,Marceau,554,France,Male,30,3,152588.44,1,0,0,196507.93,1
15605205,Mendez,445,France,Female,42,8,113092.68,2,0,0,105289.92,0
15605206,Hallgren,737,France,Female,40,8,0.0,2,1,0,135057.96,1
15605207,Adeyemi,716,Germany,Female,41,0,21492.36,1,1,1,135261.45,1
15605208,Voss,545,France,Male,33,3,0.0,1,1,0,97123.49,0
15605209,Balogh,712,France,Female,53,8,0.0,1,1,1,175491.79,0
15605210,Abubakar,841,France,Female,23,1,0.0,2,1,1,90868.47,0
15605211,Duarte,502,France,Male,32,5,0.0,2,1,0,1000.0,0
15605212,Lindqvist,591,Germany,Female,28,5,0.0,1,1,1,108910.82,0
15605213,Whitfield,500,Germany,Female,36,7,0.0,2,0,1,152698.69,0
15605214,Girard,741,France,Male,51,7,0.0,1,1,0,17729.84,0
15605215,Kessler,641,France,Male,36,5,196575.0,2,0,0,82614.98,0
15605216,Bergstrom,612,France,Male,40,4,129223.68,1,1,1,162668.02,0
15605217,Sorensen,672,France,Female,45,8,123117.16,2,1,0,149882.97,0
15605218,Kowalski,597,France,Male,35,4,0.0,2,0,1,91291.36,0
15605219,Okonkwo,611,France,Male,42,4,0.0,2,1,0,54497.83,0
15605220,Osei,676,France,Male,41,4,99511.26,1,1,1,98376.55,0
15605221,Marceau,591,Spain,Female,27,3,158871.51,1,0,1,112717.2,0
15605222,Renner,605,France,Female,34,6,0.0,2,0,1,141359.56,0
15605223,Mendez,635,France,Male,42,7,114226.66,1,1,0,90451.48,0
15605224,Novak,659,France,Male,52,9,131329.22,3,1,0,188070.26,1
15605225,Kowalski,708,France,Male,52,4,0.0,1,0,0,112058.07,1
15605226,Okonkwo,706,France,Male,60,8,176110.65,2,1,0,78411.17,0
15605227,Mendez,506,France,Female,43,3,0.0,2,1,0,66787.14,1
15605228,Thibault,785,France,Male,34,10,85028.29,1,1,0,49409.12,0
15605229,Odom,656,France,Female,38,10,0.0,1,0,1,157415.41,1
15605230,Adeyemi,618,Germany,Female,37,6,79548.29,1,1,0,87111.06,1
15605231,Kessler,563,Germany,Female,34,7,0.0,1,1,1,1000.0,0
15605232,Rousseau,841,France,Male,42,6,50214.58,1,1,0,76214.18,0
15605233,Sorensen,850,France,Male,43,2,0.0,1,1,0,169339.14,0
15605234,Schmitt,829,Spain,Male,27,10,186814.12,2,1,1,72093.85,0
15605235,Nakamura,662,Spain,Female,50,8,182790.08,2,0,0,21050.31,1
15605236,Kowalski,683,France,Female,20,4,0.0,2,1,0,71185.93,0
15605237,Castellano,793,France,Female,36,2,119836.02,1,0,1,132380.51,0
15605238,Lindqvist,627,France,Female,50,7,151882.45,1,1,1,84396.47,0
15605239,Iyer,702,Spain,Male,45,4,178283.18,3,1,0,44626.36,1
15605240,Renner,672,France,Female,35,9,117853.03,3,1,1,131870.45,0
15605241,Voss,834,France,Female,59,2,0.0,3,1,0,164537.42,1
15605242,Abubakar,788,France,Male,34,5,122177.44,2,1,1,182296.37,0
15605243,Marchetti,637,France,Female,18,1,162480.23,2,0,1,109953.84,1
15605244,Fairweather,796,France,Female,43,7,43576.08,2,0,1,88111.75,0
15605245,Thibault,650,Spain,Female,20,4,0.0,2,0,1,123215.85,0
15605246,Schmitt,598,Spain,Female,30,2,132030.02,1,1,1,170518.68,1
15605247,Aoki,623,France,Male,45,6,17336.59,1,1,0,158023.67,1
15605248,Nakamura,664,France,Female,34,6,157856.96,1,1,1,94128.06,0
15605249,Hargrove,575,Germany,Male,44,3,165809.13,2,0,0,43733.03,1
15605250,Castellano,600,France,Female,27,10,0.0,1,0,1,112475.52,0
15605251,Bergstrom,511,France,Male,47,0,0.0,1,1,1,97763.82,0
15605252,Adeyemi,571,France,Female,21,3,0.0,1,0,0,124659.97,0
15605253,Delacroix,673,Germany,Male,52,2,67557.41,2,0,1,35689.36,0
15605254,Adeyemi,750,Germany,Male,34,10,74452.4,2,1,0,60766.26,0
15605255,Aoki,738,Germany,Male,54,2,85879.42,1,0,1,149122.57,0
15605256,Renner,691,Spain,Female,30,2,142497.17,1,1,1,109336.65,0
15605257,Osei,503,France,Male,58,6,174371.63,2,0,0,30945.17,1
15605258,Petrov,567,France,Male,29,2,0.0,2,0,1,173860.6,0
15605259,Okafor,631,France,Male,20,3,0.0,1,1,0,81708.9,1
15605260,Okonkwo,742,Spain,Male,39,2,151551.59,1,1,0,120504.17,0
15605261,Delacroix,597,Spain,Female,51,5,142199.87,2,1,0,70689.72,1
15605262,Thibault,533,France,Male,47,8,3000.0,2,0,1,114337.56,0
15605263,Kowalski,789,Germany,Male,50,5,173995.28,1,1,1,173965.78,0
15605264,Novak,579,France,Male,47,9,118676.44,1,0,0,174274.31,0
15605265,Laurent,542,France,Male,30,2,0.0,2,1,0,187605.88,0
15605266,Marchetti,672,France,Male,46,9,24854.47,2,1,1,71270.37,0
15605267,Whitfield,645,Germany,Male,39,8,0.0,1,1,0,135858.34,1
15605268,Whitfield,602,Germany,Male,31,0,128848.16,3,0,0,2616.3,1
15605269,Winters,650,France,Male,40,7,150755.6,2,1,1,117467.72,0
15605270,Nakamura,561,Germany,Male,38,10,45810.55,2,0,1,200000.0,1
15605271,Lindqvist,601,Germany,Female,53,7,137588.86,1,1,0,29192.55,1
15605272,Mendez,647,Germany,Male,33,2,0.0,1,1,0,50900.46,1
15605273,Novak,455,Germany,Female,33,4,104221.92,2,1,0,90552.32,0
15605274,Weiss,742,France,Female,31,9,47341.28,1,1,0,84854.97,0
15605275,Rousseau,518,Germany,Female,58,3,0.0,1,1,1,146318.99,0
15605276,Delacroix,560,Spain,Male,32,5,64246.99,1,1,1,142479.86,0
15605277,Osei,746,Spain,Female,52,6,0.0,3,0,0,1000.0,1
15605278,Fontaine,705,France,Female,28,9,170001.7,2,1,0,38965.32,0
15605279,Duarte,658,Spain,Female,44,10,116337.35,1,1,1,90229.98,0
15605280,Fairweather,486,Germany,Female,41,7,0.0,2,1,0,66221.64,1
15605281,Hargrove,592,France,Male,51,4,53227.49,2,1,1,120070.11,0
15605282,Okonkwo,629,Germany,Female,50,4,109709.97,1,1,1,122773.93,0
15605283,Rousseau,636,France,Female,39,7,104490.85,1,1,0,1000.0,0
15605284,Petrov,760,France,Male,33,0,62918.17,3,1,0,81410.19,1
15605285,Fairweather,841,France,Male,55,4,166250.2,2,1,1,50446.05,0
15605286,Whitfield,709,Germany,Female,32,3,163856.42,2,1,1,106211.47,0
15605287,Kessler,599,Spain,Male,18,10,73275.29,2,1,1,138009.0,0
15605288,Duarte,767,France,Female,20,9,131791.5,3,0,0,87524.25,1
15605289,Fairweather,593,Spain,Male,22,2,19363.99,1,1,1,26051.41,0
15605290,Kessler,398,France,Female,45,7,127911.97,1,1,1,175665.58,0
15605291,Lindqvist,530,France,Male,61,5,151067.23,2,0,1,54596.45,0
15605292,Bergstrom,422,Germany,Female,18,9,0.0,2,1,0,69669.45,0
15605293,Nakamura,613,Spain,Male,31,5,112750.95,3,1,1,1000.0,0
15605294,Novak,633,Germany,Female,39,7,118380.35,1,0,1,130558.29,0
15605295,Dubois,497,Spain,Male,54,8,0.0,2,0,1,100893.52,0
15605296,Balogh,568,Germany,Male,30,9,241040.57,1,1,1,128251.82,0
15605297,Winters,513,France,Male,45,7,128095.95,1,0,0,53535.1,0
15605298,Weiss,638,France,Male,36,3,78815.34,1,1,0,137356.55,0
15605299,Reyes,568,France,Female,65,8,0.0,1,1,0,181399.21,0
15605300,Kowalski,747,Spain,Male,40,3,0.0,2,1,1,1000.0,0
15605301,Marchetti,666,Spain,Male,42,8,0.0,1,1,1,125548.32,1
15605302,Kessler,804,Spain,Female,39,10,7428.07,1,0,1,15849.75,0
15605303,Aoki,606,France,Male,34,5,54701.77,2,0,1,125954.21,0
15605304,Adeyemi,850,France,Male,48,9,150117.28,1,0,1,161579.95,0
15605305,Okonkwo,650,Spain,Female,27,1,153031.89,2,1,1,40502.48,0
15605306,Petrov,599,Germany,Male,18,4,134114.72,1,1,0,53393.28,1
15605307,Abubakar,850,France,Female,37,9,167537.78,1,0,1,107830.88,0
15605308,Okafor,474,France,Female,47,8,102920.72,1,0,0,99110.72,1
15605309,Thibault,597,France,Male,33,3,98452.42,2,0,1,21350.42,0
15605310,Fairweather,490,France,Female,40,5,131254.91,2,1,1,67325.9,0
15605311,Hargrove,474,France,Female,26,1,0.0,2,1,1,55639.81,0
15605312,Marchetti,452,France,Male,49,8,132557.26,2,1,0,86861.76,1
15605313,Mendez,709,Spain,Female,45,1,107212.66,1,0,0,200000.0,1
15605314,Balogh,522,France,Male,39,6,132141.67,1,1,0,109043.87,1
15605315,Nakamura,626,France,Male,40,5,183143.53,1,1,1,38190.27,0
15605316,Fairweather,736,France,Female,24,6,0.0,1,1,1,115629.98,0
15605317,Mendez,694,Germany,Male,25,4,89603.66,1,1,0,85200.04,0
15605318,Okonkwo,690,France,Male,37,0,0.0,2,0,1,182700.39,0
15605319,Thibault,767,France,Male,44,7,0.0,2,1,0,74357.27,1
15605320,Osei,805,France,Female,44,9,73037.38,1,1,0,82568.43,1
15605321,Iyer,530,Spain,Female,35,6,144033.17,1,1,1,163949.44,0
15605322,Balogh,696,Germany,Male,46,0,38444.85,3,1,1,51262.38,0
15605323,Lindqvist,624,France,Male,53,1,99015.12,1,1,0,31480.02,0
15605324,Hargrove,636,France,Female,38,3,109087.19,2,0,0,115611.49,0
15605325,Schmitt,505,France,Male,42,3,0.0,1,1,1,109742.77,0
15605326,Fontaine,599,Spain,Male,36,1,0.0,2,0,0,23576.83,0
15605327,Marchetti,609,Germany,Male,37,9,94202.66,1,1,0,1000.0,0
15605328,Duarte,787,France,Female,40,8,0.0,4,0,1,118464.55,0
15605329,Mendez,539,France,Male,56,8,0.0,1,0,1,118105.11,1
15605330,Balogh,421,Germany,Female,48,10,55888.69,2,0,0,131119.74,1
15605331,Castellano,649,Spain,Female,47,9,0.0,2,0,0,157936.89,0
15605332,Rousseau,529,France,Male,34,1,0.0,2,1,1,105748.22,0
15605333,Delacroix,637,France,Female,29,0,198042.75,2,1,1,91115.75,0
15605334,Mendez,713,France,Male,42,8,116964.12,2,1,1,141264.86,0
15605335,Schmitt,640,Germany,Male,51,10,0.0,2,1,1,105869.79,0
15605336,Osei,609,Spain,Female,56,7,116879.67,2,0,1,13976.47,0
15605337,Laurent,635,Spain,Male,18,9,172499.26,2,1,0,113422.79,0
15605338,Kowalski,731,Germany,Female,63,6,69279.84,2,1,1,137454.87,0
15605339,Novak,539,France,Female,43,4,137409.63,3,1,1,47640.62,0
15605340,Renner,720,France,Male,48,1,110059.96,2,0,0,198433.89,0
15605341,Abubakar,554,France,Female,21,7,132164.77,1,1,1,81791.38,0
15605342,Okonkwo,708,Germany,Female,36,3,0.0,4,1,1,161741.99,0
15605343,Renner,502,Spain,Male,47,2,93951.01,2,1,1,43490.41,0
15605344,Adeyemi,702,France,Male,27,9,0.0,2,1,1,147512.72,0
15605345,Winters,640,France,Female,18,7,42971.14,2,0,1,179051.28,0
15605346,Thibault,659,Spain,Male,42,4,181696.57,1,1,1,53977.19,0
15605347,Fontaine,742,Spain,Male,38,8,117397.66,1,0,0,116738.22,1
15605348,Marceau,571,Spain,Male,53,8,84525.94,1,1,1,86351.12,0
15605349,Thibault,648,France,Male,37,5,130429.72,3,0,0,41024.74,1
15605350,Lindqvist,679,Germany,Male,38,10,0.0,2,1,1,106465.93,0
15605351,Abubakar,621,Germany,Female,46,0,115942.12,1,1,0,81392.55,1
15605352,Adeyemi,719,Spain,Female,49,5,116251.04,2,1,0,84867.48,0
15605353,Hargrove,682,Spain,Female,31,4,174907.65,2,0,1,32816.98,0
15605354,Thibault,594,Germany,Male,48,1,125942.15,2,0,0,149229.69,0
15605355,Falk,771,Germany,Male,33,7,0.0,1,1,1,75877.57,0
15605356,Aoki,704,Spain,Male,39,1,141059.94,2,0,1,82984.81,0
15605357,Renner,569,France,Male,45,7,148050.68,2,1,1,39901.55,0
15605358,Hargrove,568,France,Female,47,8,31387.32,1,1,0,162032.88,1
15605359,Aoki,629,Germany,Male,42,5,52590.6,2,0,1,24665.69,0
15605360,Abubakar,693,Spain,Female,27,2,0.0,1,1,1,7715.82,1
15605361,Petrov,438,France,Male,19,10,0.0,2,1,0,108052.17,0
15605362,Sorensen,573,France,Female,37,7,96589.62,2,1,0,71455.89,0
15605363,Petrov,595,Germany,Female,48,1,110252.4,2,0,0,136063.01,1
15605364,Hargrove,512,Germany,Female,43,8,79958.73,1,1,0,189176.19,0
15605365,Odom,552,Germany,Female,41,1,0.0,3,1,1,173824.87,0
15605366,Odom,663,France,Female,38,6,55887.77,3,1,1,155023.04,0
15605367,Okafor,603,Germany,Female,42,2,80052.26,2,0,1,47555.82,0
15605368,Girard,611,Germany,Male,28,6,86851.35,2,1,0,160129.14,0
15605369,Hallgren,518,France,Male,46,8,73529.82,1,1,0,73880.97,1
15605370,Hargrove,630,France,Female,47,8,0.0,2,1,0,34412.97,1
15605371,Fontaine,506,Germany,Male,35,8,84323.11,2,0,0,131223.2,0
15605372,Falk,790,France,Female,43,7,0.0,1,1,0,75161.68,0
15605373,Hallgren,817,Spain,Male,21,8,78403.71,3,1,0,90940.53,0
15605374,Kessler,605,Spain,Female,40,9,102884.67,1,1,1,138785.72,0
15605375,Osei,542,Spain,Male,37,9,0.0,2,1,0,144787.14,0
15605376,Kowalski,732,France,Female,51,8,77630.3,2,1,0,82411.73,0
15605377,Fontaine,707,Spain,Male,36,4,0.0,2,1,1,107840.8,0
15605378,Okonkwo,830,France,Male,47,3,0.0,2,0,1,153050.66,0
15605379,Voss,850,Germany,Female,35,3,0.0,1,1,0,58381.33,0
15605380,Dubois,455,France,Male,18,6,99597.07,1,1,0,8787.48,1
15605381,Voss,761,Spain,Male,36,6,179104.44,1,1,0,71771.07,1
15605382,Renner,629,Germany,Female,41,4,0.0,1,1,1,81282.52,0
15605383,Winters,703,France,Female,40,4,0.0,1,0,1,92424.82,0
15605384,Fontaine,725,France,Male,40,7,0.0,1,0,1,200000.0,0
15605385,Fairweather,721,Germany,Female,33,5,93224.41,1,1,1,58205.48,0
15605386,Osei,746,France,Male,35,0,0.0,2,1,1,90481.55,0
15605387,Hallgren,596,France,Male,27,1,78879.52,1,1,1,50401.93,0
15605388,Iyer,559,France,Female,18,3,15381.38,2,0,0,113546.74,0
15605389,Fontaine,764,Germany,Male,37,4,162741.6,2,1,0,130036.76,0
15605390,Dubois,566,Spain,Male,31,8,0.0,2,1,1,142952.63,0
15605391,Marchetti,829,France,Male,50,5,165482.82,3,1,1,114491.75,0
15605392,Thibault,577,Germany,Female,18,4,103555.4,2,0,1,105426.54,0
15605393,Fontaine,613,France,Female,41,0,90895.83,2,1,1,1000.0,0
15605394,Sorensen,632,France,Male,60,0,78828.77,1,1,0,141172.78,1
15605395,Mendez,502,France,Female,37,10,146198.67,1,0,1,179094.22,0
15605396,Balogh,502,France,Female,38,9,71789.76,2,1,1,55001.22,0
15605397,Fairweather,738,France,Male,43,0,131225.14,2,0,0,50181.89,0
15605398,Falk,485,Spain,Female,44,4,113906.04,2,0,1,37053.55,0
15605399,Nakamura,850,France,Male,34,10,0.0,4,1,1,135594.56,1
15605400,Castellano,641,Spain,Male,28,7,89586.68,2,1,0,35084.1,0
15605401,Mendez,551,France,Male,45,0,112503.23,3,1,0,92800.39,1
15605402,Weiss,690,France,Male,19,4,96475.44,2,1,0,14526.06,0
15605403,Aoki,414,France,Female,47,9,0.0,3,1,0,123889.97,0
15605404,Balogh,618,Spain,Female,35,3,123750.59,2,0,1,75038.23,0
15605405,Winters,630,Spain,Female,39,6,0.0,1,1,1,112267.91,0
15605406,Iyer,528,France,Male,33,3,93844.44,1,0,1,50812.45,0
15605407,Marchetti,589,France,Male,53,2,0.0,3,0,0,59015.68,1
15605408,Weiss,796,France,Male,41,9,81609.63,1,1,0,67051.81,0
15605409,Petrov,668,Germany,Male,35,2,70845.1,1,1,0,51104.29,1
15605410,Bergstrom,688,France,Female,35,6,0.0,2,1,1,48254.49,0
15605411,Hargrove,574,Germany,Female,37,3,188999.81,1,1,0,26419.65,0
15605412,Okonkwo,523,France,Female,63,6,0.0,2,1,1,127121.68,0
15605413,Sorensen,627,France,Female,25,8,133469.14,4,1,1,117282.16,0
15605414,Weiss,414,Spain,Male,50,6,78786.27,2,0,0,75722.03,0
15605415,Aoki,545,France,Male,44,1,117188.49,1,0,1,143386.32,0
15605416,Castellano,530,France,Male,54,3,46575.38,1,1,0,184967.69,1
15605417,Delacroix,454,Germany,Female,45,2,69325.22,2,1,0,59278.01,0
15605418,Petrov,712,France,Male,39,7,67541.1,1,1,1,112067.43,0
15605419,Reyes,637,France,Male,49,7,104738.71,1,1,1,112117.64,0
15605420,Duarte,591,France,Female,41,1,0.0,1,1,0,63128.46,0
15605421,Odom,714,France,Male,46,6,0.0,1,0,1,25178.59,0
15605422,Thibault,492,Germany,Male,53,5,43496.62,2,1,0,200000.0,1
15605423,Iyer,521,France,Male,39,4,0.0,1,1,1,119738.63,0
15605424,Duarte,757,Germany,Male,34,9,0.0,1,0,0,101759.39,0
15605425,Girard,850,Spain,Male,32,0,0.0,2,1,1,118763.38,0
15605426,Marceau,716,Germany,Female,43,7,0.0,1,1,1,200000.0,0
15605427,Thibault,695,Germany,Female,30,6,0.0,1,1,1,87493.12,0
15605428,Odom,594,Germany,Male,35,2,107995.92,1,1,1,102794.2,0
15605429,Okonkwo,596,Spain,Female,29,2,218833.23,3,0,0,103433.78,1
15605430,Winters,672,France,Female,44,1,92949.85,1,1,0,162725.9,1
15605431,Bergstrom,782,France,Female,31,6,101724.04,2,0,0,115534.87,0
15605432,Reyes,691,Spain,Female,25,7,131022.97,2,0,0,10763.02,1
15605433,Laurent,742,France,Female,27,3,71113.98,1,0,1,1000.0,0
15605434,Duarte,562,Spain,Male,33,4,0.0,2,1,0,159501.56,1
15605435,Kessler,709,France,Male,34,10,107229.6,1,1,0,114234.18,0
15605436,Kowalski,586,Germany,Male,41,7,121704.43,1,0,1,80866.43,0
15605437,Fontaine,663,France,Male,37,6,65476.95,2,0,1,54465.34,0
15605438,Voss,709,Germany,Female,42,1,0.0,1,1,1,200000.0,0
15605439,Marchetti,599,France,Female,43,6,189332.64,2,1,1,113266.52,0
15605440,Delacroix,552,France,Male,46,4,0.0,2,0,0,129973.17,0
15605441,Fontaine,685,Germany,Female,19,9,0.0,1,0,0,146958.82,0
15605442,Marchetti,637,Germany,Female,27,2,107432.83,1,1,0,124663.25,1
15605443,Girard,663,Spain,Male,44,10,97146.16,2,0,1,74395.28,0
15605444,Voss,713,Germany,Female,41,10,128313.66,3,1,0,88437.56,1
15605445,Duarte,775,France,Male,48,8,180963.54,1,1,1,137172.83,0
15605446,Voss,714,Germany,Male,23,5,124855.7,1,1,1,151034.62,1
15605447,Duarte,701,France,Male,34,6,159958.94,2,1,1,160808.88,0
15605448,Fairweather,602,Spain,Female,35,9,110050.68,2,1,0,54152.66,0
15605449,Duarte,617,France,Male,40,9,130253.94,2,1,1,110503.77,0
15605450,Falk,694,France,Male,39,8,0.0,1,1,0,53657.42,1
15605451,Delacroix,615,Spain,Female,43,1,113894.77,1,1,0,93078.36,0
15605452,Hallgren,693,Spain,Female,37,4,98402.14,1,1,1,85312.44,0
15605453,Fairweather,572,France,Male,52,8,0.0,2,1,0,99521.28,0
15605454,Thibault,835,Germany,Male,56,1,29238.57,1,1,1,153079.48,0
15605455,Balogh,669,Spain,Female,27,7,56244.45,1,1,1,51100.28,0
15605456,Kowalski,662,France,Female,39,3,171405.89,1,1,1,200000.0,0
15605457,Adeyemi,604,Spain,Male,47,6,0.0,1,0,1,171822.81,0
15605458,Osei,834,France,Male,44,10,25426.86,1,1,1,7234.34,0
15605459,Abubakar,530,France,Male,34,9,83649.41,2,1,1,117697.78,0
15605460,Fairweather,583,Spain,Female,41,4,74607.71,3,1,0,33002.9,1
15605461,Adeyemi,732,France,Female,22,7,0.0,2,1,1,119894.02,0
15605462,Winters,673,France,Female,38,0,107811.66,1,0,0,17404.87,1
15605463,Marchetti,595,Spain,Male,24,7,146012.03,2,1,1,165984.69,0
15605464,Novak,597,France,Female,44,1,0.0,1,1,1,168633.21,0
15605465,Girard,622,Germany,Male,27,10,0.0,1,0,1,72267.66,0
15605466,Novak,660,Germany,Female,40,3,95307.06,1,1,1,109250.5,0
15605467,Sorensen,799,France,Male,42,7,75137.69,2,0,0,25942.75,1
15605468,Voss,708,Spain,Male,39,7,134085.88,1,1,1,67220.62,0
15605469,Petrov,748,France,Male,32,2,99642.6,1,0,1,89723.71,0
15605470,Iyer,608,Spain,Male,36,9,106964.18,2,1,1,8693.95,0
15605471,Voss,700,France,Male,51,2,178817.2,3,1,1,192707.59,1
15605472,Mendez,501,Germany,Female,34,9,0.0,2,1,0,106623.65,0
15605473,Marchetti,667,France,Female,39,5,209248.71,2,0,1,170324.26,0
15605474,Hallgren,661,Spain,Male,33,5,3000.0,1,1,0,88285.84,0
15605475,Aoki,825,France,Male,49,2,111521.68,1,0,1,58496.53,0
15605476,Mendez,800,France,Male,39,0,56419.88,1,1,0,104366.08,0
15605477,Laurent,625,France,Female,31,7,0.0,1,1,0,153361.08,0
15605478,Winters,572,Spain,Male,39,8,79220.98,1,1,0,59754.04,0
15605479,Renner,574,Germany,Male,36,9,158129.01,3,1,0,113381.28,1
15605480,Sorensen,622,France,Male,53,10,0.0,1,1,1,64685.92,0
15605481,Schmitt,775,France,Male,38,3,0.0,1,1,0,1000.0,0
15605482,Petrov,690,France,Female,24,6,144986.2,1,0,1,77826.36,0
15605483,Falk,700,France,Male,44,10,0.0,1,1,1,105967.13,0
15605484,Okonkwo,728,Germany,Male,57,6,195600.79,1,0,1,98679.15,0
15605485,Dubois,555,Germany,Female,51,8,47448.11,2,1,1,82125.92,0
15605486,Petrov,582,Germany,Male,27,7,97634.37,2,1,1,103848.37,0
15605487,Delacroix,700,France,Female,36,10,0.0,1,0,0,61344.28,1
15605488,Girard,575,France,Male,38,3,95769.3,2,0,0,126994.02,0
15605489,Whitfield,503,Spain,Female,38,2,0.0,1,0,0,72731.99,0
15605490,Hallgren,546,France,Female,42,10,0.0,1,1,0,145445.94,0
15605491,Kessler,751,Spain,Male,35,5,111933.89,4,1,1,18562.99,0
15605492,Petrov,614,France,Female,29,2,71075.57,2,1,1,103204.74,0
15605493,Thibault,672,France,Male,48,7,0.0,1,1,0,126387.46,0
15605494,Okonkwo,551,Germany,Male,27,9,178366.72,2,1,0,169917.31,0
15605495,Aoki,686,France,Female,30,8,14895.47,2,1,0,67396.75,0
15605496,Fontaine,624,Germany,Female,27,3,65782.88,4,1,1,165347.03,0
15605497,Hargrove,693,France,Male,45,10,84368.82,1,1,1,123108.99,0
15605498,Reyes,604,France,Male,40,0,67634.76,1,1,0,197295.4,0
15605499,Whitfield,698,France,Male,48,9,0.0,2,1,1,13357.84,0
15605500,Hallgren,599,France,Female,30,2,0.0,1,1,1,111417.46,0
15605501,Balogh,642,Spain,Female,26,2,0.0,2,1,0,95683.76,0
15605502,Novak,624,France,Male,34,3,186555.16,1,1,1,107103.28,0
15605503,Winters,653,Spain,Female,37,4,22258.76,2,0,1,147834.26,0
15605504,Dubois,677,Germany,Male,41,0,0.0,1,1,1,177842.65,0
15605505,Voss,602,France,Female,21,7,0.0,2,1,1,116604.65,0
15605506,Renner,639,France,Female,43,1,106011.05,1,1,0,5341.33,1
15605507,Kowalski,668,France,Female,29,1,0.0,1,0,0,75890.54,1
15605508,Kowalski,699,Germany,Male,32,0,92970.36,1,1,1,200000.0,1
15605509,Abubakar,643,Spain,Male,50,10,111603.54,2,1,1,42777.49,0
15605510,Fairweather,565,France,Male,18,0,102795.78,1,0,1,107983.65,0
15605511,Schmitt,658,Spain,Female,42,8,146855.82,1,1,1,139510.45,0
15605512,Lindqvist,714,France,Female,42,6,57300.76,2,1,0,154963.95,1
15605513,Delacroix,522,France,Male,30,9,42157.85,1,1,0,62907.6,1
15605514,Lindqvist,523,France,Male,34,4,11690.12,1,1,0,180617.17,0
15605515,Renner,586,Germany,Male,51,9,0.0,2,1,1,167833.58,0
15605516,Voss,632,France,Female,59,5,0.0,1,1,1,122800.59,0
15605517,Fontaine,439,France,Female,49,1,53332.42,2,0,1,44934.88,0
15605518,Voss,705,France,Male,58,9,0.0,1,1,0,65320.36,1
15605519,Voss,632,Spain,Female,31,4,206427.88,3,0,1,59325.71,1
15605520,Schmitt,424,France,Male,22,0,0.0,1,1,0,83416.9,0
15605521,Aoki,543,France,Female,38,7,178687.74,1,1,0,176483.91,0
15605522,Abubakar,621,France,Male,47,3,129460.36,2,1,1,114124.32,0
15605523,Mendez,480,Spain,Male,20,9,0.0,2,1,1,132981.55,0
15605524,Nakamura,743,France,Female,29,1,0.0,1,0,1,106291.7,0
15605525,Nakamura,668,Germany,Female,30,8,40813.33,1,1,1,184890.68,0
15605526,Okafor,715,France,Male,42,9,0.0,2,1,0,7332.98,1
15605527,Petrov,551,France,Female,41,1,0.0,2,1,0,1000.0,0
15605528,Kowalski,689,Germany,Male,31,6,0.0,1,0,1,94303.69,0
15605529,Okafor,587,Germany,Male,40,7,103625.96,2,1,1,95742.02,0
15605530,Weiss,632,France,Female,27,10,142450.46,1,1,0,94044.16,0
15605531,Petrov,684,Germany,Female,34,3,107514.66,3,1,0,56826.02,1
15605532,Odom,643,Spain,Male,26,5,0.0,2,0,1,21441.45,0
15605533,Renner,728,France,Female,37,4,150542.34,2,1,0,90328.42,0
15605534,Abubakar,663,Germany,Female,30,4,178542.6,2,0,0,75313.21,1
15605535,Duarte,606,Germany,Male,46,10,126267.27,1,0,0,109998.83,0
15605536,Fairweather,731,France,Male,38,7,208968.89,1,1,0,136227.26,0
15605537,Okafor,751,Spain,Male,36,1,100345.16,2,0,0,163947.07,0
15605538,Thibault,658,France,Female,57,9,0.0,3,0,1,143952.85,1
15605539,Rousseau,778,France,Female,42,1,141125.25,1,1,1,95307.35,0
15605540,Castellano,627,Germany,Male,35,9,20470.21,2,1,1,122891.52,0
15605541,Laurent,638,Spain,Male,33,4,0.0,1,0,1,29331.98,1
15605542,Fontaine,650,Spain,Male,26,7,0.0,2,0,0,48610.84,0
15605543,Petrov,638,Spain,Male,38,9,0.0,2,1,0,195081.48,0
15605544,Dubois,620,Spain,Female,42,9,0.0,1,1,0,156882.56,0
15605545,Mendez,581,France,Male,19,1,0.0,1,1,1,12859.02,0
15605546,Laurent,555,Germany,Female,25,4,108446.27,1,0,0,56917.86,1
15605547,Laurent,661,Spain,Male,33,0,144860.52,2,0,0,200000.0,1
15605548,Marchetti,765,Spain,Female,27,7,0.0,2,0,1,52898.3,0
15605549,Castellano,728,France,Female,39,4,100207.87,2,1,1,1000.0,0
15605550,Balogh,687,France,Female,40,10,94328.31,3,1,0,67816.82,0
15605551,Hallgren,770,France,Male,37,6,160198.02,1,1,0,69314.6,1
15605552,Marceau,652,France,Female,44,4,190415.92,3,1,0,163422.42,1
15605553,Castellano,555,France,Female,33,1,56997.61,1,0,1,147506.14,0
15605554,Laurent,616,Spain,Female,38,3,0.0,3,1,0,71188.26,0
15605555,Novak,644,Germany,Female,28,8,0.0,2,1,0,95464.0,0
15605556,Duarte,601,France,Female,41,1,113551.24,2,1,0,116220.96,1
15605557,Fontaine,709,France,Male,39,9,200336.22,2,1,0,141272.36,0
15605558,Thibault,740,Spain,Male,26,6,0.0,1,1,1,78323.3,0
15605559,Aoki,484,France,Female,37,5,83847.85,2,0,0,116651.4,1
15605560,Voss,636,Germany,Male,38,5,43587.43,1,1,0,182121.42,1
15605561,Castellano,371,France,Female,41,0,161954.65,1,1,0,91559.24,1
15605562,Iyer,641,France,Female,42,2,89040.73,2,1,0,107982.43,1
15605563,Okafor,640,France,Female,31,5,0.0,2,0,1,135034.24,0
15605564,Weiss,821,Germany,Female,46,5,0.0,2,0,1,67164.09,0
15605565,Reyes,792,France,Female,44,2,0.0,2,1,0,49142.91,0
15605566,Dubois,740,Spain,Female,31,8,0.0,1,1,0,122663.31,1
15605567,Kessler,558,France,Male,27,4,64703.32,1,1,1,133459.07,0
15605568,Reyes,552,France,Male,32,4,180427.92,2,1,0,95308.28,1
15605569,Falk,545,Germany,Male,23,8,146176.91,2,1,1,63396.68,0
15605570,Mendez,797,France,Male,41,1,161362.65,1,0,1,73228.99,0
15605571,Fontaine,563,France,Female,51,0,94151.82,1,1,1,114972.3,1
15605572,Dubois,613,Spain,Male,53,3,0.0,2,1,0,32347.75,0
15605573,Bergstrom,564,Germany,Female,27,0,85362.43,1,0,0,160190.06,0
15605574,Girard,529,France,Male,47,4,35817.74,2,0,1,189988.55,0
15605575,Okafor,682,France,Male,39,1,95273.88,1,0,0,13705.19,1
15605576,Weiss,665,Germany,Female,18,7,78232.39,2,0,1,131965.16,0
15605577,Hargrove,436,Spain,Male,35,0,108115.01,1,0,0,145605.22,0
15605578,Fairweather,525,Germany,Female,34,2,0.0,1,1,0,150197.06,1
15605579,Schmitt,674,Germany,Male,51,2,0.0,1,1,0,5000.04,0
15605580,Nakamura,643,Spain,Male,30,6,82732.13,2,1,1,81376.69,0
15605581,Whitfield,612,France,Male,44,4,52587.69,2,1,1,67313.65,0
15605582,Nakamura,708,France,Female,37,8,0.0,1,1,0,85990.67,1
15605583,Reyes,511,Spain,Male,24,8,0.0,2,1,1,29000.12,0
15605584,Lindqvist,593,Spain,Female,33,4,118767.8,1,0,1,199214.07,0
15605585,Whitfield,700,Germany,Female,54,0,42396.35,3,0,0,125087.61,1
15605586,Girard,588,Spain,Male,37,10,0.0,2,0,1,41547.75,0
15605587,Osei,680,France,Male,48,3,153737.58,1,1,0,68295.61,1
15605588,Abubakar,540,France,Male,47,5,0.0,2,1,1,180594.58,0
15605589,Hargrove,571,Spain,Female,34,10,0.0,1,1,1,94229.25,0
15605590,Voss,479,France,Male,25,7,0.0,2,1,0,173540.84,0
15605591,Hargrove,453,Germany,Male,27,6,0.0,1,1,0,138855.45,1
15605592,Marchetti,604,Spain,Male,53,3,120599.71,2,1,1,21944.14,0
15605593,Dubois,693,France,Male,40,9,0.0,2,1,1,43107.55,1
15605594,Sorensen,639,Spain,Female,21,2,185959.31,3,1,0,32537.43,1
15605595,Osei,761,Spain,Male,47,5,126959.1,1,0,0,126819.76,1
15605596,Petrov,612,Germany,Male,20,3,0.0,2,0,1,200000.0,1
15605597,Reyes,446,France,Male,30,1,185241.31,1,1,1,109955.0,0
15605598,Kowalski,683,Spain,Female,39,3,85107.47,1,0,1,93825.59,0
15605599,Falk,546,France,Female,64,2,0.0,1,0,1,130874.48,0
15605600,Marchetti,662,Spain,Male,47,0,0.0,1,1,0,95657.1,0
15605601,Schmitt,431,France,Male,34,8,50855.21,2,1,0,80611.47,0
15605602,Osei,624,Germany,Female,39,7,71619.28,1,0,1,111106.48,0
15605603,Osei,717,Germany,Male,48,9,0.0,2,0,0,143665.11,0
15605604,Hargrove,706,Spain,Female,53,0,26105.79,2,1,1,70710.65,0
15605605,Hargrove,626,Spain,Male,36,5,127142.61,1,0,0,42552.79,1
15605606,Voss,645,France,Male,36,7,39889.68,1,1,0,154483.97,0
15605607,Okonkwo,602,Spain,Male,30,5,132526.18,1,1,0,1000.0,0
15605608,Aoki,621,France,Male,45,0,203620.39,2,1,1,23904.08,0
15605609,Marchetti,710,Spain,Female,49,4,0.0,2,1,1,100523.9,0
15605610,Hargrove,578,France,Male,19,1,0.0,1,1,1,151050.45,0
15605611,Kessler,587,Spain,Male,34,0,129830.14,2,1,1,111619.5,0
15605612,Okonkwo,498,France,Male,26,8,80621.1,1,1,1,67041.29,0
15605613,Aoki,712,Spain,Male,40,1,102795.67,1,1,1,146420.13,0
15605614,Dubois,619,Spain,Female,26,3,130235.63,1,1,0,54836.52,0
15605615,Okonkwo,529,France,Female,25,10,0.0,2,1,0,138230.1,0
15605616,Delacroix,729,France,Female,50,10,140638.36,2,1,1,74004.6,0
15605617,Mendez,640,Germany,Male,37,0,110627.0,1,1,0,31441.45,1
15605618,Laurent,574,Spain,Male,38,4,133786.35,1,1,1,140889.88,0
15605619,Okonkwo,730,France,Male,43,3,102601.01,1,1,0,190732.68,1
15605620,Bergstrom,612,France,Female,48,6,95551.27,2,0,1,76977.58,0
15605621,Kessler,494,France,Male,34,7,111185.92,1,1,1,157138.28,0
15605622,Mendez,737,Spain,Male,34,0,0.0,2,0,1,1000.0,0
15605623,Hallgren,564,Spain,Female,35,4,79648.68,2,1,1,21237.16,0
15605624,Duarte,850,France,Male,50,3,122741.06,2,1,1,43145.94,0
15605625,Fairweather,602,Spain,Female,38,10,89049.09,1,1,1,89776.75,0
15605626,Weiss,451,Spain,Male,36,3,75202.25,2,1,0,126599.88,0
15605627,Kowalski,813,Germany,Female,42,0,0.0,1,1,1,28654.25,0
15605628,Hargrove,639,France,Female,57,6,130556.18,1,1,1,45020.42,1
15605629,Renner,669,France,Male,39,9,131017.4,1,1,0,145313.87,1
15605630,Rousseau,681,France,Female,36,9,0.0,1,1,1,49629.6,0
15605631,Castellano,514,France,Male,58,1,99669.91,1,0,1,177668.19,0
15605632,Lindqvist,437,France,Male,52,8,142037.32,2,0,0,56173.87,1
15605633,Petrov,832,France,Female,51,2,0.0,2,0,0,164778.77,0
15605634,Dubois,495,France,Female,33,1,0.0,3,1,0,144767.62,1
15605635,Balogh,802,Spain,Female,32,5,122994.79,2,1,0,102699.51,0
15605636,Kowalski,695,France,Female,20,8,0.0,2,1,0,110596.55,1
15605637,Lindqvist,662,Spain,Male,48,9,0.0,1,0,1,105353.99,0
15605638,Okafor,600,France,Male,39,6,69174.29,2,1,1,163078.2,0
15605639,Castellano,850,Spain,Male,20,4,0.0,1,0,0,1000.0,0
15605640,Lindqvist,578,France,Male,51,6,0.0,2,1,0,78562.61,1
15605641,Kessler,581,Germany,Male,35,3,88811.77,1,1,1,108956.9,0
15605642,Nakamura,709,Germany,Male,36,1,178804.03,2,1,0,167455.54,0
15605643,Hargrove,580,France,Male,23,4,0.0,2,1,1,65196.08,0
15605644,Novak,548,Spain,Female,44,1,0.0,2,1,0,1000.0,1
15605645,Marceau,639,France,Male,44,1,0.0,1,1,1,1000.0,1
15605646,Okonkwo,711,Spain,Male,38,8,157690.96,2,1,1,102230.92,0
15605647,Mendez,825,France,Female,34,9,0.0,1,1,1,22544.56,0
15605648,Lindqvist,845,France,Female,65,8,0.0,1,1,1,84636.14,1
15605649,Adeyemi,473,France,Male,26,10,84943.16,1,0,1,24663.35,0
15605650,Adeyemi,745,Germany,Female,31,5,112580.53,1,0,1,77424.73,0
15605651,Nakamura,550,France,Female,46,7,74458.32,2,0,0,200000.0,0
15605652,Delacroix,555,Spain,Female,28,2,243964.19,1,0,0,171138.71,0
15605653,Renner,593,France,Male,27,4,101906.65,2,1,0,97162.13,0
15605654,Kowalski,587,France,Male,50,1,0.0,2,0,0,82213.39,0
15605655,Nakamura,542,France,Female,45,6,0.0,2,0,1,46794.67,0
15605656,Rousseau,422,Germany,Male,43,4,0.0,2,1,1,130209.36,0
15605657,Osei,784,Germany,Female,40,6,0.0,1,1,1,77478.41,0
15605658,Lindqvist,731,France,Female,31,9,158158.2,1,1,1,175531.23,0
15605659,Schmitt,643,Spain,Female,36,0,125815.81,1,1,1,104709.39,0
15605660,Laurent,552,France,Female,38,4,0.0,1,0,1,107099.03,0
15605661,Nakamura,764,France,Female,47,4,0.0,1,1,0,1873.08,0
15605662,Marchetti,639,Spain,Female,43,8,75876.73,2,1,1,65104.06,0
15605663,Falk,590,France,Female,29,7,137905.25,2,1,1,200000.0,0
15605664,Sorensen,487,France,Male,47,7,112462.69,2,1,0,9404.03,0
15605665,Nakamura,697,Spain,Female,21,9,62670.38,2,1,0,83468.09,0
15605666,Rousseau,613,France,Female,35,3,130961.8,2,1,1,84742.86,0
15605667,Okafor,670,Germany,Female,27,3,0.0,2,1,1,112446.46,0
15605668,Balogh,661,Spain,Male,30,3,100211.53,1,1,1,119970.91,0
15605669,Kowalski,706,Germany,Male,58,9,114054.34,3,1,0,66203.62,1
15605670,Aoki,666,Spain,Female,23,5,10633.19,1,0,0,147255.79,1
15605671,Mendez,616,Germany,Male,30,8,0.0,1,1,1,61437.64,0
15605672,Dubois,698,France,Female,44,2,158190.59,2,1,0,130284.7,0
15605673,Winters,736,Spain,Male,34,10,102386.04,2,1,1,7862.81,0
15605674,Osei,794,Spain,Male,40,5,16911.25,1,0,0,52679.66,1
15605675,Girard,538,Germany,Male,53,10,0.0,2,1,0,9632.23,0
15605676,Voss,752,France,Female,45,4,0.0,2,1,1,112237.13,0
15605677,Sorensen,493,Spain,Male,34,0,97108.65,1,1,0,114611.0,0
15605678,Novak,743,Germany,Female,37,2,0.0,2,1,0,73483.28,1
15605679,Renner,588,France,Female,44,4,89684.82,1,1,0,111957.06,1
15605680,Duarte,726,Germany,Female,45,1,143030.75,3,1,0,28423.73,1
15605681,Okafor,788,France,Male,39,8,0.0,1,1,1,167662.09,0
15605682,Rousseau,667,France,Male,42,3,139313.32,2,1,1,148114.32,0
15605683,Reyes,645,Spain,Female,42,9,0.0,2,1,1,42556.95,0
15605684,Dubois,641,France,Male,38,10,174656.94,1,0,1,27784.43,1
15605685,Balogh,605,France,Male,32,0,0.0,2,1,1,68378.23,0
15605686,Osei,758,France,Female,46,3,56462.43,1,1,0,109853.22,0
15605687,Marchetti,640,France,Male,41,6,142941.82,1,1,1,103493.09,0
15605688,Iyer,441,Germany,Male,18,9,136638.0,2,1,0,35732.53,1
15605689,Balogh,735,Germany,Female,30,9,0.0,1,0,0,72271.39,1
15605690,Weiss,730,Spain,Male,34,2,0.0,3,1,1,115734.77,1
15605691,Okonkwo,654,France,Male,36,2,0.0,2,1,1,73551.83,0
15605692,Marchetti,574,Spain,Male,51,2,0.0,2,0,0,102680.27,1
15605693,Marchetti,539,Germany,Female,71,3,177984.3,2,0,0,153839.85,1
15605694,Laurent,575,Spain,Female,18,6,133775.46,3,0,1,60998.69,0
15605695,Fontaine,669,France,Female,42,4,89217.21,2,0,1,148598.23,0
15605696,Osei,473,France,Female,39,7,0.0,1,1,0,94753.92,1
15605697,Schmitt,691,Germany,Male,37,4,49787.78,1,0,1,90119.91,1
15605698,Aoki,657,Germany,Female,44,6,64127.68,1,1,1,19684.77,0
15605699,Marceau,774,France,Male,40,6,83938.82,2,0,1,142524.87,0
15605700,Abubakar,717,Germany,Female,35,2,127274.77,4,0,0,200000.0,1
15605701,Renner,581,France,Female,39,0,43708.78,1,1,1,38660.53,0
15605702,Girard,488,France,Male,44,2,85609.11,1,1,0,44890.21,0
15605703,Girard,571,Germany,Female,43,8,0.0,1,1,0,188059.95,0
15605704,Mendez,783,Spain,Female,40,8,90931.66,2,1,0,136223.32,1
15605705,Kowalski,678,France,Male,33,1,231232.84,1,1,1,60320.23,0
15605706,Iyer,707,Germany,Female,67,4,171462.9,4,1,1,196332.12,0
15605707,Hargrove,590,Germany,Female,42,8,140677.37,1,0,0,73544.22,1
15605708,Falk,697,France,Male,46,8,0.0,2,1,0,101571.42,0
15605709,Abubakar,504,Spain,Male,33,0,58153.66,2,1,0,119395.78,0
15605710,Abubakar,740,Germany,Female,40,8,107666.08,1,1,1,143730.67,0
15605711,Balogh,539,Spain,Male,40,8,34327.1,2,1,1,125361.06,0
15605712,Schmitt,460,Germany,Male,19,1,0.0,2,0,0,200000.0,0
15605713,Lindqvist,850,Spain,Female,31,3,102089.06,2,1,1,178940.64,0
15605714,Fairweather,663,France,Female,31,0,110623.2,3,1,1,190295.72,1
15605715,Mendez,660,France,Male,32,7,28789.82,2,1,1,61948.39,0
15605716,Okonkwo,470,Germany,Male,28,9,114490.6,2,0,0,118612.06,0
15605717,Renner,710,Germany,Female,39,1,0.0,4,1,1,196857.65,0
15605718,Fontaine,735,France,Male,53,3,64167.27,2,1,1,77176.86,0
15605719,Schmitt,631,France,Female,40,5,0.0,2,1,1,77631.34,0
15605720,Weiss,735,Germany,Female,26,0,0.0,1,0,0,153032.37,1
15605721,Schmitt,762,France,Male,28,3,126734.48,1,1,0,126923.81,1
15605722,Renner,700,France,Female,35,2,142915.71,2,1,1,98917.57,0
15605723,Aoki,442,Germany,Female,24,0,57758.45,1,1,0,115704.67,1
15605724,Petrov,539,Germany,Female,42,7,0.0,2,0,1,1000.0,1
15605725,Renner,812,Germany,Male,52,7,116407.55,2,0,1,80745.49,0
15605726,Lindqvist,658,Spain,Male,33,0,174183.46,2,1,1,51159.42,0
15605727,Laurent,658,France,Female,39,1,154049.68,1,1,0,192228.61,1
15605728,Fontaine,570,Germany,Female,34,0,94583.46,1,0,0,89757.4,1
15605729,Whitfield,589,France,Female,32,10,90713.76,3,1,0,104861.53,1
15605730,Reyes,764,France,Male,40,6,0.0,2,1,0,163337.5,1
15605731,Marceau,794,Germany,Male,32,5,55818.35,2,1,0,189248.99,1
15605732,Castellano,727,Spain,Male,30,0,0.0,3,0,1,115340.92,0
15605733,Novak,703,Germany,Female,22,0,88605.46,1,1,0,51038.11,0
15605734,Schmitt,710,France,Female,39,10,3000.0,1,1,0,68449.81,1
15605735,Fairweather,643,Germany,Female,49,10,62516.94,1,1,1,116910.26,0
15605736,Iyer,534,Spain,Male,46,5,95387.18,2,1,0,118577.17,1
15605737,Fairweather,514,Spain,Female,54,1,249799.58,2,1,1,53467.31,0
15605738,Petrov,776,Germany,Male,32,0,79793.49,1,1,0,1000.0,1
15605739,Okafor,647,France,Male,47,9,145011.2,2,1,1,6760.11,0
15605740,Novak,696,Spain,Female,27,5,0.0,2,1,1,31800.83,0
15605741,Petrov,670,Spain,Male,46,3,133998.04,1,1,0,87387.86,1
15605742,Thibault,675,Germany,Female,55,0,0.0,1,1,1,81715.18,1
15605743,Adeyemi,683,Germany,Female,44,6,34718.6,2,0,1,4366.0,0
15605744,Marceau,717,Spain,Male,55,9,180867.53,1,0,0,85956.06,1
15605745,Duarte,576,France,Male,32,9,45496.35,2,1,0,195827.12,0
15605746,Marceau,764,France,Male,37,8,0.0,2,1,1,120477.99,0
15605747,Okonkwo,579,Germany,Female,29,0,0.0,2,1,1,200000.0,0
15605748,Whitfield,673,Germany,Male,39,8,0.0,2,1,1,100279.44,0
15605749,Sorensen,536,Germany,Male,41,7,0.0,2,1,0,98515.62,0
15605750,Mendez,634,France,Male,39,9,192108.75,2,1,0,116260.51,0
15605751,Abubakar,587,France,Female,34,1,0.0,1,1,0,200000.0,0
15605752,Okonkwo,652,Germany,Male,33,9,92895.24,1,1,0,190434.7,0
15605753,Voss,721,Germany,Male,42,7,160762.25,2,1,1,143598.11,0
15605754,Girard,657,France,Male,37,8,135687.51,2,1,0,124582.31,0
15605755,Laurent,838,Spain,Male,27,1,215873.91,1,1,1,50671.14,0
15605756,Girard,726,France,Male,19,9,170265.3,2,0,1,22856.02,0
15605757,Falk,628,France,Male,32,0,77186.45,2,1,1,74301.25,0
15605758,Mendez,642,France,Female,24,2,177128.4,2,1,1,188045.56,0
15605759,Reyes,686,France,Male,30,1,15889.75,2,0,1,200000.0,0
15605760,Weiss,718,France,Male,34,2,0.0,2,1,0,7475.45,1
15605761,Reyes,532,Germany,Female,37,6,79266.5,1,1,1,177598.57,0
15605762,Girard,711,Spain,Male,32,10,141780.83,1,1,0,200000.0,1
15605763,Iyer,534,Germany,Male,61,10,0.0,1,1,0,171793.33,1
15605764,Whitfield,702,France,Male,26,1,0.0,3,0,1,73941.29,0
15605765,Whitfield,756,France,Male,51,10,158145.76,1,0,1,147220.63,0
15605766,Sorensen,679,France,Male,37,1,154006.57,2,0,0,11343.26,1
15605767,Lindqvist,427,Spain,Female,32,8,145012.43,1,0,1,19387.29,0
15605768,Marchetti,479,France,Male,44,2,0.0,2,1,0,200000.0,0
15605769,Kowalski,704,Spain,Female,34,9,107524.84,1,0,1,73897.52,0
15605770,Hallgren,414,Germany,Female,30,3,0.0,1,1,0,34568.03,0
15605771,Okafor,709,Germany,Male,57,9,133499.96,2,1,0,79651.61,0
15605772,Renner,745,France,Female,18,5,0.0,1,1,1,200000.0,0
15605773,Okafor,759,Spain,Male,36,5,0.0,1,1,1,167083.61,0
15605774,Okonkwo,627,France,Male,40,4,143504.88,3,0,1,61944.88,0
15605775,Falk,692,France,Female,53,2,75362.61,1,1,0,96418.7,1
15605776,Reyes,670,Spain,Male,34,5,92186.58,4,1,1,128926.53,1
15605777,Iyer,509,Spain,Female,66,7,66674.14,2,1,0,139346.5,0
15605778,Abubakar,722,Spain,Female,46,1,0.0,1,0,0,129818.3,0
15605779,Duarte,783,France,Male,18,1,0.0,1,1,0,46157.91,1
15605780,Voss,716,Germany,Male,24,4,75367.96,1,1,1,87498.2,0
15605781,Fairweather,602,Germany,Female,41,9,0.0,2,1,0,37146.36,1
15605782,Marceau,721,France,Male,27,3,119904.66,1,1,1,155749.7,0
15605783,Kessler,775,Germany,Male,44,4,59089.01,1,0,0,95398.31,1
15605784,Aoki,762,France,Male,34,10,109785.48,2,1,1,120216.55,0
15605785,Kessler,749,Spain,Male,26,2,0.0,2,1,1,62633.98,0
15605786,Renner,497,Germany,Female,29,4,119806.3,2,0,0,137733.43,0
15605787,Laurent,688,Germany,Male,47,9,85485.88,1,1,1,139701.61,0
15605788,Kessler,712,Germany,Male,18,5,142254.27,2,1,0,19001.23,1
15605789,Reyes,750,France,Female,49,1,160080.32,2,1,1,146604.05,0
15605790,Falk,699,Germany,Female,49,2,144366.17,2,1,0,34475.8,1
15605791,Rousseau,799,Spain,Female,35,10,122491.18,2,1,0,61808.29,0
15605792,Voss,475,France,Female,24,8,40678.9,2,0,1,153879.78,0
15605793,Odom,704,France,Male,44,10,195779.09,2,0,1,63652.84,0
15605794,Thibault,696,Germany,Male,34,5,0.0,1,0,1,107910.76,0
15605795,Renner,737,Spain,Female,23,6,127591.5,2,1,1,95824.33,0
15605796,Balogh,798,Spain,Male,58,1,76749.01,3,1,1,18439.02,1
15605797,Balogh,565,Germany,Female,29,7,0.0,3,0,1,182467.13,1
15605798,Castellano,795,Spain,Male,23,6,0.0,1,0,0,183216.24,0
15605799,Schmitt,728,France,Female,41,0,151133.6,1,1,0,127892.27,1
15605800,Odom,632,France,Female,38,9,96435.99,1,1,0,84022.32,0
15605801,Thibault,563,Spain,Female,54,4,188383.51,2,0,0,106812.76,0
15605802,Laurent,669,Germany,Male,35,10,0.0,2,0,1,178277.4,0
15605803,Falk,677,Spain,Female,35,9,0.0,2,1,0,71522.99,0
15605804,Delacroix,683,Spain,Female,42,4,0.0,1,1,0,76783.71,0
15605805,Dubois,590,Spain,Female,41,0,151747.39,2,0,1,88663.16,0
15605806,Fontaine,708,Spain,Female,41,1,77196.78,1,1,1,1000.0,0
15605807,Winters,611,Germany,Male,41,3,0.0,2,1,1,141686.41,0
15605808,Hallgren,767,France,Male,40,3,166718.65,2,0,0,112762.18,0
15605809,Aoki,814,Germany,Male,34,3,0.0,2,1,0,149399.45,0
15605810,Sorensen,572,Spain,Female,47,10,52693.99,1,1,1,74627.0,0
15605811,Hargrove,656,France,Female,35,7,193209.66,2,1,1,18482.89,0
15605812,Osei,743,Spain,Male,47,2,97450.25,4,1,1,109650.71,0
15605813,Adeyemi,676,Spain,Female,53,7,108852.81,2,0,0,34918.64,0
15605814,Marceau,520,Spain,Male,32,0,76358.75,1,1,0,134695.01,0
15605815,Sorensen,733,Germany,Female,63,0,56217.77,1,1,1,139597.92,1
15605816,Weiss,592,France,Male,31,7,123517.99,1,1,0,200000.0,1
15605817,Castellano,669,France,Male,31,2,39930.53,4,0,0,182703.85,0
15605818,Girard,555,France,Male,44,4,0.0,1,1,1,117643.39,0
15605819,Delacroix,726,France,Female,43,9,191269.93,2,1,1,87275.21,0
15605820,Girard,610,Spain,Female,39,4,149563.01,2,1,1,152731.0,0
15605821,Kessler,736,Germany,Male,47,2,122149.08,1,1,0,119436.4,0
15605822,Petrov,629,Spain,Male,41,10,57084.76,1,1,0,74944.18,1
15605823,Marceau,604,France,Female,60,3,108964.76,1,0,1,1000.0,0
15605824,Renner,690,France,Male,38,7,0.0,1,1,0,200000.0,0
15605825,Delacroix,547,France,Female,30,1,184111.03,2,1,1,163406.09,0
15605826,Girard,823,Spain,Male,33,1,88303.02,1,1,0,139019.51,0
15605827,Weiss,668,France,Female,43,8,0.0,2,0,0,105422.82,1
15605828,Nakamura,596,Spain,Female,43,9,0.0,2,1,0,200000.0,0
15605829,Whitfield,612,Germany,Male,41,0,0.0,1,1,1,153072.99,0
15605830,Hargrove,652,Spain,Female,30,10,123782.68,1,1,1,21881.47,0
15605831,Dubois,746,France,Male,50,3,203063.63,3,1,1,87223.79,0
15605832,Fairweather,564,France,Female,58,10,112358.43,2,0,1,145401.58,0
15605833,Schmitt,615,Spain,Female,39,5,65861.08,1,0,0,171340.28,0
15605834,Petrov,645,Spain,Male,57,8,104098.86,1,1,0,85058.57,1
15605835,Falk,798,France,Female,47,0,0.0,1,0,0,189756.62,0
15605836,Weiss,746,Germany,Male,61,1,255674.55,1,1,1,25420.52,0
15605837,Odom,803,Spain,Female,43,10,202044.43,2,1,1,87024.81,0
15605838,Falk,653,France,Female,40,1,174350.92,1,1,0,89428.4,1
15605839,Weiss,788,France,Female,47,9,0.0,1,0,0,156496.82,1
15605840,Abubakar,772,France,Male,34,1,103725.65,1,1,0,176824.07,0
15605841,Winters,717,France,Female,43,7,104829.26,2,0,1,175431.59,1
15605842,Falk,725,France,Male,52,4,100980.8,1,1,1,21885.77,0
15605843,Fontaine,593,Spain,Male,47,4,230842.95,1,1,0,110072.92,0
15605844,Fontaine,826,France,Female,38,7,0.0,1,1,0,13705.96,0
15605845,Castellano,626,Germany,Male,41,1,83795.61,2,0,1,104020.28,0
15605846,Kessler,704,Germany,Male,46,3,106772.82,2,1,1,197641.17,0
15605847,Thibault,715,France,Male,46,6,137848.76,2,1,0,200000.0,0
15605848,Voss,518,France,Female,46,3,0.0,2,1,0,129452.47,0
15605849,Nakamura,645,Germany,Female,42,2,131666.16,4,1,0,118573.66,1
15605850,Fontaine,670,Germany,Male,30,0,3000.0,2,1,0,91919.51,0
15605851,Balogh,639,Germany,Male,32,7,0.0,2,1,0,100619.29,0
15605852,Marceau,646,France,Female,43,0,25793.29,2,0,1,185500.52,0
15605853,Whitfield,793,France,Male,47,1,71840.99,1,0,0,52027.7,1
15605854,Reyes,571,France,Female,46,2,16147.55,1,1,0,86282.97,1
15605855,Osei,528,Germany,Female,32,7,202040.91,2,1,1,102630.35,0
15605856,Marceau,594,Spain,Female,37,1,111385.86,2,0,0,60754.2,0
15605857,Novak,721,Spain,Male,27,3,0.0,2,1,1,130426.34,0
15605858,Balogh,731,Spain,Female,24,0,211395.38,2,0,0,190415.16,0
15605859,Kowalski,708,France,Female,39,5,174463.86,1,1,1,137454.47,0
15605860,Adeyemi,738,Spain,Male,52,1,0.0,1,1,1,60710.95,0
15605861,Whitfield,675,France,Female,40,1,0.0,1,1,1,57771.94,0
15605862,Laurent,600,Spain,Male,58,3,0.0,2,1,1,27625.45,0
15605863,Petrov,559,Spain,Female,37,2,131441.46,1,0,1,94210.03,1
15605864,Laurent,529,Spain,Female,39,0,93507.86,1,1,0,52577.35,1
15605865,Fairweather,628,France,Male,28,4,129576.82,4,1,1,114339.52,0
15605866,Renner,726,Germany,Male,35,5,134385.02,2,1,0,60007.88,1
15605867,Fairweather,673,Spain,Male,26,5,38138.46,1,1,0,19359.4,1
15605868,Castellano,652,France,Male,23,4,83657.17,1,0,1,1000.0,0
15605869,Kessler,549,France,Female,27,10,144656.99,1,1,1,136153.24,0
15605870,Girard,850,Spain,Male,39,3,155719.47,1,1,1,20107.61,0
15605871,Thibault,571,France,Female,31,3,124169.26,1,1,0,128547.36,1
15605872,Falk,662,France,Male,33,5,91605.95,1,1,0,62574.27,1
15605873,Hargrove,746,France,Female,43,0,102401.65,2,0,1,115043.8,0
15605874,Novak,654,France,Female,23,10,0.0,1,1,0,97223.26,0
15605875,Abubakar,573,France,Female,39,5,106796.87,2,1,1,108503.09,0
15605876,Rousseau,728,Spain,Female,47,7,154503.7,3,1,0,154880.17,0
15605877,Marceau,521,France,Female,48,3,233409.46,1,1,0,59258.23,1
15605878,Laurent,817,Spain,Female,44,7,51787.74,1,1,0,185526.76,1
15605879,Fairweather,677,France,Female,38,9,175338.09,2,1,1,143894.27,0
15605880,Hargrove,626,France,Male,32,6,0.0,3,1,1,80568.85,0
15605881,Schmitt,514,France,Male,38,2,31938.18,2,1,1,86595.14,0
15605882,Hargrove,539,Germany,Male,55,7,107115.26,1,1,1,106524.11,1
15605883,Castellano,645,Germany,Female,41,9,0.0,2,1,0,75355.15,0
15605884,Iyer,832,France,Female,37,7,111919.1,2,1,0,1000.0,0
15605885,Thibault,672,France,Female,44,7,0.0,1,0,1,43509.85,0
15605886,Sorensen,683,France,Female,39,5,0.0,1,1,1,43321.13,0
15605887,Marchetti,687,France,Male,41,2,176753.75,2,0,0,88532.25,0
15605888,Petrov,850,Germany,Female,36,7,122640.42,2,1,1,29835.62,0
15605889,Dubois,608,France,Male,34,4,128195.36,1,1,0,147579.63,1
15605890,Girard,800,Germany,Male,49,2,215947.75,3,1,1,107271.2,0
15605891,Adeyemi,612,Spain,Female,19,5,0.0,1,0,1,75978.19,0
15605892,Fontaine,582,Spain,Male,43,0,0.0,1,0,1,52760.89,0
15605893,Reyes,642,Germany,Female,34,5,0.0,1,0,1,100998.9,0
15605894,Sorensen,642,France,Female,19,6,35726.28,1,0,1,153847.45,0
15605895,Winters,704,Germany,Female,29,4,143558.46,2,0,0,1000.0,0
15605896,Renner,427,France,Male,38,7,29118.4,1,1,0,13523.96,1
15605897,Sorensen,664,Germany,Male,40,6,92359.12,1,0,1,40527.51,1
15605898,Whitfield,593,Spain,Male,46,4,0.0,1,1,0,24346.83,1
15605899,Sorensen,581,France,Male,47,7,66305.65,1,1,1,16483.29,0
15605900,Adeyemi,526,Germany,Male,23,1,201839.03,1,0,1,100309.75,0
15605901,Fairweather,615,France,Male,42,5,3000.0,1,1,1,97601.08,0
15605902,Dubois,600,France,Female,46,1,164213.39,2,1,1,78034.83,0
15605903,Balogh,609,Germany,Female,41,6,42793.81,2,1,1,111324.5,0
15605904,Schmitt,493,France,Female,44,0,102283.87,1,0,1,95227.9,1
15605905,Rousseau,659,Germany,Male,19,9,122787.22,1,0,1,56147.35,0
15605906,Marceau,574,Spain,Female,28,0,97884.97,1,0,1,74936.22,0
15605907,Reyes,493,Spain,Male,52,5,99137.02,1,1,0,112202.28,0
15605908,Marchetti,597,France,Male,36,7,0.0,1,1,0,29913.11,0
15605909,Dubois,576,France,Male,61,4,182748.92,2,0,1,116852.19,0
15605910,Marceau,654,Germany,Female,25,2,0.0,1,1,1,1000.0,0
15605911,Marchetti,596,France,Female,54,2,0.0,1,0,1,97992.15,0
15605912,Rousseau,511,Spain,Male,32,9,0.0,1,1,0,118161.3,0
15605913,Lindqvist,565,France,Female,47,1,77158.57,2,1,0,44322.43,1
15605914,Renner,484,France,Female,35,7,0.0,2,1,1,161112.47,0
15605915,Sorensen,759,Spain,Male,40,3,85321.58,2,1,1,165748.67,0
15605916,Marchetti,775,Germany,Female,45,0,0.0,1,1,0,111997.76,1
15605917,Kessler,786,Germany,Male,32,4,117724.65,2,1,1,193080.26,0
15605918,Renner,593,Germany,Male,47,1,160689.99,2,1,1,53901.42,0
15605919,Fairweather,775,France,Female,36,8,0.0,2,1,1,150586.21,0
15605920,Lindqvist,689,France,Male,40,8,28410.6,1,1,0,181170.33,0
15605921,Castellano,571,France,Female,18,2,71518.6,1,1,0,34327.24,0
15605922,Renner,590,Spain,Male,35,8,0.0,3,1,1,104415.23,1
15605923,Falk,633,France,Female,51,7,129403.04,2,0,1,14983.7,0
15605924,Whitfield,660,Spain,Female,46,7,0.0,2,1,0,148017.23,0
15605925,Petrov,685,France,Female,48,0,0.0,1,0,0,195827.53,1
15605926,Schmitt,650,Germany,Female,39,1,98718.43,1,0,0,68549.55,1
15605927,Fontaine,617,Germany,Female,56,1,0.0,1,1,1,98044.99,0
15605928,Mendez,780,Germany,Male,41,8,128873.87,2,1,1,70586.95,1
15605929,Sorensen,639,France,Male,32,3,0.0,1,1,0,200000.0,1
15605930,Mendez,634,Germany,Female,47,5,157883.0,1,1,0,47756.1,1
15605931,Voss,629,France,Male,48,5,170840.26,2,0,1,47544.71,0
15605932,Schmitt,639,France,Male,45,10,0.0,2,1,0,132067.6,1
15605933,Schmitt,519,France,Female,34,1,66947.12,2,1,1,94900.96,0
15605934,Novak,554,France,Male,41,8,232049.74,1,1,0,200000.0,1
15605935,Falk,850,Spain,Male,53,1,143304.02,2,1,0,200000.0,1
15605936,Winters,492,France,Female,43,10,195466.7,1,1,1,135443.25,0
15605937,Rousseau,676,France,Female,23,6,156618.39,3,1,1,153561.76,0
15605938,Bergstrom,683,Spain,Female,32,2,0.0,2,1,1,142043.02,0
15605939,Schmitt,747,Germany,Male,32,4,5165.52,2,1,1,160106.5,0
15605940,Castellano,685,Spain,Male,31,8,50941.84,1,1,1,130117.23,0
15605941,Winters,832,Spain,Female,18,4,144516.14,2,1,0,41983.62,0
15605942,Laurent,673,France,Male,58,0,0.0,1,1,1,52684.98,0
15605943,Castellano,779,Germany,Female,30,3,104587.02,1,0,0,155826.3,0
15605944,Castellano,750,France,Male,30,10,0.0,2,1,0,71162.2,0
15605945,Falk,798,France,Male,19,4,118782.05,1,1,1,177165.99,1
15605946,Rousseau,652,France,Male,47,5,131938.89,1,1,1,141769.64,0
15605947,Weiss,688,Spain,Male,38,2,0.0,1,1,0,31767.29,0
15605948,Iyer,615,France,Male,35,0,0.0,2,0,0,34007.83,0
15605949,Fairweather,665,Spain,Female,35,2,0.0,2,1,1,24904.97,0
15605950,Rousseau,671,France,Female,44,9,0.0,3,1,0,145133.49,1
15605951,Hargrove,451,France,Male,34,5,63958.35,2,1,0,166925.22,1
15605952,Mendez,636,France,Female,18,4,123339.46,2,0,0,77606.29,0
15605953,Nakamura,735,France,Male,25,5,140300.84,1,1,1,99735.21,0
15605954,Marchetti,520,France,Male,25,8,0.0,1,1,0,118404.03,1
15605955,Fontaine,555,Spain,Female,41,9,100897.48,1,1,1,150343.67,0
15605956,Marchetti,761,Spain,Female,48,3,0.0,2,1,0,79925.67,0
15605957,Marceau,779,France,Female,53,9,0.0,1,1,0,124938.77,1
15605958,Dubois,590,Spain,Male,22,8,31576.24,1,1,1,95792.75,0
15605959,Odom,667,France,Male,45,0,105340.97,2,1,0,10318.83,0
15605960,Dubois,643,France,Female,32,9,0.0,2,0,0,178665.35,0
15605961,Bergstrom,763,France,Female,68,2,0.0,2,1,0,118176.54,1
15605962,Weiss,599,France,Female,53,8,53185.19,2,1,1,89028.07,0
15605963,Odom,614,France,Female,56,9,0.0,1,1,0,56455.76,1
15605964,Delacroix,779,Spain,Male,47,6,0.0,2,1,1,59282.54,0
15605965,Castellano,554,France,Female,42,3,110897.07,2,1,0,16849.1,0
15605966,Rousseau,602,Germany,Female,34,9,0.0,1,1,0,35392.74,1
15605967,Lindqvist,663,France,Male,32,5,125493.99,1,1,0,46079.35,1
15605968,Adeyemi,796,Spain,Male,30,8,3000.0,1,1,0,68070.02,1
15605969,Novak,535,Germany,Female,45,7,0.0,2,1,1,176021.07,0
15605970,Balogh,582,France,Male,54,3,219137.75,2,1,0,134297.17,0
15605971,Winters,707,France,Female,35,5,144801.47,2,1,1,47137.7,0
15605972,Voss,722,Spain,Female,31,2,0.0,1,1,0,8357.67,1
15605973,Osei,670,Germany,Male,23,0,0.0,2,1,1,47248.01,0
15605974,Voss,639,Germany,Male,41,7,147548.95,2,1,1,183114.7,0
15605975,Abubakar,662,France,Female,51,2,0.0,2,1,1,138171.15,0
15605976,Hargrove,505,Germany,Male,52,5,92533.98,1,1,1,89627.45,0
15605977,Sorensen,660,France,Female,53,1,82198.97,4,0,1,99021.67,1
15605978,Fontaine,792,France,Male,43,7,87112.44,2,1,0,165847.69,1
15605979,Abubakar,523,Spain,Female,39,1,83430.44,2,0,1,98719.52,0
15605980,Petrov,575,Spain,Male,52,2,81749.58,1,0,1,200000.0,1
15605981,Girard,612,Spain,Male,27,1,121369.48,1,0,1,104717.13,0
15605982,Marceau,618,Germany,Female,34,10,90947.53,3,0,0,46428.38,1
15605983,Castellano,827,France,Male,56,6,108895.87,3,1,1,1000.0,0
15605984,Renner,561,Spain,Male,28,7,205617.94,1,1,1,125403.4,1
15605985,Laurent,541,France,Male,38,4,0.0,3,0,1,87944.52,0
15605986,Reyes,724,France,Female,45,9,0.0,2,1,1,46104.33,0
15605987,Balogh,588,France,Female,39,0,55219.79,1,1,0,139774.61,0
15605988,Okafor,726,Germany,Male,50,4,0.0,1,1,1,115529.66,0
15605989,Balogh,631,France,Male,54,0,167949.19,2,0,1,73578.38,0
15605990,Renner,694,France,Male,43,7,0.0,1,1,1,117585.58,0
15605991,Castellano,499,Spain,Female,53,10,0.0,2,1,0,92103.96,1
15605992,Sorensen,694,Germany,Male,29,8,0.0,2,1,0,153143.95,0
15605993,Whitfield,671,Germany,Female,37,1,0.0,1,1,0,105204.27,1
15605994,Duarte,625,Spain,Male,63,8,182857.8,2,0,0,78018.83,1
15605995,Hallgren,532,France,Female,58,2,51908.44,2,0,0,171630.89,1
15605996,Castellano,671,Spain,Female,25,3,165852.45,2,1,1,38553.35,0
15605997,Aoki,720,Germany,Male,38,6,223876.29,1,1,1,19049.26,0
15605998,Okonkwo,599,Germany,Female,40,4,131604.27,2,0,1,65598.09,0
15605999,Duarte,601,Germany,Male,43,2,80155.44,3,1,1,1000.0,1
15606000,Nakamura,726,France,Female,51,5,0.0,1,1,0,11647.33,0
15606001,Reyes,814,France,Male,57,2,103898.89,1,1,1,86273.14,0
15606002,Hallgren,740,Spain,Male,39,7,145803.11,2,1,1,103430.09,0
15606003,Laurent,672,France,Male,50,0,37320.81,4,0,1,84820.12,1
15606004,Petrov,627,France,Male,45,8,96510.9,1,1,0,128957.11,0
15606005,Fontaine,647,France,Female,38,10,118580.74,1,1,0,73108.65,0
15606006,Osei,523,Spain,Female,21,8,0.0,3,1,0,1000.0,0
15606007,Castellano,635,Germany,Male,49,6,0.0,1,0,0,142940.29,1
15606008,Nakamura,758,Germany,Male,45,4,105419.83,1,0,1,95231.26,0
15606009,Hallgren,654,Germany,Female,42,5,56581.79,1,1,0,140086.31,1
15606010,Bergstrom,590,Germany,Male,28,5,119007.2,2,0,1,135967.59,0
15606011,Petrov,581,Spain,Male,58,9,120797.95,1,1,1,162233.48,0
15606012,Hallgren,647,France,Female,40,1,171306.3,1,1,1,49041.53,0
15606013,Odom,531,Spain,Male,27,6,89815.55,2,1,1,31689.94,0
15606014,Novak,563,France,Male,25,6,62549.78,1,1,0,94815.66,0
15606015,Mendez,797,France,Male,45,2,111417.72,1,1,0,91397.42,1
15606016,Bergstrom,551,France,Male,46,4,94994.53,1,0,0,171754.81,1
15606017,Kessler,573,Germany,Female,34,5,93668.2,1,1,0,129397.76,1
15606018,Weiss,678,Spain,Female,43,0,68585.15,3,0,1,108516.41,1
15606019,Sorensen,608,Germany,Female,45,5,0.0,1,1,1,30169.02,0
15606020,Hargrove,659,Germany,Male,40,1,0.0,1,0,1,59429.86,0
15606021,Fontaine,733,Germany,Female,31,4,125200.51,2,0,1,7138.53,1
15606022,Abubakar,501,France,Female,48,3,71823.09,1,0,1,52985.46,1
15606023,Duarte,722,Germany,Female,47,8,0.0,2,0,1,110542.0,0
15606024,Lindqvist,594,Germany,Female,44,10,19869.9,1,0,1,125951.38,0
15606025,Thibault,623,Germany,Female,30,1,91600.27,2,1,1,136912.67,0
15606026,Fairweather,835,France,Female,25,2,122767.64,1,1,1,143995.24,1
15606027,Okafor,515,France,Female,39,1,0.0,2,1,0,132757.38,0
15606028,Fontaine,707,Germany,Female,48,5,0.0,2,0,1,65460.3,0
15606029,Bergstrom,758,France,Male,49,4,168201.85,4,0,1,56100.19,1
15606030,Kowalski,584,France,Female,44,5,0.0,2,1,0,174758.59,1
15606031,Rousseau,586,France,Female,34,0,0.0,2,1,1,77587.95,1
15606032,Marceau,615,France,Male,30,9,0.0,1,1,0,80167.38,0
15606033,Kessler,584,France,Male,38,10,62002.92,1,1,1,93278.5,0
15606034,Hargrove,656,Germany,Male,38,10,119571.65,1,1,1,14261.36,1
15606035,Iyer,736,Germany,Female,50,5,139030.99,2,0,1,89480.49,0
15606036,Lindqvist,615,Germany,Male,34,7,49787.2,2,1,1,10102.45,0
15606037,Marchetti,739,France,Male,34,0,133624.46,1,1,0,136175.19,0
15606038,Aoki,784,France,Male,59,6,0.0,1,1,1,74580.32,0
15606039,Weiss,691,France,Male,54,6,69854.2,1,0,0,66511.39,1
15606040,Osei,700,France,Female,29,8,90834.24,3,0,0,1000.0,0
15606041,Lindqvist,593,France,Male,53,8,87195.57,1,1,0,118452.96,1
15606042,Marchetti,398,Germany,Male,27,0,0.0,2,0,0,200000.0,1
15606043,Voss,706,Germany,Male,34,4,0.0,2,1,1,67127.28,0
15606044,Osei,726,Spain,Female,35,5,227536.33,2,0,0,97224.89,1
15606045,Lindqvist,673,France,Female,38,5,85195.57,2,1,1,190793.71,0
15606046,Delacroix,737,France,Male,45,6,0.0,1,1,0,200000.0,0
15606047,Osei,597,France,Male,40,7,104466.71,1,1,1,30485.47,0
15606048,Dubois,700,France,Female,45,6,48191.07,3,1,0,169637.76,1
15606049,Fairweather,791,Spain,Female,34,2,191521.98,2,1,1,1000.0,1
15606050,Winters,714,France,Female,42,7,0.0,2,1,0,1000.0,1
15606051,Fontaine,779,Spain,Male,39,6,72952.01,2,1,1,1000.0,0
15606052,Marchetti,780,Germany,Female,24,2,0.0,1,1,1,78676.79,0
15606053,Odom,533,France,Female,43,6,0.0,2,1,0,1000.0,0
15606054,Whitfield,719,France,Male,39,5,69556.91,2,1,0,175328.13,0
15606055,Renner,589,France,Female,31,8,0.0,1,1,1,102408.32,0
15606056,Castellano,544,France,Female,34,4,164016.9,1,1,1,135607.01,0
15606057,Kowalski,623,Spain,Female,34,9,120253.83,1,1,0,80075.58,1
15606058,Dubois,818,Germany,Female,36,5,139708.62,2,1,1,65928.88,0
15606059,Winters,598,Germany,Male,56,10,0.0,2,0,0,95175.73,1
15606060,Bergstrom,481,Spain,Male,60,1,0.0,2,0,1,200000.0,1
15606061,Falk,511,France,Male,18,1,99410.61,1,1,1,111475.77,0
15606062,Girard,696,France,Female,43,2,0.0,1,1,0,109305.54,1
15606063,Marchetti,577,France,Male,48,8,0.0,1,1,1,39485.94,1
15606064,Kessler,454,France,Male,36,5,84516.17,2,1,0,42305.21,0
15606065,Okonkwo,515,Germany,Female,48,7,0.0,1,0,1,61032.56,0
15606066,Fontaine,666,France,Male,55,0,94664.24,4,1,1,135381.3,0
15606067,Osei,725,France,Female,25,4,0.0,2,1,1,118725.68,0
15606068,Okafor,607,France,Male,40,3,0.0,1,1,1,1000.0,0
15606069,Thibault,712,France,Male,58,10,65778.11,1,1,0,125746.0,1
15606070,Hallgren,738,Germany,Male,26,1,174828.08,1,1,1,141365.66,0
15606071,Girard,575,France,Male,37,9,0.0,1,1,0,133897.65,0
15606072,Winters,638,France,Male,34,4,0.0,3,1,0,132784.71,1
15606073,Fairweather,592,France,Male,49,8,164767.79,4,0,1,134241.77,0
15606074,Petrov,702,Germany,Female,51,3,82384.73,1,1,0,121106.14,0
15606075,Nakamura,591,Spain,Male,40,0,116891.3,1,1,0,23239.63,1
15606076,Whitfield,534,Spain,Male,39,7,0.0,1,1,1,155645.82,1
15606077,Castellano,655,France,Male,21,1,93698.44,1,1,0,199016.43,0
15606078,Dubois,757,France,Male,53,1,106231.51,1,0,0,172800.79,1
15606079,Whitfield,699,Germany,Male,35,10,92372.75,1,1,1,115766.73,1
15606080,Bergstrom,747,France,Male,37,2,86309.64,1,1,1,95754.68,0
15606081,Balogh,738,France,Female,48,10,0.0,1,1,0,63919.59,1
15606082,Renner,654,Spain,Female,41,3,0.0,1,1,1,1000.0,0
15606083,Hallgren,593,France,Female,49,3,0.0,1,1,1,155596.11,1
15606084,Mendez,567,France,Female,45,4,0.0,2,1,1,14754.12,0
15606085,Hargrove,498,Germany,Male,41,3,0.0,1,1,0,79370.1,1
15606086,Winters,764,France,Male,42,10,79084.2,1,1,0,78129.58,1
15606087,Bergstrom,618,France,Male,27,6,83343.5,2,1,1,172238.58,0
15606088,Abubakar,486,France,Female,37,8,84731.42,2,1,0,138201.89,0
15606089,Adeyemi,768,Spain,Male,50,0,45582.31,3,1,1,64664.0,0
15606090,Laurent,659,France,Male,29,2,0.0,1,1,0,93480.81,0
15606091,Castellano,743,France,Female,31,6,0.0,1,0,1,88039.61,0
15606092,Balogh,625,Spain,Male,30,5,133762.41,1,0,0,135872.3,1
15606093,Weiss,574,Spain,Male,40,10,84616.14,1,1,1,41889.79,0
15606094,Sorensen,693,Germany,Female,53,7,3000.0,1,1,0,116928.48,0
15606095,Kowalski,701,France,Male,44,3,45132.18,1,1,1,88328.19,0
15606096,Odom,623,France,Male,18,4,167774.32,2,1,0,200000.0,1
15606097,Mendez,776,Spain,Male,45,8,0.0,1,1,0,54603.73,0
15606098,Petrov,741,Spain,Male,34,4,0.0,1,1,1,170390.25,0
15606099,Abubakar,704,France,Female,44,5,0.0,1,1,1,75672.99,0
15606100,Nakamura,543,Spain,Female,37,8,152641.57,2,0,1,94807.69,0
15606101,Delacroix,530,France,Male,30,3,116954.2,1,1,1,178007.62,0
15606102,Winters,765,Germany,Male,38,1,39433.35,1,0,1,131622.79,0
15606103,Nakamura,440,Germany,Male,34,4,53452.87,4,1,0,93723.1,0
15606104,Iyer,641,France,Female,42,2,37511.07,1,0,1,79792.43,0
15606105,Fontaine,664,Germany,Male,29,6,0.0,2,1,1,180109.77,0
15606106,Fairweather,603,Germany,Male,27,9,0.0,2,1,1,79590.26,0
15606107,Renner,647,France,Female,46,8,93536.97,1,0,1,79484.41,1
15606108,Iyer,690,France,Female,50,8,107986.91,2,1,0,61022.69,0
15606109,Okonkwo,594,Spain,Female,44,5,123100.02,2,1,0,200000.0,1
15606110,Delacroix,735,France,Female,32,9,0.0,2,1,1,27817.63,1
15606111,Bergstrom,706,France,Male,31,10,33223.83,1,1,0,116578.33,0
15606112,Delacroix,633,France,Female,32,8,0.0,2,1,1,119328.93,0
15606113,Rousseau,571,Germany,Female,48,1,59401.72,1,1,1,31166.31,0
15606114,Marceau,641,France,Male,30,3,0.0,1,1,1,84482.12,0
15606115,Hargrove,850,Germany,Male,48,10,0.0,1,1,1,78646.73,0
15606116,Mendez,577,France,Male,45,0,137271.56,1,0,0,65315.94,1
15606117,Mendez,797,France,Female,51,6,58409.94,1,0,1,106134.57,1
15606118,Kessler,482,Germany,Female,49,7,0.0,3,0,1,118042.04,1
15606119,Thibault,567,France,Female,44,4,0.0,2,1,1,83500.77,0
15606120,Mendez,598,France,Male,24,7,0.0,1,1,0,200000.0,0
15606121,Odom,741,France,Female,45,0,150794.95,1,1,1,62218.9,0
15606122,Mendez,655,Spain,Male,40,2,105291.97,1,1,1,114972.7,0
15606123,Marceau,776,France,Male,35,3,10534.25,1,1,1,107037.92,0
15606124,Delacroix,618,France,Female,52,1,0.0,1,1,1,135084.91,0
15606125,Renner,645,France,Female,37,4,138320.45,2,1,1,112250.46,0
15606126,Laurent,618,France,Female,33,5,79371.97,1,0,1,51938.88,0
15606127,Abubakar,845,France,Male,50,10,0.0,2,1,0,137529.43,0
15606128,Fontaine,542,Spain,Male,34,5,110566.31,3,0,1,101255.72,1
15606129,Reyes,601,France,Male,33,8,0.0,1,1,0,156500.14,1
15606130,Nakamura,556,France,Male,27,0,0.0,2,1,1,145213.56,0
15606131,Osei,705,Spain,Female,30,0,86539.56,1,1,1,134749.27,0
15606132,Bergstrom,540,Spain,Male,31,4,130753.52,2,1,0,153792.34,0
15606133,Winters,825,France,Male,45,3,82499.69,1,1,1,67652.07,0
15606134,Winters,658,France,Male,28,10,76416.6,1,1,1,105491.49,0
15606135,Dubois,690,France,Female,20,5,30113.1,1,0,1,164080.75,0
15606136,Delacroix,694,Germany,Female,42,5,222322.37,3,0,0,113699.72,1
15606137,Weiss,648,France,Male,32,9,89371.5,1,1,1,55914.18,0
15606138,Castellano,662,France,Male,38,9,0.0,1,1,1,40478.0,0
15606139,Laurent,658,France,Female,52,8,142175.64,1,1,0,144583.85,1
15606140,Duarte,700,France,Female,39,4,0.0,1,0,0,68344.36,0
15606141,Okonkwo,571,France,Male,54,2,0.0,2,1,1,97124.93,0
15606142,Balogh,555,France,Male,38,0,144704.71,3,1,1,181126.36,1
15606143,Renner,729,Spain,Female,49,0,166853.25,2,1,1,51749.81,0
15606144,Sorensen,650,Spain,Female,33,8,0.0,2,1,1,168158.63,0
15606145,Petrov,457,Spain,Male,40,1,119328.8,2,0,1,42497.95,0
15606146,Adeyemi,604,Germany,Male,29,4,0.0,1,0,0,168963.92,1
15606147,Thibault,797,France,Male,30,5,0.0,3,1,1,109876.1,0
15606148,Kowalski,635,Germany,Male,36,6,145532.67,4,1,0,1814.09,0
15606149,Okonkwo,599,Spain,Male,25,0,0.0,1,0,1,30023.78,0
15606150,Nakamura,506,Germany,Male,40,5,223543.53,1,1,0,50606.04,1
15606151,Lindqvist,595,Spain,Male,35,2,0.0,2,1,0,107701.02,0
15606152,Sorensen,538,France,Male,41,3,21483.73,3,1,0,164741.38,1
15606153,Thibault,691,France,Male,25,9,0.0,2,1,0,122389.22,0
15606154,Weiss,655,France,Male,46,5,0.0,1,1,0,50509.39,0
15606155,Adeyemi,615,France,Female,56,4,3000.0,1,1,1,183136.65,0
15606156,Fontaine,577,France,Male,54,0,0.0,1,1,1,96469.37,0
15606157,Kowalski,797,France,Female,58,10,0.0,3,0,0,47412.35,1
15606158,Marchetti,582,France,Female,39,6,0.0,2,0,0,93348.57,1
15606159,Fairweather,583,Germany,Female,35,8,0.0,2,1,0,100579.87,0
15606160,Marchetti,627,Spain,Male,43,4,154674.99,1,1,0,50921.46,0
15606161,Castellano,640,Spain,Male,36,2,96078.85,1,1,0,154718.7,0
15606162,Hargrove,696,France,Female,21,3,0.0,2,1,1,79191.7,0
15606163,Adeyemi,739,Spain,Male,47,0,0.0,1,1,1,52318.54,0
15606164,Whitfield,732,Germany,Male,36,9,0.0,1,1,0,135103.67,1
15606165,Marchetti,850,Spain,Male,24,5,3000.0,2,0,1,122777.44,0
15606166,Petrov,487,Spain,Female,33,3,0.0,2,1,0,145272.77,0
15606167,Marceau,672,France,Female,36,7,0.0,2,1,1,143956.77,0
15606168,Iyer,600,France,Male,39,1,220963.38,1,1,0,62018.41,1
15606169,Petrov,843,Spain,Female,39,5,188655.22,1,1,1,93363.94,1
15606170,Marchetti,667,Germany,Female,52,4,82454.85,2,0,0,1000.0,1
15606171,Duarte,455,France,Male,25,9,109792.79,1,1,0,107802.29,0
15606172,Thibault,692,France,Male,37,8,0.0,2,0,0,113810.67,0
15606173,Marchetti,676,France,Male,30,8,0.0,2,0,0,88372.47,0
15606174,Abubakar,723,France,Female,51,2,57224.64,1,0,1,44868.75,0
15606175,Girard,581,Germany,Female,33,5,54709.55,2,1,1,160752.94,0
15606176,Okafor,681,Spain,Female,35,10,0.0,1,0,0,30414.85,1
15606177,Kowalski,624,France,Female,49,0,0.0,1,1,0,186397.37,0
15606178,Abubakar,586,France,Male,52,7,0.0,2,0,1,12621.45,0
15606179,Okonkwo,683,France,Female,54,3,89366.34,1,1,0,84743.13,1
15606180,Girard,665,France,Female,22,8,0.0,3,1,0,1000.0,1
15606181,Fontaine,751,Spain,Female,43,5,42855.87,1,1,1,56492.87,0
15606182,Sorensen,653,Germany,Male,41,7,69281.21,2,1,1,113865.0,0
15606183,Marchetti,708,Spain,Male,38,2,73984.11,1,1,0,118078.4,1
15606184,Reyes,534,France,Male,39,9,152947.59,2,1,0,86130.42,1
15606185,Hargrove,784,Spain,Male,52,9,0.0,1,1,1,71051.13,0
15606186,Lindqvist,575,Spain,Female,49,7,0.0,1,1,1,200000.0,0
15606187,Balogh,737,France,Female,48,4,65302.81,3,0,1,95242.57,0
15606188,Kessler,675,Spain,Female,41,1,114024.7,2,1,0,200000.0,1
15606189,Odom,663,Spain,Male,62,2,73279.26,2,1,0,188159.15,0
15606190,Marceau,723,Germany,Male,34,4,74990.82,4,1,1,61515.77,0
15606191,Nakamura,445,France,Male,22,8,0.0,1,0,0,72052.09,1
15606192,Renner,595,France,Female,36,10,0.0,1,1,1,192991.72,0
15606193,Marchetti,722,France,Female,39,6,106724.34,2,1,0,20008.09,0
15606194,Osei,835,France,Male,52,10,98505.45,1,1,0,180590.61,1
15606195,Odom,648,France,Female,33,2,53288.59,2,0,1,93502.53,0
15606196,Fairweather,416,Germany,Female,44,8,83124.85,1,1,1,1000.0,0
15606197,Hargrove,620,France,Male,23,5,0.0,1,0,1,34859.71,0
15606198,Thibault,644,France,Male,50,1,92915.92,2,1,0,86233.42,0
15606199,Okonkwo,757,Germany,Male,39,7,0.0,1,1,1,70337.85,0
15606200,Nakamura,655,Spain,Male,36,9,75535.78,1,1,1,58637.31,0
15606201,Dubois,527,France,Female,60,4,157592.71,2,0,1,14811.42,0
15606202,Bergstrom,742,Spain,Male,49,2,133869.41,1,1,0,97968.9,1
15606203,Falk,705,France,Female,28,3,92027.2,1,1,1,187778.51,0
15606204,Thibault,583,France,Female,37,6,0.0,2,0,0,186414.13,1
15606205,Marceau,719,Spain,Male,66,7,117020.0,1,1,0,169418.29,1
15606206,Castellano,598,France,Female,59,2,160384.02,1,0,0,89810.93,1
15606207,Odom,621,France,Male,48,7,187852.11,2,0,1,169909.66,0
15606208,Bergstrom,599,France,Female,20,8,0.0,2,0,1,9300.15,0
15606209,Thibault,620,Germany,Male,52,0,0.0,1,1,0,135346.65,1
15606210,Hargrove,737,France,Female,32,4,136088.02,2,1,1,191579.92,0
15606211,Castellano,479,Spain,Male,52,2,129955.41,1,1,1,142689.26,0
15606212,Laurent,756,France,Male,31,8,112521.79,1,1,0,6744.31,0
15606213,Odom,667,Spain,Male,43,7,0.0,1,1,1,48540.66,0
15606214,Okafor,613,France,Female,32,5,46558.06,2,1,1,62555.5,0
15606215,Falk,652,France,Female,35,2,145729.84,1,1,1,37873.91,0
15606216,Falk,563,Spain,Female,45,5,0.0,2,0,0,81053.37,0
15606217,Rousseau,493,Spain,Male,25,10,94001.18,1,1,0,94204.31,0
15606218,Laurent,565,France,Female,63,10,197527.05,2,1,0,86732.72,0
15606219,Schmitt,468,France,Female,28,1,0.0,3,1,1,48055.65,0
15606220,Lindqvist,520,France,Male,27,5,103252.2,1,0,0,163622.39,1
15606221,Renner,494,France,Male,45,8,52856.59,1,1,1,89454.78,0
15606222,Petrov,767,Spain,Male,52,3,26976.5,1,0,1,18002.1,1
15606223,Weiss,527,France,Female,35,10,86401.99,3,0,0,74261.45,1
15606224,Duarte,646,Spain,Male,28,5,130437.61,2,1,1,67744.03,0
15606225,Iyer,757,France,Male,29,3,0.0,3,1,1,1000.0,0
15606226,Thibault,732,France,Female,28,10,0.0,1,1,1,77875.95,0
15606227,Adeyemi,622,France,Female,42,6,0.0,2,0,0,173751.02,0
15606228,Bergstrom,622,France,Male,38,0,0.0,3,1,0,85378.32,0
15606229,Rousseau,667,France,Female,43,1,122432.65,1,1,0,89247.86,1
15606230,Falk,850,Germany,Male,42,10,115898.95,1,1,0,131541.97,1
15606231,Iyer,690,France,Female,47,6,64726.31,1,0,0,65665.59,0
15606232,Hallgren,714,Germany,Male,34,9,178909.15,2,1,1,37180.99,0
15606233,Voss,850,France,Male,31,10,105297.32,2,1,1,140279.78,0
15606234,Weiss,677,France,Female,40,8,167268.07,3,0,1,98780.43,0
15606235,Girard,760,France,Male,38,10,0.0,2,1,1,1391.79,0
15606236,Iyer,696,France,Female,41,10,95430.06,1,1,1,123485.07,0
15606237,Winters,694,Spain,Male,31,4,72936.09,3,1,1,118168.66,0
15606238,Reyes,558,Germany,Male,45,7,0.0,2,1,0,1000.0,0
15606239,Kessler,542,Spain,Female,26,9,0.0,1,1,1,1000.0,1
15606240,Delacroix,601,Spain,Female,34,10,67066.4,2,1,1,61564.63,0
15606241,Hallgren,735,France,Female,50,9,0.0,1,1,0,200000.0,0
15606242,Laurent,730,France,Female,27,8,96440.87,2,0,1,200000.0,0
15606243,Castellano,778,Germany,Male,49,3,141474.71,2,1,0,186997.06,0
15606244,Weiss,649,France,Male,24,4,0.0,1,1,0,56547.14,0
15606245,Odom,702,France,Male,22,9,0.0,2,1,1,52215.07,0
15606246,Odom,702,Germany,Male,23,1,120284.48,2,0,1,25286.12,0
15606247,Castellano,640,Germany,Male,40,1,0.0,1,0,0,28891.95,1
15606248,Mendez,619,Spain,Male,46,8,127373.91,2,0,0,135626.79,1
15606249,Weiss,507,France,Female,52,10,158353.14,1,1,1,199768.74,0
15606250,Rousseau,635,Germany,Male,51,4,126861.39,1,1,1,85493.97,0
15606251,Balogh,640,France,Female,47,9,151411.35,1,1,1,68493.19,0
15606252,Weiss,759,France,Male,30,3,76098.57,1,1,0,46843.52,0
15606253,Novak,768,France,Male,30,5,105928.44,1,1,1,87517.23,0
15606254,Novak,664,Germany,Male,47,10,156003.79,2,0,0,50429.56,0
15606255,Schmitt,848,Germany,Male,53,4,0.0,1,1,1,18958.63,1
15606256,Bergstrom,668,Spain,Female,28,9,0.0,2,1,1,110370.68,0
15606257,Marceau,749,France,Male,52,10,61822.91,2,1,1,53719.3,0
15606258,Fontaine,640,France,Female,19,8,0.0,1,1,0,69777.37,0
15606259,Odom,541,France,Female,42,0,99056.48,1,0,0,100827.33,0
15606260,Delacroix,609,Germany,Male,37,10,243913.78,1,0,1,1000.0,0
15606261,Girard,792,France,Female,36,5,92510.77,2,1,1,11898.16,0
15606262,Sorensen,625,France,Female,39,3,0.0,1,1,0,107535.6,0
15606263,Balogh,605,Spain,Male,30,5,12430.04,1,1,1,33085.65,1
15606264,Thibault,650,France,Female,43,4,53608.7,4,1,1,102773.01,1
15606265,Odom,613,Germany,Male,39,4,127287.92,2,1,1,57790.18,0
15606266,Fontaine,765,France,Female,48,7,0.0,1,1,1,116053.27,0
15606267,Kessler,831,Germany,Male,55,1,0.0,2,1,0,7950.31,1
15606268,Thibault,651,France,Female,40,6,95751.14,1,1,1,52284.36,0
15606269,Thibault,702,France,Female,30,2,102748.69,2,1,1,192225.83,0
15606270,Delacroix,743,France,Female,27,8,26425.17,3,1,1,121193.68,0
15606271,Sorensen,660,France,Female,56,10,0.0,1,1,1,153307.66,0
15606272,Fairweather,566,Spain,Male,55,5,0.0,3,1,0,100498.55,0
15606273,Odom,611,France,Female,48,8,0.0,2,0,1,26891.73,0
15606274,Dubois,690,France,Male,39,3,153757.36,1,1,1,57458.33,0
15606275,Fairweather,688,Spain,Male,47,9,3000.0,2,0,1,62331.55,1
15606276,Okafor,478,France,Male,52,5,75267.96,1,1,1,62525.22,0
15606277,Kowalski,608,Spain,Female,32,5,0.0,1,1,1,175258.55,1
15606278,Voss,579,Spain,Female,39,1,0.0,2,0,1,86906.0,1
15606279,Balogh,735,France,Male,27,7,0.0,1,1,0,19932.78,0
15606280,Reyes,583,Germany,Female,37,8,0.0,3,1,0,60795.35,0
15606281,Abubakar,606,France,Female,54,5,149004.95,1,1,1,123274.62,0
15606282,Laurent,602,France,Male,50,1,0.0,2,1,1,12799.85,0
15606283,Dubois,726,France,Male,40,7,0.0,2,1,1,162550.72,0
15606284,Laurent,743,Germany,Female,18,6,129241.91,2,1,0,183582.42,1
15606285,Bergstrom,697,Spain,Female,32,9,142380.57,1,1,1,51407.06,0
15606286,Kowalski,756,Spain,Male,40,10,122819.77,1,1,1,130220.35,0
15606287,Renner,769,Germany,Male,36,2,0.0,2,1,0,154325.79,1
15606288,Reyes,476,France,Male,39,3,120209.22,1,1,0,41186.45,1
15606289,Duarte,707,Germany,Male,41,10,0.0,2,1,0,75730.02,0
15606290,Nakamura,614,Spain,Male,33,1,0.0,1,1,1,84091.8,0
15606291,Odom,529,Germany,Male,38,10,204567.52,2,0,0,121265.11,1
15606292,Laurent,619,Germany,Male,37,1,109460.43,1,0,1,183741.27,0
15606293,Nakamura,720,Germany,Female,31,4,0.0,2,0,1,84556.52,0
15606294,Odom,790,France,Male,57,1,100253.82,2,1,0,11828.85,0
15606295,Okafor,521,Germany,Male,34,10,116342.27,2,0,0,1000.0,1
15606296,Duarte,709,Germany,Male,18,5,3000.0,1,1,1,55075.53,0
15606297,Hallgren,839,Spain,Female,57,9,0.0,1,1,0,82734.91,1
15606298,Nakamura,826,France,Male,30,0,80085.57,1,1,1,167858.46,1
15606299,Abubakar,350,Germany,Male,48,0,0.0,1,1,0,1000.0,0
15606300,Whitfield,850,France,Male,32,5,0.0,1,1,0,88408.53,0
15606301,Duarte,742,France,Female,44,0,0.0,1,0,0,184008.21,0
15606302,Duarte,428,Spain,Male,38,5,114834.01,4,0,1,121630.95,0
15606303,Kowalski,576,France,Male,49,7,151482.8,2,1,1,27537.47,0
15606304,Reyes,771,Spain,Female,36,5,0.0,1,1,1,108534.88,0
15606305,Abubakar,685,France,Female,32,8,0.0,2,1,0,95409.72,1
15606306,Marceau,595,Spain,Male,41,1,64861.13,1,1,1,169777.28,0
15606307,Kessler,656,Germany,Male,35,2,106548.09,1,1,1,139687.92,0
15606308,Fairweather,702,France,Female,19,1,117233.55,1,1,1,113489.83,0
15606309,Weiss,594,Spain,Female,32,5,127360.34,2,1,1,129525.43,0
15606310,Kessler,638,France,Female,68,4,136463.78,1,1,1,99529.9,0
15606311,Okafor,736,Germany,Female,20,5,115889.75,1,1,0,53010.9,0
15606312,Odom,583,Germany,Female,41,1,0.0,1,1,1,138506.72,1
15606313,Balogh,520,France,Female,36,4,157536.78,2,0,0,58224.08,0
15606314,Hargrove,589,Spain,Male,57,8,0.0,2,1,0,117626.7,1
15606315,Duarte,565,Spain,Female,27,0,159847.0,2,0,0,137097.46,1
15606316,Fontaine,592,Spain,Female,40,8,152672.39,3,1,1,24789.95,0
15606317,Marceau,484,Spain,Female,45,2,0.0,1,1,0,83902.83,1
15606318,Lindqvist,673,France,Male,37,9,122887.54,2,1,0,186236.38,0
15606319,Lindqvist,733,Spain,Male,31,8,0.0,3,1,1,173461.88,0
15606320,Aoki,572,France,Female,38,4,96825.19,2,1,1,121455.36,1
15606321,Dubois,587,France,Female,35,0,0.0,1,1,1,86270.03,0
15606322,Schmitt,632,Germany,Male,35,4,150250.63,1,0,0,80946.93,1
15606323,Nakamura,563,France,Female,48,6,61466.52,2,0,0,58034.5,0
15606324,Falk,744,Spain,Male,43,3,0.0,1,0,0,92453.42,1
15606325,Odom,565,France,Male,44,6,78606.49,1,1,0,170747.22,1
15606326,Laurent,600,Germany,Female,42,9,109120.25,2,0,1,60259.18,0
15606327,Whitfield,577,Spain,Female,48,10,85364.75,2,1,1,23197.38,0
15606328,Aoki,747,France,Male,52,4,0.0,2,0,1,152648.74,0
15606329,Mendez,628,France,Male,36,10,108103.06,2,1,1,75313.42,0
15606330,Hallgren,841,France,Male,47,2,0.0,2,1,1,39630.17,0
15606331,Thibault,684,Germany,Female,25,10,119540.12,1,0,0,98145.68,1
15606332,Fairweather,761,Spain,Female,18,1,77880.75,1,0,0,77045.17,0
15606333,Marchetti,619,France,Female,57,5,0.0,2,1,1,99232.36,0
15606334,Duarte,560,Spain,Female,35,7,0.0,1,1,0,124348.99,0
15606335,Falk,647,France,Male,41,0,0.0,2,1,1,116495.77,0
15606336,Castellano,585,France,Male,26,4,78014.92,2,1,0,121819.69,0
15606337,Renner,458,France,Female,26,3,0.0,3,0,1,103334.45,0
15606338,Balogh,747,France,Male,31,8,102114.6,1,1,0,1000.0,1
15606339,Hallgren,653,Spain,Male,45,5,0.0,2,0,1,100037.23,0
15606340,Renner,583,Germany,Male,33,1,91765.17,1,0,0,20986.62,1
15606341,Abubakar,686,Germany,Female,35,0,208610.94,1,0,1,53720.51,0
15606342,Schmitt,655,Germany,Male,31,0,0.0,1,1,1,54577.68,0
15606343,Sorensen,785,France,Male,50,0,83565.74,2,1,0,127989.58,0
15606344,Laurent,692,France,Female,47,5,59157.76,1,1,1,1000.0,0
15606345,Lindqvist,635,Spain,Male,34,3,0.0,1,0,1,83644.51,0
15606346,Dubois,717,Germany,Male,45,2,41904.87,2,1,1,89590.22,0
15606347,Voss,647,Spain,Female,36,4,72262.32,2,1,1,139590.83,0
15606348,Marchetti,668,France,Female,35,4,72291.59,2,1,0,100715.44,1
15606349,Odom,768,Spain,Male,38,6,110264.89,1,0,1,126385.28,1
15606350,Kowalski,538,Germany,Male,45,5,0.0,2,1,1,101616.0,0
15606351,Duarte,567,Germany,Male,29,10,0.0,1,1,1,193356.48,1
15606352,Duarte,610,Germany,Male,44,4,93767.64,1,1,1,70100.67,0
15606353,Kessler,624,France,Female,64,4,0.0,3,1,1,200000.0,0
15606354,Kessler,761,France,Female,40,4,204831.1,1,1,1,63202.16,0
15606355,Schmitt,514,France,Male,39,0,125245.6,1,0,1,140055.14,0
15606356,Novak,647,France,Female,38,8,140380.59,3,0,0,183016.07,1
15606357,Petrov,597,Germany,Male,43,5,78199.29,2,1,1,84653.93,0
15606358,Hallgren,813,Spain,Male,22,4,97144.76,1,1,1,91266.32,0
15606359,Laurent,735,France,Female,56,3,170642.74,1,0,1,18175.81,0
15606360,Nakamura,673,France,Male,49,5,3000.0,1,1,0,200000.0,0
15606361,Falk,743,Spain,Male,32,9,0.0,1,1,0,83776.72,0
15606362,Adeyemi,523,Spain,Female,39,4,99648.96,2,1,1,177984.65,0
15606363,Lindqvist,845,France,Male,33,4,0.0,2,0,0,55781.76,0
15606364,Balogh,569,Germany,Male,42,1,195245.12,2,1,0,16234.89,1
15606365,Voss,771,France,Male,39,3,88109.52,1,1,0,60479.68,0
15606366,Fontaine,703,France,Male,41,8,3000.0,2,1,1,107649.58,1
15606367,Rousseau,675,France,Male,28,7,57431.72,1,0,0,104259.94,0
15606368,Whitfield,767,Spain,Male,34,8,112646.06,2,0,1,59770.38,0
15606369,Laurent,746,Spain,Male,50,5,0.0,2,1,1,71621.94,0
15606370,Iyer,660,Germany,Male,33,9,92591.5,1,1,0,105985.36,0
15606371,Girard,610,France,Female,18,6,189402.1,1,1,1,52603.38,0
15606372,Okafor,662,Germany,Female,37,1,3000.0,2,1,0,70886.45,0
15606373,Nakamura,640,Spain,Female,63,1,86821.09,2,1,1,35675.51,0
15606374,Rousseau,684,France,Female,47,5,163894.73,2,0,1,143501.27,0
15606375,Fairweather,748,France,Female,33,4,0.0,3,1,0,22540.48,0
15606376,Marceau,695,France,Male,38,1,14288.88,1,1,0,80755.93,0
15606377,Reyes,668,Germany,Male,45,0,69997.94,2,0,1,129251.04,0
15606378,Winters,587,France,Male,21,6,105080.24,1,1,0,133657.39,1
15606379,Osei,681,France,Male,30,8,78794.84,1,1,0,33339.45,1
15606380,Petrov,487,Spain,Female,43,2,170464.43,2,1,0,143942.65,0
15606381,Schmitt,573,Germany,Male,55,2,0.0,1,1,1,126097.94,1
15606382,Okonkwo,708,Spain,Female,34,5,39781.87,1,0,1,137547.13,0
15606383,Fontaine,735,Germany,Male,54,1,0.0,1,1,0,92885.86,1
15606384,Hallgren,648,France,Male,31,9,137683.92,1,1,1,125272.51,0
15606385,Abubakar,669,Germany,Male,18,6,54537.68,3,1,0,134140.05,1
15606386,Hallgren,686,France,Male,46,3,67450.21,2,1,1,200000.0,0
15606387,Odom,715,France,Male,44,6,76415.98,2,1,1,1000.0,0
15606388,Kessler,631,Germany,Female,46,1,180329.29,1,1,1,123518.4,0
15606389,Mendez,556,France,Male,46,3,107586.01,1,1,1,141703.11,0
15606390,Winters,687,France,Female,40,5,0.0,2,1,1,116992.51,0
15606391,Adeyemi,838,Spain,Female,36,10,51829.31,1,0,0,158142.28,0
15606392,Girard,561,France,Male,36,9,147793.46,2,1,1,155111.67,0
15606393,Whitfield,638,France,Female,34,6,91589.41,1,1,1,120586.84,1
15606394,Marchetti,613,Spain,Male,34,3,50630.25,1,1,0,94244.96,1
15606395,Whitfield,850,Germany,Male,20,10,0.0,2,0,0,1000.0,0
15606396,Bergstrom,558,Germany,Male,26,1,0.0,1,1,0,200000.0,1
15606397,Laurent,635,France,Female,37,3,0.0,2,1,1,1000.0,0
15606398,Delacroix,615,Spain,Female,18,4,109101.75,1,1,1,138338.37,0
15606399,Novak,530,Germany,Female,18,6,136479.59,1,0,1,122781.72,0
15606400,Falk,524,France,Female,35,7,0.0,1,1,0,26902.05,1
15606401,Winters,705,France,Male,37,4,0.0,2,0,0,200000.0,1
15606402,Odom,718,France,Female,35,10,0.0,1,0,0,155315.92,0
15606403,Mendez,596,Spain,Female,18,4,184250.88,3,1,0,121026.43,1
15606404,Laurent,785,France,Male,54,6,89080.18,1,1,1,28909.59,0
15606405,Dubois,434,Spain,Male,24,0,57027.31,1,0,0,192321.62,1
15606406,Okafor,529,Germany,Male,30,1,73543.18,2,1,1,196252.84,0
15606407,Nakamura,571,France,Male,26,2,145248.51,1,0,0,113210.33,1
15606408,Schmitt,649,Spain,Female,52,0,0.0,1,1,1,200000.0,0
15606409,Rousseau,607,France,Male,43,9,187834.17,2,1,1,116465.19,0
15606410,Novak,631,France,Male,34,6,143977.83,1,1,0,126533.89,0
15606411,Castellano,697,Germany,Female,33,9,0.0,2,1,1,100317.87,0
15606412,Whitfield,790,France,Female,40,3,0.0,1,0,0,146989.95,1
15606413,Kessler,727,Germany,Female,26,1,80927.67,2,0,1,135646.84,0
15606414,Marchetti,655,Spain,Male,42,3,113646.32,2,1,1,72471.02,0
15606415,Petrov,642,France,Female,33,0,52642.32,1,1,0,36967.81,0
15606416,Bergstrom,756,France,Male,44,3,135620.56,1,1,0,90829.45,0
15606417,Castellano,831,France,Female,43,1,157863.02,1,0,1,143971.33,0
15606418,Nakamura,711,Germany,Male,32,2,0.0,1,1,0,91786.65,0
15606419,Kowalski,603,Spain,Male,18,7,146488.24,3,0,1,47985.65,0
15606420,Schmitt,675,France,Female,36,10,0.0,1,1,0,97296.54,0
15606421,Bergstrom,706,Spain,Female,24,2,0.0,1,1,0,33867.89,1
15606422,Petrov,597,Spain,Female,39,10,194180.39,1,1,0,69470.54,0
15606423,Duarte,733,Germany,Male,36,8,151087.31,1,1,0,1000.0,1
15606424,Marchetti,675,France,Female,33,1,109185.91,1,1,0,108164.79,0
15606425,Whitfield,762,France,Male,25,0,172288.41,1,1,1,146275.48,0
15606426,Schmitt,556,France,Male,51,1,0.0,1,1,0,102914.29,1
15606427,Kessler,483,France,Male,34,7,0.0,2,1,1,123911.54,0
15606428,Fontaine,612,France,Male,63,7,0.0,1,1,1,110044.27,1
15606429,Fontaine,652,France,Male,39,9,0.0,1,0,1,128229.23,0
15606430,Fairweather,477,France,Female,42,5,162257.69,2,1,0,135176.61,0
15606431,Bergstrom,592,France,Male,39,0,60425.82,1,1,0,136386.37,1
15606432,Odom,773,France,Female,42,10,0.0,1,0,1,166856.25,1
15606433,Hallgren,701,Germany,Female,50,9,50985.34,2,1,1,7653.57,0
15606434,Renner,663,Spain,Male,50,7,163094.07,2,1,1,145186.24,0
15606435,Okonkwo,549,France,Female,20,10,131911.71,1,1,0,87431.67,1
15606436,Thibault,770,Spain,Male,47,3,185723.7,2,1,1,72665.42,1
15606437,Nakamura,610,France,Female,44,5,86050.2,2,1,0,1000.0,1
15606438,Okonkwo,659,Germany,Male,39,5,0.0,1,1,1,8811.46,0
15606439,Marchetti,689,Spain,Male,56,3,189849.22,1,1,0,71113.57,1
15606440,Kowalski,666,France,Male,56,10,75227.55,1,0,0,52221.54,0
15606441,Okonkwo,793,Germany,Female,48,6,145793.19,1,1,0,157252.28,1
15606442,Hargrove,705,Germany,Male,33,10,45289.05,1,1,1,142364.12,0
15606443,Rousseau,682,Germany,Female,26,3,121038.85,1,1,0,186432.65,0
15606444,Reyes,642,France,Male,46,5,103843.24,1,1,0,91187.2,0
15606445,Hallgren,691,France,Female,52,10,40802.5,1,1,1,137638.97,0
15606446,Hargrove,630,Spain,Male,18,1,206597.09,1,0,1,9460.52,0
15606447,Reyes,668,France,Male,50,5,67583.14,2,1,0,200000.0,1
15606448,Dubois,617,Spain,Male,36,8,65240.05,2,1,0,200000.0,1
15606449,Rousseau,602,Germany,Male,20,8,0.0,2,1,1,52351.41,0
15606450,Okafor,562,France,Female,43,8,3044.48,1,0,0,192079.95,1
15606451,Reyes,624,France,Female,48,6,95642.23,1,1,1,33867.68,0
15606452,Lindqvist,618,France,Male,35,0,0.0,1,1,1,61261.13,0
15606453,Schmitt,826,France,Male,28,3,161615.66,1,0,1,100551.88,1
15606454,Bergstrom,745,Spain,Male,56,8,0.0,1,1,1,49600.71,0
15606455,Duarte,637,Spain,Female,32,5,48609.82,1,0,1,134814.41,0
15606456,Hargrove,609,France,Female,50,3,0.0,1,1,0,165402.27,1
15606457,Weiss,709,Spain,Female,23,9,219786.1,2,1,1,18386.13,0
15606458,Novak,836,Spain,Female,43,3,66406.08,1,1,0,106815.26,1
15606459,Marchetti,726,Spain,Male,42,4,0.0,2,1,0,43060.12,0
15606460,Fontaine,485,France,Male,47,4,0.0,2,1,0,115798.98,0
15606461,Reyes,733,Spain,Female,54,3,61847.78,1,1,0,117145.22,1
15606462,Okafor,750,Spain,Male,30,5,84906.54,2,0,0,63364.81,1
15606463,Kowalski,850,France,Male,44,10,185519.83,1,0,1,90556.94,0
15606464,Renner,626,Spain,Male,25,10,38632.39,2,1,1,105935.7,0
15606465,Bergstrom,663,Germany,Female,24,3,144828.87,2,1,1,60656.87,0
15606466,Duarte,693,France,Female,33,4,0.0,1,0,1,3719.58,0
15606467,Marceau,577,Spain,Female,43,9,0.0,1,0,1,144605.65,0
15606468,Novak,568,Germany,Male,56,6,161851.1,1,1,0,144182.81,1
15606469,Kessler,688,Germany,Male,57,1,0.0,2,0,0,141522.87,1
15606470,Thibault,502,France,Male,35,6,71671.27,1,0,0,42911.55,0
15606471,Fontaine,524,Spain,Female,42,8,64509.7,4,1,0,86623.61,1
15606472,Thibault,728,Germany,Male,48,4,104301.97,2,1,1,6239.14,0
15606473,Weiss,698,Spain,Female,46,6,117408.54,1,1,1,200000.0,0
15606474,Girard,770,France,Male,37,8,93512.83,1,0,0,23604.72,0
15606475,Whitfield,694,France,Female,39,1,140252.36,1,1,1,171975.55,0
15606476,Odom,651,Germany,Female,37,10,0.0,2,1,0,55372.26,0
15606477,Okonkwo,774,France,Male,36,0,0.0,3,1,1,117407.68,0
15606478,Kessler,609,France,Female,35,1,112197.43,2,1,0,85230.12,0
15606479,Iyer,618,France,Male,37,3,0.0,1,1,0,77833.58,0
15606480,Renner,644,Germany,Female,34,0,0.0,1,1,1,123371.73,0
15606481,Sorensen,693,France,Female,27,7,134716.38,2,1,0,68267.43,0
15606482,Novak,644,Germany,Female,47,5,147470.82,1,0,0,7226.71,1
15606483,Fontaine,507,Spain,Male,44,3,94749.18,2,0,1,90468.0,0
15606484,Duarte,624,Germany,Female,58,10,95087.73,1,0,0,164080.87,0
15606485,Marceau,647,Germany,Female,42,2,0.0,1,1,1,100948.56,0
15606486,Balogh,661,France,Female,34,9,121140.21,1,1,1,45943.82,0
15606487,Kowalski,607,Spain,Female,32,6,119279.33,1,1,0,200000.0,0
15606488,Marchetti,699,France,Male,39,7,116841.99,1,0,1,100477.3,0
15606489,Whitfield,495,Germany,Male,44,10,101869.77,2,1,1,51101.31,0
15606490,Hallgren,690,France,Male,36,2,0.0,1,1,1,200000.0,0
15606491,Delacroix,822,Spain,Male,24,1,194842.87,2,1,0,1000.0,0
15606492,Iyer,592,Germany,Female,31,8,125716.43,1,0,1,46396.96,0
15606493,Girard,656,France,Female,39,7,141170.69,2,0,0,158741.17,0
15606494,Aoki,626,Germany,Male,46,2,135443.56,1,1,0,45448.73,0
15606495,Hargrove,628,France,Male,23,10,0.0,2,0,1,142014.38,0
15606496,Falk,551,France,Female,41,7,138843.81,1,1,0,149352.52,0
15606497,Hallgren,841,France,Female,41,5,113040.54,1,1,1,200000.0,1
15606498,Okafor,687,France,Female,34,1,49485.48,2,1,1,161113.65,0
15606499,Duarte,586,Spain,Male,33,10,82968.05,2,1,0,73660.47,0
15606500,Odom,575,Germany,Female,31,5,211674.78,2,0,1,57653.69,0
15606501,Rousseau,656,France,Male,40,6,170341.26,1,1,0,39281.85,0
15606502,Mendez,442,Spain,Male,50,0,97056.75,1,1,0,35803.02,1
15606503,Aoki,751,Germany,Female,51,7,145746.39,1,1,1,122660.01,1
15606504,Duarte,601,Germany,Male,27,9,0.0,1,1,1,1000.0,0
15606505,Falk,687,France,Female,37,8,199138.77,2,0,0,109270.01,1
15606506,Falk,692,Germany,Male,18,4,105520.57,2,1,1,1000.0,0
15606507,Lindqvist,743,France,Male,40,2,0.0,1,1,1,114789.17,0
15606508,Whitfield,697,Spain,Female,45,4,72146.65,2,1,1,68518.93,0
15606509,Rousseau,721,Spain,Male,55,6,105280.13,2,0,0,136393.0,0
15606510,Fairweather,748,Germany,Male,20,2,0.0,2,1,1,1000.0,0
15606511,Thibault,618,France,Male,27,6,124985.38,3,0,0,154437.05,1
15606512,Marceau,850,France,Male,40,10,162176.31,1,0,0,100610.12,1
15606513,Bergstrom,684,Germany,Female,22,1,196611.66,1,0,1,73069.82,0
15606514,Girard,647,France,Male,40,2,0.0,1,0,0,130080.75,0
15606515,Novak,569,France,Female,45,5,0.0,1,1,0,125607.75,1
15606516,Petrov,630,Spain,Female,25,1,0.0,2,1,1,20798.7,0
15606517,Reyes,689,Spain,Male,40,8,0.0,2,0,1,109031.58,0
15606518,Thibault,659,France,Male,26,0,32075.62,1,0,1,142100.14,0
15606519,Fontaine,825,France,Female,53,0,99408.43,2,1,1,8399.97,0
15606520,Sorensen,613,Germany,Female,41,3,50717.85,1,1,0,111734.83,0
15606521,Nakamura,715,France,Male,32,4,82138.68,1,1,1,169236.52,0
15606522,Sorensen,542,France,Female,26,7,0.0,4,1,1,109824.41,1
15606523,Renner,850,France,Male,42,1,128468.49,1,1,0,72962.48,1
15606524,Castellano,535,France,Male,52,8,29443.56,2,0,0,21269.32,1
15606525,Weiss,849,Germany,Male,31,1,0.0,1,1,0,36759.0,1
15606526,Kessler,637,France,Male,34,10,146301.1,1,1,1,76710.27,0
15606527,Marchetti,435,France,Male,31,5,181987.43,1,1,0,144657.17,1
15606528,Mendez,780,Spain,Male,54,8,108283.27,2,0,1,134085.76,0
15606529,Duarte,658,France,Male,19,0,221859.73,1,1,0,76982.38,1
15606530,Petrov,606,France,Female,52,7,147014.56,1,1,1,52453.65,0
15606531,Duarte,712,Germany,Male,35,4,0.0,1,0,0,64858.7,1
15606532,Okafor,714,Spain,Female,38,5,174171.23,1,1,0,166415.21,1
15606533,Marceau,690,France,Female,35,0,86645.38,1,0,0,12180.49,1
15606534,Balogh,759,France,Male,41,6,59606.58,1,1,0,100916.71,0
15606535,Fairweather,674,France,Male,31,10,0.0,1,1,0,68636.6,1
15606536,Girard,712,France,Male,49,10,0.0,1,1,1,136577.16,0
15606537,Renner,600,Spain,Female,50,9,164211.76,1,0,0,85762.44,0
15606538,Hargrove,723,Spain,Male,28,7,163057.04,3,1,0,25324.64,1
15606539,Thibault,600,Spain,Male,45,2,212515.49,1,1,1,188400.11,0
15606540,Rousseau,542,Germany,Female,35,4,39428.2,2,1,1,109960.62,0
15606541,Abubakar,630,France,Male,39,0,0.0,2,1,0,106632.34,1
15606542,Aoki,624,Germany,Male,54,2,97606.06,1,0,0,16942.34,0
15606543,Abubakar,739,Spain,Female,32,2,170335.47,2,0,1,78421.43,0
15606544,Sorensen,510,France,Female,48,7,130637.29,1,0,1,54943.58,0
15606545,Adeyemi,755,Germany,Male,43,0,170529.52,3,0,0,91933.1,1
15606546,Weiss,590,France,Male,37,10,126156.93,2,0,1,1000.0,0
15606547,Kowalski,413,Spain,Male,42,8,111076.14,2,1,0,104397.69,1
15606548,Balogh,534,Spain,Male,41,7,146035.86,3,1,0,144850.46,1
15606549,Novak,620,France,Male,27,6,125064.25,3,0,0,65461.94,1
15606550,Kessler,693,Germany,Male,32,2,131487.87,1,1,1,112696.08,0
15606551,Nakamura,637,France,Female,28,5,144594.58,2,1,0,37374.56,1
15606552,Fontaine,534,Germany,Female,36,7,0.0,2,0,0,193844.58,1
15606553,Castellano,575,France,Female,52,9,161137.17,1,1,1,38394.18,0
15606554,Bergstrom,535,France,Female,44,7,114590.2,2,1,0,86243.16,0
15606555,Voss,675,France,Male,24,8,120480.34,2,1,1,50901.59,1
15606556,Iyer,641,Germany,Male,36,5,61954.57,2,1,1,43429.62,0
15606557,Rousseau,709,France,Male,41,4,161153.69,1,0,0,188500.13,1
15606558,Weiss,480,Germany,Male,46,8,0.0,2,1,1,182275.85,0
15606559,Schmitt,599,France,Male,32,6,21894.26,2,1,1,69184.16,0
15606560,Voss,845,France,Female,26,4,144048.32,3,1,0,200000.0,1
15606561,Renner,712,France,Male,38,4,104701.42,2,1,1,161966.65,0
15606562,Girard,622,France,Male,44,6,102782.42,3,1,0,157083.22,0
15606563,Novak,555,Germany,Male,41,6,143383.0,3,1,1,99195.56,0
15606564,Duarte,756,France,Female,29,3,110514.28,2,0,0,167311.35,0
15606565,Adeyemi,797,Spain,Female,56,1,131626.94,1,0,0,106050.77,1
15606566,Falk,540,Spain,Male,37,9,94015.92,2,1,0,42182.93,0
15606567,Adeyemi,549,Spain,Male,40,3,187238.92,2,1,1,97716.96,0
15606568,Marchetti,677,Spain,Female,32,1,100350.39,1,1,0,73433.7,1
15606569,Marchetti,686,Germany,Male,50,2,73938.53,2,1,0,28061.1,0
15606570,Hallgren,696,Spain,Female,44,9,129348.42,3,1,1,157229.01,1
15606571,Laurent,827,Spain,Female,42,1,0.0,2,1,1,109179.59,0
15606572,Bergstrom,557,Spain,Female,27,7,123741.38,3,1,0,95221.51,1
15606573,Schmitt,654,Spain,Male,50,4,194354.44,2,1,0,200000.0,0
15606574,Petrov,719,France,Female,46,6,0.0,4,1,1,109130.61,0
15606575,Fairweather,718,Spain,Male,49,7,44283.06,3,1,1,170695.15,0
15606576,Lindqvist,588,France,Male,39,2,0.0,2,1,0,39103.67,0
15606577,Mendez,592,Germany,Male,38,4,0.0,2,0,0,54443.69,0
15606578,Thibault,606,Germany,Male,37,8,117344.38,2,0,0,99919.97,0
15606579,Falk,814,Germany,Male,62,10,147064.35,2,1,1,105466.15,0
15606580,Whitfield,556,Germany,Female,33,9,80366.28,2,1,0,117042.92,1
15606581,Weiss,619,Spain,Female,26,3,91401.98,2,1,1,157607.95,0
15606582,Rousseau,724,Spain,Male,35,2,143682.27,1,0,1,200000.0,0
15606583,Bergstrom,545,France,Female,33,10,0.0,3,0,0,7211.95,1
15606584,Reyes,675,France,Female,51,7,92636.27,1,0,1,64777.0,0
15606585,Odom,468,France,Male,25,2,113869.89,1,1,1,123000.76,0
15606586,Kowalski,668,France,Female,33,7,166995.26,1,1,1,200000.0,0
15606587,Fontaine,655,Germany,Female,40,3,118552.48,2,1,0,86941.34,0
15606588,Mendez,666,Germany,Female,51,1,143888.68,4,1,1,98707.58,1
15606589,Weiss,567,Spain,Male,46,1,74992.6,2,1,1,76312.25,0
15606590,Aoki,672,France,Female,55,4,112177.61,1,1,0,130345.52,1
15606591,Girard,646,Spain,Female,42,2,0.0,1,1,0,98192.9,1
15606592,Iyer,775,France,Male,36,8,27721.51,1,1,0,146859.38,0
15606593,Nakamura,711,Germany,Male,47,1,67776.6,2,1,1,170293.8,0
15606594,Aoki,511,Germany,Male,25,2,134410.49,1,1,0,77963.33,1
15606595,Bergstrom,570,France,Male,21,6,139591.2,4,0,1,154783.46,1
15606596,Aoki,591,France,Male,48,4,150429.61,1,1,1,56642.14,0
15606597,Marchetti,667,France,Male,41,2,137448.26,2,1,0,112508.92,0
15606598,Voss,634,France,Female,48,0,100899.91,3,1,1,61141.49,1
15606599,Aoki,633,France,Female,30,0,20344.87,1,1,0,4312.04,1
15606600,Hallgren,850,France,Male,52,3,54794.52,1,1,1,152711.93,0
15606601,Dubois,601,France,Male,45,2,167237.28,1,1,1,40928.58,0
15606602,Okonkwo,784,France,Male,38,6,0.0,2,1,0,57271.75,0
15606603,Mendez,636,France,Male,41,7,108275.09,3,1,1,79124.84,0
15606604,Fairweather,441,Spain,Female,42,1,115137.52,1,1,0,200000.0,1
15606605,Renner,668,France,Male,30,4,0.0,3,1,1,193316.69,1
15606606,Kowalski,757,Germany,Female,35,5,128610.5,1,1,1,3286.74,0
15606607,Nakamura,711,France,Male,42,1,188389.05,2,1,1,28766.85,0
15606608,Iyer,675,France,Male,34,5,111062.33,1,1,1,200000.0,0
15606609,Falk,652,France,Female,24,0,98535.53,1,1,0,200000.0,0
15606610,Voss,603,Spain,Male,42,3,54080.45,2,0,1,127508.27,0
15606611,Mendez,736,France,Male,47,8,0.0,2,0,0,107889.92,0
15606612,Sorensen,608,Spain,Male,49,2,0.0,2,1,0,96410.77,1
15606613,Iyer,589,France,Female,44,7,0.0,2,0,1,87385.13,0
15606614,Okafor,689,Germany,Male,47,1,90014.47,1,1,0,28236.39,0
15606615,Falk,621,France,Female,49,5,0.0,1,1,1,147573.42,1
15606616,Odom,773,France,Female,39,9,98921.28,2,1,0,45798.34,0
15606617,Balogh,695,Germany,Female,18,5,90607.84,2,0,0,137549.79,0
15606618,Adeyemi,575,France,Female,50,8,0.0,2,1,0,101978.48,1
15606619,Reyes,540,France,Female,29,2,0.0,2,1,1,162960.17,0
15606620,Kowalski,595,Germany,Female,27,2,104273.01,1,0,0,60575.84,0
15606621,Girard,850,France,Male,27,5,67723.08,2,1,0,26613.59,1
15606622,Aoki,627,France,Female,64,2,139290.85,1,1,1,41838.73,0
15606623,Duarte,723,France,Female,43,8,95412.17,2,1,0,98761.27,1
15606624,Voss,525,France,Male,28,3,0.0,2,1,1,91066.89,0
15606625,Osei,546,Germany,Female,32,8,9564.58,2,0,0,26265.58,0
15606626,Fontaine,632,Spain,Male,38,0,0.0,4,1,0,69343.08,1
15606627,Kowalski,813,Spain,Male,44,3,0.0,1,1,0,104519.79,0
15606628,Lindqvist,526,France,Male,41,2,0.0,3,0,0,140641.7,0
15606629,Hargrove,590,Spain,Male,29,7,51352.42,1,1,0,98688.36,1
15606630,Schmitt,737,Spain,Male,42,2,0.0,2,0,0,140341.22,0
15606631,Weiss,803,France,Male,32,5,0.0,2,0,1,102427.64,1
15606632,Falk,692,Germany,Male,49,3,3000.0,2,0,0,102766.13,0
15606633,Osei,715,Spain,Male,39,8,53235.48,2,0,0,128767.69,0
15606634,Odom,564,Germany,Female,31,4,51070.16,3,1,0,31452.38,1
15606635,Castellano,523,France,Male,46,7,113463.03,1,1,1,200000.0,0
15606636,Okafor,540,France,Female,42,0,52559.14,1,1,0,104456.68,0
15606637,Thibault,566,Spain,Female,34,8,111966.69,2,1,0,94939.78,0
15606638,Aoki,672,Germany,Male,46,7,64342.73,1,0,1,114323.95,0
15606639,Renner,533,France,Male,45,1,0.0,1,0,1,165507.4,1
15606640,Marceau,674,France,Male,51,1,0.0,1,0,1,123914.74,1
15606641,Mendez,620,Germany,Male,46,3,0.0,1,0,0,136637.55,1
15606642,Okonkwo,596,France,Male,36,10,119196.57,2,1,0,105111.92,0
15606643,Abubakar,735,France,Female,21,2,0.0,1,0,1,37840.56,0
15606644,Bergstrom,558,Spain,Female,40,5,115057.34,1,0,1,1000.0,0
15606645,Thibault,788,France,Male,42,4,119058.77,1,1,0,147697.42,0
15606646,Whitfield,730,France,Female,39,3,6633.85,2,0,0,158021.01,0
15606647,Kowalski,555,France,Male,18,5,86082.17,3,1,1,31108.95,1
15606648,Delacroix,765,Germany,Female,45,1,73071.18,1,0,0,24275.83,1
15606649,Girard,544,France,Female,29,7,0.0,3,1,0,32683.79,1
15606650,Duarte,774,Spain,Male,45,1,92479.22,2,0,0,63131.26,0
15606651,Odom,682,Germany,Female,56,6,78263.23,1,0,1,45113.26,1
15606652,Marchetti,498,Spain,Female,36,3,141045.56,1,1,1,104379.59,1
15606653,Abubakar,526,Spain,Male,43,6,36050.45,1,1,0,106288.77,1
15606654,Balogh,611,Spain,Male,39,6,107691.01,3,1,1,99350.51,0
15606655,Aoki,733,France,Female,44,6,13180.81,1,1,0,66122.39,1
15606656,Renner,634,Spain,Male,40,6,75986.38,1,1,1,43740.36,0
15606657,Aoki,631,Germany,Male,33,3,0.0,1,1,0,10782.5,1
15606658,Dubois,654,Germany,Female,29,6,184853.35,1,1,1,62627.61,0
15606659,Okafor,458,France,Male,55,2,104554.48,3,1,1,131829.97,0
15606660,Hallgren,729,France,Male,43,4,67475.55,3,0,0,2133.16,1
15606661,Weiss,779,Germany,Female,47,2,105325.97,1,1,0,91314.75,1
15606662,Renner,726,France,Male,43,5,184031.66,2,1,1,34454.46,0
15606663,Hallgren,609,Germany,Male,48,8,0.0,2,1,0,20483.64,0
15606664,Fairweather,565,France,Female,29,6,150628.95,1,1,1,150894.74,0
15606665,Winters,546,Spain,Male,39,1,130965.84,2,0,1,166233.09,0
15606666,Lindqvist,541,Germany,Female,44,0,0.0,2,1,1,124174.31,0
15606667,Rousseau,850,France,Female,52,3,0.0,2,1,0,27107.35,0
15606668,Winters,642,France,Male,66,6,183855.51,2,1,0,143605.84,0
15606669,Odom,737,Germany,Male,43,3,147919.8,2,0,1,138290.66,1
15606670,Laurent,732,France,Female,32,10,60118.05,2,1,1,200000.0,0
15606671,Sorensen,664,France,Female,26,6,0.0,2,1,1,65016.78,0
15606672,Bergstrom,561,Spain,Male,29,9,174261.42,3,0,1,117363.6,1
15606673,Duarte,700,France,Male,31,10,138894.22,2,1,1,44589.45,0
15606674,Renner,546,Spain,Male,18,1,125117.91,1,1,0,1000.0,0
15606675,Hargrove,708,France,Female,32,9,46844.98,2,0,1,1000.0,0
15606676,Marchetti,550,France,Female,46,0,227667.74,1,1,1,99258.59,0
15606677,Laurent,608,Germany,Male,39,1,148071.75,2,1,1,53321.6,0
15606678,Winters,608,France,Female,36,5,0.0,1,0,0,125957.19,0
15606679,Petrov,784,France,Male,22,5,0.0,1,1,1,133215.2,0
15606680,Fairweather,416,Spain,Male,49,7,111088.22,1,1,1,97146.87,1
15606681,Adeyemi,850,Germany,Female,44,0,0.0,3,1,1,7070.95,0
15606682,Voss,573,Spain,Male,38,1,0.0,4,1,1,39595.66,1
15606683,Whitfield,638,Germany,Female,18,8,186879.47,2,0,1,109886.19,0
15606684,Falk,690,France,Male,33,6,164066.3,2,1,0,115669.88,1
15606685,Falk,681,France,Female,43,4,0.0,2,1,0,116486.0,1
15606686,Delacroix,731,Germany,Female,38,2,118552.85,2,1,1,146193.65,0
15606687,Fairweather,709,Germany,Male,40,2,0.0,1,1,1,82511.09,1
15606688,Hargrove,846,Spain,Male,45,3,0.0,1,1,0,108431.58,1
15606689,Okonkwo,720,France,Female,40,5,0.0,2,0,1,128469.39,0
15606690,Fairweather,639,France,Male,45,8,98861.64,1,1,0,152033.97,0
15606691,Fontaine,597,France,Female,30,4,0.0,2,1,1,95616.01,0
15606692,Whitfield,594,Germany,Female,26,4,122691.57,2,1,1,93609.52,0
15606693,Balogh,774,Germany,Male,43,10,0.0,2,1,1,114092.93,0
15606694,Falk,818,France,Female,45,1,0.0,2,0,1,99080.85,0
15606695,Renner,746,France,Male,44,0,0.0,1,0,1,80720.68,0
15606696,Adeyemi,350,France,Male,40,10,143795.37,1,0,0,59898.23,1
15606697,Petrov,434,France,Male,35,10,150432.51,1,0,1,1000.0,0
15606698,Odom,649,Spain,Female,41,4,0.0,1,1,0,127133.13,0
15606699,Nakamura,634,Spain,Female,42,2,20185.27,4,1,1,123104.08,0
15606700,Fairweather,652,France,Male,43,1,0.0,3,1,1,111575.62,0
15606701,Abubakar,770,Spain,Male,65,1,0.0,2,1,0,119985.67,1
15606702,Rousseau,765,Germany,Male,29,9,0.0,2,1,0,86873.24,0
15606703,Lindqvist,667,France,Female,71,8,0.0,1,1,1,200000.0,0
15606704,Okonkwo,504,France,Male,26,9,109137.75,1,1,0,147360.33,0
15606705,Whitfield,532,France,Male,42,5,115347.29,1,1,0,200000.0,1
15606706,Abubakar,656,France,Male,26,7,136567.7,3,1,1,58518.01,0
15606707,Voss,690,Spain,Male,42,9,171499.74,2,0,1,93276.83,0
15606708,Hallgren,533,Spain,Female,49,3,111167.66,1,1,1,93279.33,0
15606709,Okafor,713,France,Male,39,5,0.0,1,1,1,179976.09,0
15606710,Kessler,482,France,Male,48,3,0.0,1,1,0,1000.0,1
15606711,Okafor,394,Germany,Male,34,5,0.0,1,1,1,132030.5,0
15606712,Laurent,566,France,Male,18,2,0.0,1,0,0,109167.37,0
15606713,Aoki,782,Spain,Female,45,2,0.0,1,1,1,160082.22,0
15606714,Whitfield,796,Spain,Male,39,3,0.0,3,1,0,67842.95,1
15606715,Whitfield,497,Germany,Male,34,10,87985.0,1,1,0,1000.0,1
15606716,Aoki,504,Spain,Male,34,2,118723.0,2,1,1,200000.0,0
15606717,Winters,723,Germany,Male,43,7,80796.05,1,1,0,99352.52,1
15606718,Weiss,608,Spain,Female,30,6,158853.87,1,1,1,154952.0,0
15606719,Balogh,781,France,Male,42,6,0.0,1,0,1,82319.53,0
15606720,Delacroix,721,France,Male,51,1,0.0,2,1,1,165481.75,0
15606721,Weiss,738,France,Female,60,8,148569.39,1,1,0,144541.94,1
15606722,Delacroix,571,France,Male,53,8,151745.12,2,1,0,170324.66,0
15606723,Schmitt,693,France,Male,40,1,110133.24,1,1,1,81150.89,0
15606724,Okafor,844,France,Female,41,4,20031.36,2,1,1,177912.99,0
15606725,Castellano,664,France,Male,34,9,0.0,1,0,1,130496.82,0
15606726,Weiss,646,France,Female,34,2,60899.14,2,0,0,1000.0,1
15606727,Mendez,608,France,Male,47,5,93935.08,2,1,0,178587.48,0
15606728,Hallgren,496,Germany,Female,35,9,83292.04,2,1,1,133451.25,0
15606729,Thibault,545,Spain,Female,42,8,0.0,4,1,0,83123.66,1
15606730,Okonkwo,564,Germany,Male,29,4,112306.59,2,1,0,92669.96,0
15606731,Aoki,492,Spain,Male,52,7,122137.36,2,0,1,42361.5,0
15606732,Delacroix,502,Germany,Female,35,10,117669.8,2,1,1,108772.49,0
15606733,Castellano,415,Germany,Male,50,4,101533.46,2,1,1,132100.47,0
15606734,Osei,575,France,Male,31,10,74751.25,2,1,1,106828.42,0
15606735,Laurent,715,Germany,Female,31,8,185454.93,2,1,0,113532.65,0
15606736,Adeyemi,620,France,Female,52,7,121266.96,1,1,1,68832.39,0
15606737,Fontaine,620,Spain,Female,32,7,65225.56,1,0,1,47295.24,1
15606738,Winters,724,Germany,Female,23,2,0.0,1,0,0,102143.82,1
15606739,Kowalski,812,France,Female,28,0,130221.3,2,0,1,115115.28,0
15606740,Iyer,850,Spain,Female,47,9,0.0,2,1,1,76600.81,0
15606741,Girard,664,France,Female,46,7,110389.12,1,1,0,127419.01,0
15606742,Petrov,623,France,Female,31,10,0.0,2,0,1,149906.38,0
15606743,Hargrove,610,France,Female,32,5,43528.11,2,1,1,156232.52,1
15606744,Okonkwo,707,France,Male,45,4,85485.16,2,1,1,72174.82,0
15606745,Voss,635,France,Female,52,9,0.0,1,1,0,4668.78,1
15606746,Sorensen,635,Spain,Male,38,10,0.0,1,1,1,125051.28,0
15606747,Delacroix,642,Spain,Female,44,8,0.0,2,0,1,83645.28,0
15606748,Fontaine,560,France,Female,47,9,94227.23,1,1,0,101534.26,1
15606749,Marceau,426,Spain,Female,60,1,148448.18,2,0,1,72392.89,0
15606750,Sorensen,586,France,Male,27,9,99895.86,1,1,0,194123.68,0
15606751,Kessler,790,France,Male,32,0,0.0,1,1,1,76199.43,0
15606752,Girard,785,Germany,Male,33,8,134173.85,1,1,0,200000.0,1
15606753,Mendez,740,Germany,Female,47,2,0.0,1,1,0,144937.95,0
15606754,Osei,603,France,Female,36,0,163895.35,4,1,0,160615.53,1
15606755,Winters,574,France,Male,42,8,140166.82,1,1,0,92621.89,1
15606756,Odom,806,Germany,Male,40,3,0.0,1,0,1,52264.62,0
15606757,Marceau,546,Germany,Male,39,9,13927.48,2,1,1,140411.87,0
15606758,Reyes,654,France,Male,40,3,124082.99,1,1,1,119876.11,1
15606759,Odom,812,France,Female,49,7,194928.49,2,1,0,71141.08,1
15606760,Hallgren,662,France,Female,29,7,144370.29,2,0,1,140986.96,0
15606761,Aoki,622,Spain,Female,37,9,0.0,2,1,1,133904.84,0
15606762,Kowalski,761,Germany,Male,26,9,78286.04,1,1,0,1074.68,1
15606763,Okafor,657,Spain,Male,41,6,0.0,2,0,1,135707.13,0
15606764,Mendez,669,France,Female,37,3,140228.55,1,1,0,155567.76,1
15606765,Laurent,795,Spain,Female,49,5,134151.28,1,1,0,12559.64,1
15606766,Reyes,406,Germany,Male,38,6,0.0,1,0,1,200000.0,0
15606767,Hallgren,684,France,Female,34,10,0.0,2,1,1,180681.48,0
15606768,Fairweather,576,Germany,Male,36,1,0.0,2,1,1,1249.0,0
15606769,Bergstrom,630,France,Male,56,0,0.0,2,1,1,79437.96,0
15606770,Adeyemi,661,France,Female,22,5,124932.58,1,0,1,48674.75,1
15606771,Reyes,585,Spain,Female,32,4,102635.61,1,1,0,31821.1,0
15606772,Renner,672,France,Female,39,9,102271.31,1,0,1,118087.44,0
15606773,Odom,687,Germany,Male,32,3,0.0,1,1,1,108605.9,0
15606774,Balogh,670,Spain,Male,44,1,69827.38,1,1,1,47715.01,0
15606775,Balogh,661,France,Female,38,1,112092.44,1,0,1,54348.87,0
15606776,Sorensen,639,France,Female,41,9,167367.98,1,0,1,100694.47,0
15606777,Hargrove,641,Spain,Male,40,6,190370.08,2,1,1,123675.72,0
15606778,Novak,658,France,Male,37,10,0.0,2,1,0,52550.08,1
15606779,Laurent,560,Spain,Male,25,2,88578.8,2,1,1,104021.39,0
15606780,Kowalski,772,France,Female,40,0,0.0,2,0,1,131795.46,0
15606781,Balogh,641,France,Female,21,5,156185.05,1,0,1,152721.01,0
15606782,Abubakar,611,Spain,Male,32,1,175730.85,3,1,0,116971.33,1
15606783,Duarte,688,France,Male,43,1,132880.42,2,1,0,109227.41,1
15606784,Schmitt,639,Spain,Male,51,9,110851.94,2,1,1,86277.89,0
15606785,Petrov,769,Spain,Female,62,4,80656.45,3,1,1,76552.86,0
15606786,Kowalski,736,France,Male,34,0,0.0,2,0,1,110296.27,0
15606787,Mendez,659,Spain,Male,30,2,140785.64,2,1,0,105503.91,1
15606788,Okonkwo,740,Germany,Female,44,4,126149.27,1,1,0,123783.37,1
15606789,Adeyemi,673,Germany,Male,58,9,56677.32,2,0,1,56060.28,0
15606790,Castellano,539,France,Female,54,7,62321.04,2,1,0,136877.41,0
15606791,Nakamura,735,France,Female,28,5,107304.41,1,1,0,12668.43,0
15606792,Kessler,468,Spain,Male,37,6,164093.97,1,1,0,139257.37,1
15606793,Girard,350,Spain,Female,47,8,0.0,1,1,0,87824.45,0
15606794,Mendez,717,Spain,Female,48,2,0.0,1,1,0,34994.28,0
15606795,Weiss,693,Spain,Female,45,5,0.0,2,1,0,35347.33,1
15606796,Mendez,686,Germany,Female,34,4,178762.71,2,1,1,131597.17,0
15606797,Reyes,783,France,Male,44,0,174045.3,1,1,0,107181.89,0
15606798,Thibault,648,Spain,Male,48,6,0.0,1,1,0,111876.44,0
15606799,Reyes,614,France,Male,29,7,90500.74,1,1,1,89070.39,0
15606800,Reyes,726,France,Male,52,7,0.0,2,0,0,76633.32,1
15606801,Mendez,581,Spain,Male,49,0,158556.67,1,0,0,106908.12,1
15606802,Abubakar,627,France,Male,31,4,138844.73,1,1,1,98020.77,0
15606803,Marceau,674,France,Female,48,4,0.0,1,0,1,56119.56,0
15606804,Whitfield,682,Germany,Male,47,1,0.0,1,1,0,3500.6,0
15606805,Duarte,618,Germany,Female,47,6,35500.78,1,0,0,59662.18,0
15606806,Falk,603,Spain,Female,55,5,0.0,2,1,0,108806.32,0
15606807,Schmitt,542,Germany,Male,38,8,83038.26,2,1,0,147549.26,1
15606808,Adeyemi,574,France,Female,42,8,0.0,1,1,0,1000.0,1
15606809,Winters,825,Germany,Male,18,9,168618.72,1,1,1,71054.78,0
15606810,Thibault,625,France,Female,50,4,153433.43,2,1,1,112110.55,0
15606811,Dubois,668,France,Female,49,2,118334.79,2,1,0,106876.68,0
15606812,Iyer,507,France,Female,52,5,45644.11,2,1,1,102911.57,0
15606813,Marchetti,850,France,Female,29,7,159757.8,1,0,1,69644.95,1
15606814,Iyer,567,Spain,Female,48,3,55238.41,1,1,0,55089.84,0
15606815,Adeyemi,537,France,Female,49,5,91909.05,4,1,1,125576.97,0
15606816,Thibault,644,Spain,Female,32,10,108222.67,1,1,1,113009.35,0
15606817,Weiss,564,France,Male,49,8,71626.45,1,1,1,95509.41,0
15606818,Castellano,685,France,Female,43,6,0.0,1,1,1,200000.0,0
15606819,Duarte,505,Germany,Female,21,10,156339.8,1,1,0,169789.76,0
15606820,Osei,759,Spain,Male,44,0,184710.27,1,0,0,128183.11,1
15606821,Schmitt,740,Germany,Female,31,5,0.0,2,0,1,153083.55,0
15606822,Adeyemi,639,France,Female,21,2,23048.79,1,1,0,137155.39,1
15606823,Fairweather,491,France,Female,42,3,126026.86,1,1,1,84198.98,0
15606824,Kowalski,572,Spain,Male,38,8,77193.27,1,1,0,35966.98,1
15606825,Aoki,656,Spain,Female,53,8,130029.19,2,1,0,155408.27,1
15606826,Abubakar,534,France,Female,40,5,126774.41,2,1,1,99149.17,0
15606827,Thibault,549,Germany,Male,46,5,0.0,1,1,1,151748.71,0
15606828,Lindqvist,751,Spain,Female,44,6,0.0,1,1,1,147054.8,0
15606829,Schmitt,665,Spain,Female,49,9,142817.88,3,1,0,13720.54,0
15606830,Falk,662,France,Male,29,0,107340.67,1,1,1,136081.67,0
15606831,Marchetti,701,Spain,Female,41,6,57181.62,1,1,0,199682.42,1
15606832,Iyer,634,France,Male,37,0,144814.92,1,1,1,89737.68,0
15606833,Schmitt,644,Germany,Female,45,10,28726.48,1,1,1,119999.59,1
15606834,Castellano,694,France,Female,41,2,0.0,2,1,0,159845.29,0
15606835,Renner,728,France,Male,32,0,0.0,1,1,1,15887.36,0
15606836,Kowalski,698,France,Male,35,8,133702.75,1,1,0,1000.0,1
15606837,Falk,790,Spain,Male,55,8,100593.54,2,1,1,91136.48,0
15606838,Fontaine,652,Germany,Male,21,9,136308.78,1,0,0,9998.61,0
15606839,Iyer,521,Germany,Female,46,3,0.0,2,1,0,177447.92,0
15606840,Fontaine,754,Spain,Male,51,3,146710.8,1,0,0,149556.33,1
15606841,Hargrove,626,Germany,Male,44,7,145804.28,1,1,0,174870.55,1
15606842,Reyes,576,Spain,Male,59,10,0.0,2,1,0,97487.47,0
15606843,Abubakar,718,France,Female,48,10,0.0,1,1,1,164541.6,0
15606844,Girard,686,Spain,Female,42,4,0.0,1,1,1,105381.76,1
15606845,Odom,527,France,Male,34,7,125485.89,2,1,0,123080.19,1
15606846,Novak,714,France,Male,43,9,139643.68,1,0,1,200000.0,1
15606847,Voss,830,France,Male,45,8,107773.81,1,0,1,27884.64,0
15606848,Okafor,681,France,Male,39,6,147778.14,2,1,0,199912.67,1
15606849,Okafor,625,Germany,Male,31,1,64060.51,2,1,0,1000.0,1
15606850,Novak,490,Germany,Female,26,6,0.0,2,0,0,99145.74,1
15606851,Petrov,847,France,Male,40,1,0.0,1,1,0,132238.52,1
15606852,Aoki,600,Spain,Male,23,4,65983.48,2,1,0,71701.48,0
15606853,Voss,515,France,Female,34,6,179773.46,3,1,1,116530.54,0
15606854,Dubois,661,France,Female,18,0,56201.08,3,0,0,121252.61,1
15606855,Delacroix,747,France,Male,47,4,112472.43,2,0,0,135700.35,0
15606856,Lindqvist,769,France,Male,50,3,0.0,2,1,0,88571.06,0
15606857,Winters,585,France,Female,39,1,91504.47,2,1,0,60987.46,0
15606858,Osei,641,France,Male,57,7,105895.53,2,1,0,110875.74,0
15606859,Fairweather,650,France,Female,52,8,115162.66,1,1,1,81545.39,0
15606860,Hallgren,744,France,Female,43,9,0.0,1,1,1,101684.26,0
15606861,Rousseau,707,Germany,Female,37,7,0.0,1,0,1,82226.2,0
15606862,Thibault,676,France,Male,35,2,112149.73,3,1,1,111539.02,1
15606863,Lindqvist,738,France,Male,44,1,209196.41,2,0,1,65194.62,0
15606864,Petrov,519,Spain,Female,37,9,0.0,1,1,0,72542.92,1
15606865,Fontaine,690,France,Male,44,0,75341.24,2,1,1,36247.87,0
15606866,Schmitt,671,Spain,Male,45,4,104948.65,2,1,1,109035.16,0
15606867,Delacroix,645,France,Female,36,4,77317.85,2,1,1,48281.67,0
15606868,Fontaine,626,Spain,Male,50,1,0.0,2,0,0,117800.67,1
15606869,Duarte,663,Spain,Female,36,6,154974.58,1,1,0,158606.69,1
15606870,Duarte,595,Spain,Female,39,8,0.0,1,1,1,190118.89,0
15606871,Whitfield,850,Spain,Female,29,9,0.0,1,1,1,93699.32,0
15606872,Duarte,780,France,Male,36,5,0.0,2,0,1,200000.0,0
15606873,Winters,755,France,Female,61,4,0.0,2,0,0,135464.85,0
15606874,Duarte,599,France,Female,29,2,92681.19,1,1,1,107346.83,0
15606875,Marceau,558,Spain,Male,43,0,0.0,2,0,0,200000.0,0
15606876,Thibault,630,France,Female,34,9,0.0,1,1,1,49266.47,0
15606877,Adeyemi,661,France,Male,18,9,0.0,1,1,1,99162.05,0
15606878,Thibault,511,Spain,Male,44,10,0.0,2,0,0,82901.92,0
15606879,Odom,696,France,Female,33,1,50062.03,2,1,1,25789.51,1
15606880,Delacroix,754,France,Male,42,4,0.0,2,0,0,156954.18,1
15606881,Lindqvist,435,Spain,Male,49,7,0.0,1,0,0,116965.09,0
15606882,Adeyemi,564,France,Female,41,9,75347.64,1,1,0,138406.73,0
15606883,Adeyemi,768,Germany,Male,42,4,27969.57,1,1,1,137470.15,0
15606884,Marceau,686,Germany,Male,30,1,0.0,1,1,1,2790.39,0
15606885,Nakamura,567,Germany,Male,46,10,150058.59,2,1,1,168706.01,0
15606886,Odom,721,France,Female,37,0,0.0,2,1,0,56875.29,0
15606887,Aoki,593,France,Female,18,7,0.0,1,0,1,156220.24,0
15606888,Kessler,627,Spain,Male,47,4,0.0,1,1,0,28131.64,0
15606889,Mendez,541,Spain,Female,50,0,0.0,2,1,0,121028.34,1
15606890,Reyes,652,Spain,Male,54,5,0.0,4,1,1,63960.81,0
15606891,Abubakar,748,France,Male,61,4,0.0,1,1,1,113104.14,0
15606892,Thibault,604,France,Male,46,4,3000.0,2,1,1,91159.69,0
15606893,Whitfield,712,France,Male,44,1,0.0,1,1,1,116714.77,1
15606894,Aoki,645,France,Male,50,7,0.0,2,1,1,87091.7,1
15606895,Novak,754,France,Female,29,3,32190.73,2,1,1,72579.66,0
15606896,Delacroix,606,Germany,Female,21,1,131874.98,2,1,1,172037.23,0
15606897,Laurent,799,France,Female,34,4,121050.24,1,0,1,172015.84,1
15606898,Kowalski,715,Spain,Female,52,2,139042.08,1,0,0,200000.0,0
15606899,Kessler,673,Germany,Male,32,5,15292.97,2,1,1,103092.98,0
15606900,Laurent,677,France,Male,43,5,96975.82,1,0,0,95575.03,0
15606901,Delacroix,605,Spain,Male,44,8,0.0,1,0,1,106260.99,0
15606902,Kessler,599,Spain,Male,41,10,103851.9,1,0,1,62849.05,0
15606903,Voss,675,France,Female,25,0,27089.4,2,1,1,31281.93,0
15606904,Marceau,535,France,Male,42,0,0.0,1,1,1,71293.59,0
15606905,Petrov,592,Germany,Male,34,4,0.0,1,0,0,60097.66,1
15606906,Kowalski,560,Spain,Male,56,0,0.0,1,1,0,134708.5,1
15606907,Renner,705,Germany,Female,50,9,160581.12,1,1,1,147475.03,0
15606908,Lindqvist,706,Germany,Male,35,8,185536.03,2,0,1,1000.0,0
15606909,Winters,772,France,Female,57,4,18521.79,2,1,0,56915.91,0
15606910,Dubois,618,Spain,Male,42,10,0.0,1,1,0,125078.66,1
15606911,Duarte,572,Spain,Male,21,5,124196.79,1,1,1,110901.81,0
15606912,Nakamura,509,Spain,Male,38,6,92629.39,2,1,0,90698.39,0
15606913,Voss,676,Spain,Female,55,8,18957.93,2,1,0,89024.46,0
15606914,Sorensen,784,Spain,Female,30,6,156181.67,2,1,0,122171.05,0
15606915,Hallgren,643,Germany,Male,38,7,142891.42,1,1,1,125555.25,0
15606916,Laurent,653,France,Male,25,2,80966.8,1,1,1,27552.23,0
15606917,Lindqvist,649,Spain,Male,26,5,154279.49,1,1,1,1000.0,0
15606918,Adeyemi,674,France,Male,30,8,118216.66,1,0,1,97625.01,0
15606919,Balogh,746,Spain,Male,26,10,143690.96,1,1,1,144466.61,0
15606920,Thibault,834,Germany,Male,32,2,66279.85,1,1,1,77011.35,0
15606921,Lindqvist,698,Germany,Female,56,0,123933.15,2,1,0,200000.0,1
15606922,Fairweather,704,France,Female,38,6,124462.02,1,1,1,149938.81,0
15606923,Marceau,627,Spain,Female,47,0,100424.1,1,1,1,75505.84,0
15606924,Fairweather,640,France,Female,50,7,3000.0,1,0,1,2893.7,1
15606925,Fontaine,638,France,Female,27,4,0.0,2,1,0,144447.93,0
15606926,Rousseau,615,France,Female,30,8,123991.42,3,0,0,54171.11,1
15606927,Hargrove,662,Germany,Male,46,1,64718.58,1,1,1,69247.61,0
15606928,Marceau,710,France,Male,32,0,0.0,3,0,0,58062.93,0
15606929,Balogh,656,Germany,Male,46,2,124233.18,1,1,1,28951.36,0
15606930,Delacroix,623,France,Female,56,0,132475.25,2,0,0,71595.11,1
15606931,Falk,662,Spain,Male,24,1,93126.97,2,1,1,70909.2,0
15606932,Dubois,558,Spain,Male,35,8,26562.46,2,0,1,53228.12,0
15606933,Aoki,727,Spain,Male,36,7,0.0,1,0,0,65064.87,0
15606934,Whitfield,610,Spain,Female,33,6,146374.8,2,1,1,200000.0,0
15606935,Renner,539,Spain,Female,32,4,57305.99,2,1,1,142490.98,0
15606936,Bergstrom,694,Germany,Female,33,2,72099.31,1,1,1,92483.3,0
15606937,Schmitt,699,Spain,Female,38,9,153981.25,2,1,1,2176.72,0
15606938,Winters,567,France,Female,40,9,5178.77,2,0,1,131213.81,0
15606939,Abubakar,710,France,Male,48,2,0.0,2,1,1,200000.0,0
15606940,Falk,711,Spain,Female,38,9,0.0,2,1,1,199499.78,0
15606941,Marchetti,840,France,Female,50,6,0.0,2,1,1,92274.3,0
15606942,Castellano,627,Spain,Male,32,3,0.0,2,1,0,119927.1,0
15606943,Falk,645,Spain,Female,26,2,90020.05,2,1,1,36371.21,1
15606944,Weiss,592,France,Female,35,6,120799.43,2,1,0,115236.34,0
15606945,Hallgren,697,Germany,Female,43,0,0.0,1,1,1,139475.27,0
15606946,Whitfield,650,Spain,Female,47,3,39701.18,1,1,1,129093.93,0
15606947,Whitfield,745,Spain,Male,53,7,0.0,1,1,1,167594.95,0
15606948,Odom,608,Spain,Male,41,5,154318.11,2,1,1,137920.17,0
15606949,Lindqvist,695,Germany,Male,46,1,0.0,1,1,0,6107.59,0
15606950,Fairweather,627,Spain,Female,52,1,0.0,1,0,0,78014.19,1
15606951,Nakamura,473,Germany,Female,31,7,173615.21,1,1,0,157233.5,1
15606952,Abubakar,710,France,Female,36,9,176021.13,2,1,1,6183.21,0
15606953,Thibault,482,Spain,Female,67,7,0.0,2,1,1,103943.62,0
15606954,Nakamura,635,Spain,Female,47,1,0.0,1,1,1,75555.46,0
15606955,Whitfield,636,France,Male,44,7,117610.38,2,1,0,28817.43,1
15606956,Fontaine,649,France,Male,48,3,206977.61,2,1,0,154092.45,1
15606957,Nakamura,655,Spain,Male,25,6,260000.0,1,1,0,54876.52,0
15606958,Marceau,654,France,Female,32,6,102218.74,1,1,1,200000.0,0
15606959,Laurent,685,Germany,Male,28,9,96750.72,1,0,0,87676.5,0
15606960,Okonkwo,640,France,Female,43,9,92814.7,1,1,0,161805.71,0
15606961,Duarte,850,France,Female,35,0,115595.95,1,1,0,196475.81,0
15606962,Nakamura,617,Spain,Male,39,0,123598.33,1,0,0,118925.26,0
15606963,Lindqvist,533,France,Female,35,10,0.0,4,1,1,104840.39,1
15606964,Delacroix,515,France,Female,22,3,119158.4,1,1,1,144172.2,0
15606965,Castellano,713,Spain,Female,48,0,0.0,1,0,1,195213.75,0
15606966,Osei,497,Spain,Male,21,2,112654.74,1,1,0,118734.05,0
15606967,Marceau,534,France,Male,31,5,70752.21,1,0,1,59748.21,0
15606968,Reyes,520,Spain,Male,25,9,0.0,1,1,1,17174.83,0
15606969,Abubakar,694,Spain,Male,30,10,104600.21,1,1,1,119837.9,0
15606970,Marceau,778,Germany,Female,41,7,228670.67,1,1,0,42063.52,1
15606971,Nakamura,559,France,Female,51,2,156418.51,1,0,1,153229.75,1
15606972,Hargrove,691,France,Female,23,7,88015.56,2,1,1,172571.81,0
15606973,Reyes,397,Germany,Male,33,9,0.0,2,1,0,133536.21,1
15606974,Sorensen,579,Spain,Female,21,4,237708.45,1,1,1,96673.11,1
15606975,Sorensen,708,France,Male,32,6,0.0,1,1,0,135504.03,0
15606976,Sorensen,620,Germany,Male,39,5,67492.83,1,0,0,101627.13,0
15606977,Rousseau,745,France,Female,46,9,115425.57,1,1,0,84988.46,0
15606978,Reyes,436,Germany,Female,18,6,144094.69,1,1,1,74865.12,0
15606979,Castellano,579,Spain,Female,44,0,132832.16,1,1,1,106713.05,1
15606980,Iyer,693,Germany,Female,29,9,0.0,3,1,0,101086.79,1
15606981,Duarte,692,Germany,Male,26,6,116990.23,2,1,0,171583.97,1
15606982,Kowalski,700,France,Male,39,4,3000.0,2,1,1,133033.63,0
15606983,Kessler,670,Germany,Male,45,2,135588.82,2,0,0,23957.02,1
15606984,Fontaine,540,France,Female,37,7,132190.4,2,1,1,128832.89,0
15606985,Falk,575,Spain,Male,27,0,128935.51,1,1,0,105599.83,1
15606986,Reyes,850,Spain,Male,37,1,69571.97,1,1,1,116499.87,0
15606987,Marceau,529,France,Male,31,7,0.0,2,0,1,85977.81,0
15606988,Falk,514,France,Female,45,2,57626.09,3,0,1,102321.9,0
15606989,Whitfield,715,France,Female,49,8,0.0,2,1,0,194936.81,1
15606990,Adeyemi,548,France,Male,49,2,100557.93,1,1,0,79204.19,1
15606991,Duarte,822,France,Male,38,8,178319.36,3,1,0,63646.62,0
15606992,Novak,850,Germany,Female,50,7,0.0,2,1,0,59987.47,1
15606993,Sorensen,627,Spain,Female,28,7,144009.92,1,0,1,38874.08,0
15606994,Osei,680,Germany,Male,57,8,0.0,1,1,0,134829.82,0
15606995,Rousseau,475,Germany,Male,28,8,0.0,2,1,1,167782.69,0
15606996,Reyes,749,Spain,Female,18,4,0.0,2,0,0,66026.32,0
15606997,Petrov,435,France,Female,52,5,93400.49,2,1,1,130698.65,0
15606998,Nakamura,521,Germany,Male,31,0,156281.86,3,0,0,159773.12,1
15606999,Castellano,661,Spain,Female,40,3,0.0,2,1,0,113164.08,0
15607000,Rousseau,703,Spain,Female,28,5,68544.82,1,1,0,101191.61,1
15607001,Thibault,508,Germany,Male,63,8,63140.7,1,1,0,62309.72,0
15607002,Falk,598,Spain,Male,57,9,0.0,2,1,0,135854.18,0
15607003,Marchetti,490,Spain,Female,54,7,121510.8,1,1,1,86454.94,0
15607004,Okonkwo,620,Germany,Male,39,1,8415.31,2,1,1,134639.99,1
15607005,Okafor,573,France,Male,49,2,55792.15,1,1,1,70596.12,0
15607006,Kessler,589,Germany,Female,38,5,136256.95,1,1,0,118716.22,0
15607007,Rousseau,713,France,Male,50,4,0.0,1,0,0,162686.22,1
15607008,Balogh,677,France,Female,34,10,62783.4,2,1,1,127820.89,0
15607009,Reyes,704,Spain,Male,55,2,0.0,2,0,0,63425.32,0
15607010,Winters,638,France,Male,34,6,155746.25,1,1,0,37038.75,1
15607011,Voss,719,Germany,Male,35,8,111523.63,1,1,0,104108.65,1
15607012,Aoki,647,France,Female,34,4,0.0,1,1,0,179839.97,0
15607013,Duarte,603,Spain,Female,40,2,90552.23,2,1,0,145523.92,0
15607014,Aoki,705,France,Female,35,1,0.0,1,0,0,200000.0,0
15607015,Balogh,609,Germany,Male,43,6,0.0,1,0,0,200000.0,1
15607016,Reyes,618,France,Female,34,6,80766.6,1,1,1,94272.4,0
15607017,Odom,753,France,Male,47,8,0.0,1,0,1,136511.95,0
15607018,Iyer,744,France,Female,54,9,94372.07,1,1,0,99813.33,0
15607019,Reyes,621,Spain,Male,39,10,74567.59,2,1,0,68756.94,0
15607020,Iyer,734,Germany,Female,61,2,105661.23,2,0,1,125439.5,0
15607021,Lindqvist,527,Germany,Male,50,4,82091.55,1,1,1,114671.65,1
15607022,Adeyemi,622,France,Male,60,3,134535.73,1,1,0,97291.42,1
15607023,Odom,578,France,Female,38,9,94403.32,1,1,1,79804.85,0
15607024,Reyes,650,France,Male,22,1,31201.47,1,1,1,107852.29,0
15607025,Kowalski,721,Spain,Male,31,7,0.0,1,1,0,78959.53,1
15607026,Adeyemi,703,Spain,Female,32,3,51887.1,1,1,0,92143.15,0
15607027,Laurent,690,France,Male,29,0,208081.51,1,1,1,36581.9,1
15607028,Dubois,663,Spain,Female,18,6,114302.62,1,1,0,53412.36,1
15607029,Schmitt,635,Germany,Female,49,4,145358.38,1,0,1,69124.65,0
15607030,Girard,765,France,Female,20,7,107206.35,2,1,0,111561.26,1
15607031,Fairweather,502,France,Male,48,4,0.0,2,1,1,104665.24,0
15607032,Balogh,586,France,Female,61,2,48953.46,1,1,1,66058.91,0
15607033,Balogh,689,France,Male,31,1,72420.37,1,1,1,71247.08,1
15607034,Thibault,797,France,Male,42,1,0.0,1,0,0,112057.0,0
15607035,Bergstrom,617,Spain,Female,34,4,86116.7,1,1,0,72570.8,0
15607036,Bergstrom,625,France,Female,47,2,74588.13,2,0,0,45170.35,0
15607037,Mendez,526,Spain,Male,26,1,83927.47,1,1,1,139247.18,1
15607038,Winters,598,Germany,Male,37,3,208591.22,2,0,0,21686.54,1
15607039,Whitfield,718,Germany,Female,50,9,214227.97,1,0,1,40237.15,0
15607040,Iyer,802,Spain,Male,38,9,132486.42,1,1,1,164494.07,0
15607041,Reyes,622,France,Female,22,3,0.0,2,1,1,33508.94,0
15607042,Petrov,573,France,Male,51,5,0.0,2,1,1,185962.88,0
15607043,Kessler,657,France,Male,25,2,131624.6,2,0,0,33412.03,0
15607044,Odom,495,Germany,Female,39,4,120786.03,1,1,1,44566.29,0
15607045,Novak,769,Germany,Female,44,6,89469.74,4,1,1,39563.23,1
15607046,Duarte,532,France,Male,40,0,81216.5,1,0,1,24712.09,0
15607047,Weiss,680,France,Female,64,9,0.0,3,0,0,180385.76,0
15607048,Bergstrom,679,Spain,Male,46,9,118956.22,1,1,0,169091.6,1
15607049,Marceau,710,France,Male,36,10,0.0,3,1,1,20006.26,0
15607050,Adeyemi,675,Germany,Male,45,2,99049.79,3,1,1,190578.16,1
15607051,Hallgren,650,France,Male,41,9,65741.1,1,1,0,29673.5,1
15607052,Nakamura,691,France,Female,39,1,38944.85,1,0,0,200000.0,1
15607053,Castellano,730,France,Male,41,9,73592.05,2,1,1,91662.06,0
15607054,Weiss,822,France,Male,34,1,40098.76,1,0,1,65605.91,0
15607055,Iyer,544,France,Male,41,3,169379.44,1,1,1,128823.24,0
15607056,Kowalski,473,Germany,Female,33,10,0.0,4,1,1,49571.48,1
15607057,Duarte,501,France,Female,19,5,0.0,2,0,0,18865.45,0
15607058,Fontaine,476,Spain,Male,50,2,0.0,2,0,1,75063.3,0
15607059,Aoki,535,France,Male,33,4,209453.27,2,0,1,104821.38,0
15607060,Renner,523,France,Female,40,3,0.0,2,0,1,1000.0,1
15607061,Whitfield,610,France,Male,31,10,55297.61,2,0,1,48595.62,0
15607062,Novak,732,France,Female,31,4,0.0,2,0,1,200000.0,0
15607063,Girard,710,France,Female,28,1,0.0,1,1,0,99618.17,1
15607064,Mendez,590,France,Female,48,1,0.0,1,1,0,1000.0,0
15607065,Okonkwo,599,Germany,Male,51,6,140846.26,2,0,0,100198.98,1
15607066,Osei,843,Spain,Male,39,0,0.0,2,1,1,120679.51,0
15607067,Nakamura,707,Germany,Male,33,2,0.0,1,0,1,99089.33,0
15607068,Adeyemi,667,France,Male,21,6,0.0,1,1,1,145235.78,0
15607069,Osei,662,Spain,Male,47,9,50530.84,3,1,1,83466.75,1
15607070,Osei,622,Spain,Female,32,1,74490.48,1,1,1,158523.69,0
15607071,Voss,842,France,Male,27,3,113705.92,2,1,1,99331.22,0
15607072,Nakamura,632,France,Male,39,4,0.0,2,1,0,106746.35,0
15607073,Renner,664,Spain,Male,35,9,0.0,1,1,0,119990.76,0
15607074,Lindqvist,492,Germany,Male,23,8,113768.41,2,0,1,140069.87,0
15607075,Laurent,589,France,Female,24,10,142599.53,2,1,0,120527.91,0
15607076,Fontaine,597,France,Male,42,6,260000.0,1,1,1,57276.4,0
15607077,Renner,697,Germany,Female,32,1,0.0,1,1,1,192159.58,0
15607078,Bergstrom,576,France,Female,44,10,86504.29,1,1,0,55001.17,1
15607079,Iyer,655,Germany,Male,40,8,106618.43,2,0,0,50115.9,1
15607080,Delacroix,592,Germany,Female,49,7,145950.12,1,1,1,1000.0,0
15607081,Whitfield,544,Germany,Male,30,3,238259.4,2,1,1,85366.73,0
15607082,Weiss,540,Germany,Male,41,8,106464.6,2,1,1,71366.52,0
15607083,Castellano,633,France,Female,45,4,139733.83,2,0,1,103905.22,0
15607084,Hallgren,660,Spain,Female,32,3,4044.38,2,1,0,52322.06,0
15607085,Bergstrom,631,Germany,Male,50,3,0.0,2,1,1,194884.99,0
15607086,Voss,570,Spain,Male,22,7,0.0,2,1,0,66258.07,0
15607087,Laurent,637,France,Male,30,6,162955.95,3,1,0,66251.33,1
15607088,Osei,619,France,Male,21,2,86133.94,2,1,0,95894.84,0
15607089,Osei,550,France,Female,31,3,50880.15,1,0,1,121532.85,1
15607090,Bergstrom,658,France,Male,37,2,123484.34,1,1,0,169554.78,0
15607091,Schmitt,824,Spain,Female,47,8,34046.28,1,1,1,130214.16,0
15607092,Voss,636,Germany,Female,37,3,0.0,2,1,0,129199.45,1
15607093,Schmitt,510,Germany,Male,32,8,114749.97,2,1,1,106866.26,0
15607094,Castellano,791,Spain,Female,23,2,3000.0,1,0,1,52892.99,0
15607095,Dubois,771,France,Female,26,4,99214.86,1,0,1,64547.91,0
15607096,Okonkwo,788,France,Male,42,0,191024.48,1,1,1,1000.0,0
15607097,Aoki,646,France,Male,47,0,0.0,2,1,0,81984.79,0
15607098,Laurent,575,France,Female,34,0,77829.57,2,1,0,136792.93,0
15607099,Delacroix,564,France,Female,51,0,141423.02,2,0,1,85076.82,0
15607100,Fairweather,760,France,Male,29,10,152771.49,2,0,0,124877.79,1
15607101,Duarte,804,France,Female,35,3,114897.27,1,0,0,200000.0,0
15607102,Aoki,562,Spain,Female,35,5,0.0,1,1,0,106108.32,1
15607103,Thibault,408,France,Female,54,10,194672.52,2,0,1,133021.92,0
15607104,Sorensen,648,France,Male,40,5,0.0,1,1,0,106699.74,0
15607105,Castellano,563,France,Male,20,4,0.0,2,1,1,52983.32,0
15607106,Delacroix,582,Spain,Female,48,8,118007.52,1,1,1,87732.48,0
15607107,Fontaine,627,Spain,Male,57,8,0.0,1,0,0,37362.91,1
15607108,Voss,689,France,Male,36,1,90067.57,1,1,0,148779.93,1
15607109,Fairweather,575,France,Female,29,10,27939.76,2,1,1,153428.21,0
15607110,Laurent,663,Germany,Male,47,1,111645.66,3,0,0,94674.56,1
15607111,Renner,638,Spain,Female,59,3,141125.72,2,1,1,200000.0,0
15607112,Weiss,429,Spain,Male,47,10,149523.5,1,1,1,86999.25,0
15607113,Marceau,702,Spain,Female,22,6,112556.21,2,1,1,150185.63,0
15607114,Fairweather,607,Germany,Male,46,6,0.0,1,1,1,85773.44,1
15607115,Thibault,529,Germany,Female,43,9,84002.83,1,1,0,125694.78,1
15607116,Bergstrom,580,France,Male,29,4,0.0,1,1,0,19853.73,0
15607117,Whitfield,669,Spain,Male,52,6,52545.4,2,1,0,71538.56,0
15607118,Laurent,654,France,Female,43,6,0.0,2,0,0,103811.95,0
15607119,Abubakar,712,Spain,Female,52,1,71706.7,2,1,1,148890.88,0
15607120,Weiss,692,France,Male,28,3,0.0,2,1,1,102715.36,0
15607121,Hargrove,538,France,Male,43,8,0.0,1,1,0,178573.05,0
15607122,Abubakar,366,Germany,Female,29,3,52614.23,2,1,1,79179.53,0
15607123,Balogh,662,Germany,Female,41,9,0.0,1,1,1,46773.65,0
15607124,Laurent,711,France,Male,54,10,0.0,2,1,1,200000.0,0
15607125,Novak,631,Germany,Female,24,8,63796.75,2,1,1,12782.31,0
15607126,Novak,713,France,Male,25,0,0.0,1,1,0,57753.49,0
15607127,Thibault,554,France,Female,48,8,67162.21,2,1,0,99522.34,1
15607128,Hargrove,617,Germany,Male,38,10,117035.11,1,1,1,83117.2,0
15607129,Odom,562,France,Male,50,8,0.0,1,1,0,107265.4,1
15607130,Okafor,717,France,Female,30,7,0.0,3,1,1,105654.24,0
15607131,Hallgren,563,Spain,Male,39,6,73734.72,1,0,0,200000.0,0
15607132,Petrov,848,France,Female,46,5,103401.71,2,0,1,86267.97,0
15607133,Hallgren,602,France,Male,41,2,93319.06,2,1,0,120702.44,0
15607134,Renner,727,France,Male,20,5,0.0,2,1,0,103006.58,0
15607135,Girard,603,Spain,Female,67,10,0.0,1,0,1,1000.0,1
15607136,Petrov,778,France,Female,41,0,67441.58,2,1,1,30973.82,0
15607137,Kowalski,775,France,Male,25,1,73202.11,2,1,0,1000.0,0
15607138,Fontaine,619,Spain,Female,42,9,0.0,1,0,0,35634.93,0
15607139,Bergstrom,676,France,Male,43,9,82938.28,1,1,1,88513.76,0
15607140,Whitfield,772,France,Female,49,5,69211.67,3,1,1,147848.22,0
15607141,Lindqvist,679,Spain,Male,48,3,112773.95,1,1,1,175423.89,0
15607142,Petrov,562,Germany,Male,36,1,47069.18,1,1,0,200000.0,0
15607143,Kowalski,657,France,Male,21,7,140829.8,1,1,0,103225.31,1
15607144,Adeyemi,578,Germany,Female,43,5,114059.16,1,0,0,99991.56,1
15607145,Reyes,664,Spain,Female,22,8,0.0,1,0,0,14892.58,0
15607146,Renner,574,France,Female,51,3,135343.6,2,0,1,40523.25,0
15607147,Rousseau,686,Germany,Male,31,8,130294.7,1,0,1,144573.11,0
15607148,Lindqvist,478,Spain,Male,45,10,212477.93,2,1,1,200000.0,0
15607149,Petrov,542,Spain,Male,32,1,133721.92,2,1,1,178360.26,0
15607150,Girard,574,Spain,Female,33,8,101261.73,1,0,1,62746.82,0
15607151,Balogh,635,Spain,Male,30,6,68539.37,1,0,1,31608.52,0
15607152,Adeyemi,505,Germany,Female,46,4,0.0,1,1,1,1000.0,0
15607153,Balogh,565,Spain,Male,32,2,61581.41,2,0,1,93406.4,0
15607154,Dubois,725,Germany,Female,46,1,55022.7,1,0,0,200000.0,1
15607155,Hallgren,736,Spain,Male,32,1,55246.37,2,1,1,68509.22,0
15607156,Girard,407,Germany,Female,36,2,0.0,2,1,1,61489.22,0
15607157,Castellano,594,Germany,Female,39,5,114171.38,3,1,1,83369.46,0
15607158,Duarte,772,France,Female,40,5,0.0,2,1,0,81935.45,1
15607159,Osei,687,France,Female,29,10,138268.78,1,1,0,102469.31,1
15607160,Abubakar,689,Spain,Female,46,8,0.0,1,1,1,1000.0,0
15607161,Okonkwo,704,France,Female,36,10,68410.9,1,1,0,40976.06,0
15607162,Balogh,558,Spain,Male,44,8,119677.1,1,1,0,75331.54,0
15607163,Iyer,671,Germany,Male,38,6,63791.14,1,1,0,113319.4,1
15607164,Iyer,695,Germany,Female,44,8,0.0,1,1,1,64995.59,0
15607165,Novak,660,France,Female,34,8,35507.69,1,1,1,109923.77,0
15607166,Novak,612,Spain,Male,30,8,0.0,1,1,1,61684.21,0
15607167,Rousseau,645,France,Male,43,2,0.0,1,1,1,146158.09,1
15607168,Fairweather,541,Spain,Female,33,7,106202.06,1,1,1,116284.35,0
15607169,Reyes,709,France,Male,53,2,0.0,2,0,0,108812.75,1
15607170,Voss,512,Spain,Female,39,3,127110.26,3,0,1,144628.01,0
15607171,Winters,572,Spain,Female,24,7,112017.13,2,1,1,131525.33,0
15607172,Voss,715,Spain,Male,33,5,179400.8,2,1,0,65482.65,1
15607173,Novak,678,Spain,Male,28,8,0.0,2,1,1,51838.58,0
15607174,Okafor,604,France,Male,49,7,75504.02,1,1,1,175913.26,0
15607175,Renner,486,France,Male,46,8,0.0,1,0,1,200000.0,0
15607176,Osei,646,France,Female,38,1,200647.62,1,1,0,166278.9,1
15607177,Duarte,590,Germany,Female,41,1,200832.77,1,1,1,164810.99,0
15607178,Castellano,696,Germany,Female,38,2,160836.66,1,1,0,40252.3,0
15607179,Renner,600,France,Male,47,3,0.0,2,1,0,90021.48,0
15607180,Adeyemi,482,France,Female,44,9,0.0,1,0,1,82567.94,0
15607181,Mendez,517,France,Male,46,0,0.0,2,1,1,80547.3,0
15607182,Fairweather,609,Spain,Female,37,5,0.0,1,1,0,53150.2,1
15607183,Mendez,660,France,Male,32,8,0.0,2,1,1,119314.74,0
15607184,Mendez,538,France,Female,45,3,118520.56,1,1,0,119995.36,1
15607185,Abubakar,577,France,Female,54,3,0.0,2,1,0,47135.75,0
15607186,Girard,726,France,Male,50,2,0.0,1,1,0,57120.74,0
15607187,Reyes,757,France,Female,55,4,26719.07,2,1,1,111114.38,0
15607188,Fairweather,677,France,Male,40,6,140224.56,1,1,0,97845.06,0
15607189,Lindqvist,623,Spain,Male,29,6,0.0,2,1,1,65057.52,0
15607190,Sorensen,590,Spain,Female,30,9,87040.67,2,1,0,88037.15,0
15607191,Kowalski,702,France,Male,53,0,0.0,2,1,0,24238.48,0
15607192,Sorensen,620,Spain,Male,20,3,172423.32,1,0,0,138040.0,0
15607193,Novak,738,France,Male,54,3,117675.01,2,1,0,77023.8,0
15607194,Abubakar,743,Germany,Male,30,4,174718.2,1,1,0,75044.44,0
15607195,Abubakar,689,Germany,Female,58,8,0.0,1,0,1,127270.58,1
15607196,Weiss,602,France,Female,38,1,144629.13,1,1,1,160074.13,1
15607197,Lindqvist,610,Germany,Male,46,3,202758.94,2,1,1,100092.2,0
15607198,Sorensen,492,Spain,Male,63,0,59503.86,1,0,1,63895.24,0
15607199,Renner,645,Spain,Female,35,6,95961.93,2,1,1,122950.18,0
15607200,Abubakar,642,France,Female,35,10,0.0,1,1,1,103318.62,0
15607201,Hallgren,518,France,Male,31,10,149476.48,2,1,1,117924.64,0
15607202,Marchetti,850,France,Female,28,0,0.0,1,1,0,146486.47,0
15607203,Delacroix,703,Germany,Male,35,1,0.0,4,1,1,89818.61,1
15607204,Marceau,569,Spain,Male,33,6,0.0,1,0,0,158733.06,1
15607205,Fairweather,847,France,Female,26,2,114824.0,2,0,0,66735.4,0
15607206,Whitfield,602,Spain,Female,36,2,83617.61,3,0,0,60531.62,0
15607207,Odom,730,France,Male,43,7,183383.5,2,1,0,151472.99,0
15607208,Marceau,658,France,Female,29,3,0.0,1,1,1,125356.52,0
15607209,Kowalski,606,Spain,Female,37,6,93188.94,3,1,0,90836.36,1
15607210,Osei,618,Spain,Female,53,0,84882.22,1,1,1,99081.16,0
15607211,Hallgren,788,Germany,Female,24,10,217110.37,2,0,0,82824.36,0
15607212,Balogh,734,Spain,Male,58,0,62305.56,2,0,0,88449.93,0
15607213,Rousseau,638,Spain,Female,32,0,168291.44,1,1,0,29149.54,0
15607214,Marchetti,453,Germany,Male,41,4,0.0,2,0,0,55448.72,0
15607215,Novak,679,France,Male,52,9,80863.33,1,0,1,91121.36,0
15607216,Balogh,530,Spain,Male,55,7,107902.89,2,1,1,9811.24,0
15607217,Hallgren,702,Spain,Female,43,5,135271.24,1,1,1,1000.0,0
15607218,Duarte,581,France,Male,31,3,29763.33,2,1,0,7202.22,0
15607219,Delacroix,591,France,Male,31,2,84778.3,2,0,1,167657.19,0
15607220,Kowalski,589,France,Female,33,7,163454.5,1,1,0,200000.0,1
15607221,Voss,748,France,Male,58,5,163227.83,1,1,0,115918.14,0
15607222,Laurent,480,Spain,Male,35,6,97483.56,1,0,1,89801.81,0
15607223,Iyer,721,France,Male,42,4,0.0,1,1,1,165907.2,0
15607224,Osei,683,Spain,Female,28,3,122776.53,1,1,1,36847.13,0
15607225,Duarte,643,France,Male,27,1,0.0,2,1,0,117508.6,0
15607226,Delacroix,607,France,Male,39,3,121077.68,2,1,0,117872.62,0
15607227,Castellano,697,France,Female,35,2,0.0,1,1,1,85271.81,0
15607228,Aoki,608,France,Female,36,5,98511.96,3,1,0,1000.0,0
15607229,Thibault,607,Germany,Female,23,3,46101.39,1,1,1,163789.41,0
15607230,Kessler,656,France,Male,38,8,82260.36,2,1,1,66993.49,0
15607231,Bergstrom,815,France,Female,54,6,112076.74,2,1,0,59518.39,0
15607232,Okafor,505,France,Female,30,3,76827.78,1,1,0,13067.72,1
15607233,Kessler,698,France,Female,48,0,86020.1,1,0,1,133950.53,0
15607234,Abubakar,636,Spain,Male,18,1,160085.75,1,1,1,121091.21,0
15607235,Iyer,629,Germany,Male,30,0,71383.1,1,1,1,131073.43,1
15607236,Hargrove,503,France,Female,19,3,45344.41,3,0,1,73592.14,0
15607237,Mendez,481,Spain,Male,51,3,152498.3,1,1,1,82467.64,0
15607238,Abubakar,683,France,Male,47,0,144269.6,2,1,0,59709.12,1
15607239,Thibault,528,Germany,Male,28,7,60140.8,2,1,1,113531.84,0
15607240,Laurent,748,Spain,Male,41,5,147371.66,2,0,1,99089.63,0
15607241,Falk,552,France,Female,51,10,55469.92,1,0,1,81548.01,0
15607242,Delacroix,703,Spain,Male,52,9,75823.52,2,0,0,28605.51,1
15607243,Iyer,595,Germany,Female,34,0,0.0,1,0,0,81351.42,1
15607244,Novak,590,France,Female,18,7,89079.98,1,1,1,14558.92,1
15607245,Castellano,562,Germany,Male,29,10,0.0,2,1,1,63503.39,0
15607246,Whitfield,692,Germany,Male,46,8,0.0,1,0,0,52301.29,1
15607247,Winters,719,France,Male,60,7,71313.71,3,1,1,86075.4,0
15607248,Okafor,620,Germany,Male,38,1,121472.53,1,1,0,115069.69,0
15607249,Schmitt,707,Spain,Female,32,9,131104.88,1,1,0,90425.16,1
15607250,Abubakar,651,Spain,Female,63,9,0.0,2,1,0,65269.63,0
15607251,Nakamura,522,Spain,Female,43,5,0.0,2,1,0,84421.13,0
15607252,Nakamura,686,Germany,Female,26,10,0.0,3,1,1,108447.58,0
15607253,Abubakar,621,Spain,Male,37,5,115240.22,2,1,1,124196.6,0
15607254,Marchetti,399,Spain,Female,49,5,71256.76,2,1,1,177122.54,0
15607255,Kessler,612,France,Male,38,8,120090.86,1,0,0,200000.0,0
15607256,Rousseau,487,France,Male,47,7,172780.44,2,1,1,183420.47,0
15607257,Thibault,532,Germany,Male,22,6,175391.41,2,1,1,99509.11,0
15607258,Iyer,626,Spain,Male,24,8,3000.0,1,0,1,46266.79,0
15607259,Lindqvist,643,France,Female,31,9,143446.56,3,1,0,78764.02,1
15607260,Schmitt,570,Germany,Female,36,7,87288.94,1,0,1,111475.86,0
15607261,Aoki,701,Germany,Male,42,9,0.0,2,0,1,75666.63,0
15607262,Odom,639,Spain,Male,45,4,0.0,2,1,1,81010.86,0
15607263,Marceau,609,France,Female,64,5,90492.37,1,0,1,137093.4,0
15607264,Schmitt,654,Spain,Female,31,7,31792.48,1,0,1,88469.38,1
15607265,Iyer,766,France,Female,35,6,90367.9,2,1,1,118279.67,0
15607266,Mendez,444,France,Male,31,1,0.0,4,0,1,87027.96,0
15607267,Novak,775,Spain,Male,50,5,134252.31,1,1,1,1000.0,1
15607268,Abubakar,591,Germany,Female,50,1,219295.77,2,0,1,1000.0,0
15607269,Abubakar,575,France,Female,34,7,86248.16,1,1,0,121712.56,0
15607270,Bergstrom,611,Germany,Male,60,8,0.0,1,1,0,94788.54,1
15607271,Thibault,565,Germany,Male,31,7,0.0,1,1,0,108038.91,0
15607272,Renner,550,France,Male,49,9,26184.08,2,1,0,115848.15,0
15607273,Delacroix,731,France,Female,53,7,0.0,1,1,1,112445.41,0
15607274,Balogh,665,Spain,Male,25,4,137143.69,1,1,0,97018.45,1
15607275,Okafor,466,Germany,Female,44,0,3000.0,1,1,0,173458.4,0
15607276,Rousseau,715,France,Female,18,0,57485.35,1,1,1,112149.16,0
15607277,Abubakar,701,Spain,Male,47,10,43737.2,4,1,1,113711.19,0
15607278,Girard,507,Spain,Male,27,8,0.0,2,0,0,70283.96,0
15607279,Voss,667,Spain,Male,44,3,79876.44,3,1,0,33431.05,0
15607280,Lindqvist,710,Spain,Male,46,10,98981.57,2,1,1,200000.0,0
15607281,Nakamura,496,France,Female,50,2,0.0,1,1,0,147054.71,0
15607282,Girard,677,France,Female,48,8,0.0,2,1,0,114234.0,0
15607283,Lindqvist,585,France,Male,39,2,72494.52,1,1,1,86451.06,0
15607284,Schmitt,702,Germany,Female,35,7,101092.97,1,1,1,135695.55,0
15607285,Adeyemi,560,Germany,Male,38,0,0.0,1,1,0,70770.28,0
15607286,Lindqvist,750,Germany,Female,27,7,185509.93,1,1,1,140300.76,0
15607287,Abubakar,627,France,Female,36,5,146584.21,2,1,1,185893.17,0
15607288,Mendez,591,Spain,Male,36,6,0.0,1,0,1,95410.88,0
15607289,Hallgren,581,France,Male,30,0,0.0,1,1,0,189061.45,1
15607290,Schmitt,734,France,Female,21,4,156003.7,2,1,1,84755.23,1
15607291,Hallgren,581,France,Male,25,1,115406.47,2,0,1,1000.0,0
15607292,Rousseau,752,Germany,Female,18,6,161286.99,1,1,1,147252.31,0
15607293,Renner,670,France,Male,35,0,172127.88,1,1,1,94187.13,1
15607294,Laurent,517,Spain,Male,42,9,0.0,2,0,1,147591.18,0
15607295,Kowalski,652,Germany,Female,18,1,0.0,2,1,1,35559.32,0
15607296,Girard,654,Spain,Male,41,5,0.0,1,0,0,72056.19,1
15607297,Dubois,514,France,Male,37,10,71224.92,2,1,0,177235.22,0
15607298,Delacroix,651,Germany,Male,26,4,0.0,2,0,1,116973.92,0
15607299,Kowalski,702,Spain,Male,34,5,60099.28,2,0,0,186080.23,1
15607300,Aoki,758,France,Male,49,10,160701.76,1,0,1,63930.88,0
15607301,Whitfield,754,Spain,Male,29,0,74028.6,3,1,1,200000.0,1
15607302,Marchetti,850,Germany,Male,39,6,0.0,2,0,0,200000.0,0
15607303,Voss,650,France,Male,42,6,0.0,1,0,0,143375.17,1
15607304,Reyes,703,Spain,Female,30,7,41186.62,2,1,0,108823.79,1
15607305,Schmitt,592,France,Female,49,6,0.0,2,1,1,124944.6,0
15607306,Sorensen,831,France,Male,43,5,176255.73,1,0,1,160061.4,0
15607307,Petrov,564,Germany,Female,36,6,104827.96,2,1,1,114500.93,0
15607308,Dubois,827,France,Female,63,3,74022.61,2,1,1,80074.57,0
15607309,Hallgren,814,France,Female,49,3,100299.85,1,0,1,40967.52,0
15607310,Hargrove,575,France,Female,21,10,0.0,2,1,1,1000.0,0
15607311,Castellano,749,France,Male,35,7,0.0,1,1,1,83046.45,0
15607312,Fontaine,694,France,Male,64,7,96414.35,1,1,1,1000.0,0
15607313,Abubakar,610,Spain,Female,28,1,0.0,1,0,1,91252.85,0
15607314,Falk,637,France,Male,39,4,0.0,1,1,1,189794.82,1
15607315,Nakamura,675,France,Female,51,2,101295.32,1,1,0,95928.36,1
15607316,Renner,685,Germany,Female,45,10,0.0,1,1,0,45758.42,0
15607317,Okafor,793,Germany,Male,47,10,117212.44,1,1,0,70550.65,1
15607318,Sorensen,705,France,Male,46,3,0.0,2,1,1,53160.04,0
15607319,Dubois,576,France,Female,39,4,97893.34,1,0,1,197829.34,0
15607320,Whitfield,721,France,Male,30,7,0.0,1,1,1,62241.64,0
15607321,Fontaine,482,France,Female,43,1,106692.95,1,1,0,1000.0,1
15607322,Lindqvist,613,France,Female,34,6,0.0,2,1,0,200000.0,0
15607323,Castellano,622,Germany,Male,34,2,0.0,1,1,0,89047.29,1
15607324,Osei,713,Spain,Male,54,5,60932.24,2,1,0,49413.05,0
15607325,Winters,820,France,Female,35,7,151008.71,1,0,0,100514.26,1
15607326,Hargrove,671,Germany,Female,56,8,137633.42,2,0,1,86392.82,0
15607327,Renner,615,France,Male,41,1,33246.78,3,0,1,126986.81,0
15607328,Thibault,583,France,Male,37,3,138128.94,2,1,0,90641.06,0
15607329,Marchetti,730,France,Male,20,3,154019.27,2,1,0,1000.0,0
15607330,Bergstrom,631,France,Male,60,7,124621.85,1,1,1,89684.76,0
15607331,Kessler,602,Germany,Male,38,3,29296.03,1,1,0,150953.4,1
15607332,Castellano,741,France,Male,18,5,0.0,1,1,1,69084.46,0
15607333,Sorensen,762,Spain,Female,49,2,109649.76,2,0,1,141852.81,0
15607334,Abubakar,558,France,Male,38,3,206117.53,2,0,1,154290.8,0
15607335,Renner,506,Germany,Female,29,5,0.0,1,0,0,167804.75,0
15607336,Girard,641,Spain,Female,48,2,0.0,2,1,0,40390.18,0
15607337,Odom,541,France,Female,18,1,0.0,2,0,0,46342.18,0
15607338,Mendez,527,France,Female,31,1,196997.08,4,1,1,101270.78,1
15607339,Osei,550,Germany,Male,35,5,114073.98,4,1,1,1000.0,0
15607340,Girard,750,Spain,Female,47,1,51367.73,1,1,1,37889.31,0
15607341,Petrov,712,France,Male,61,0,71222.61,2,1,1,117115.35,0
15607342,Osei,850,Germany,Male,36,9,67185.73,1,1,0,1000.0,0
15607343,Balogh,588,France,Female,43,10,117816.98,2,1,0,1000.0,1
15607344,Duarte,778,France,Male,67,5,77183.98,1,1,1,129312.17,1
15607345,Castellano,697,Spain,Male,39,6,0.0,1,1,0,6779.58,0
15607346,Fairweather,597,France,Female,43,1,209315.01,2,1,0,200000.0,0
15607347,Marceau,636,France,Male,26,0,82680.7,2,1,1,41368.78,0
15607348,Hargrove,596,France,Male,58,0,120822.73,2,1,0,37680.93,0
15607349,Fairweather,675,France,Male,31,2,98351.62,2,1,0,18363.02,0
15607350,Hargrove,745,France,Male,41,1,109540.34,1,1,0,97817.87,0
15607351,Thibault,615,France,Female,41,8,0.0,1,1,1,87334.35,0
15607352,Falk,731,Germany,Male,39,8,3000.0,1,1,0,121169.77,0
15607353,Aoki,772,Spain,Male,34,8,119515.56,1,1,0,84502.88,0
15607354,Kowalski,793,France,Female,41,3,93191.78,2,1,0,151810.81,1
15607355,Hargrove,537,France,Female,56,4,120776.2,1,1,0,85442.33,1
15607356,Fairweather,645,Spain,Female,62,3,0.0,1,1,0,77236.31,1
15607357,Weiss,718,France,Male,37,1,102280.01,1,1,0,111865.87,1
15607358,Kowalski,546,France,Female,34,5,126777.65,2,1,1,1000.0,0
15607359,Nakamura,524,Spain,Female,30,5,84490.37,2,1,0,34234.35,0
15607360,Adeyemi,647,France,Female,66,2,210354.59,1,1,0,196634.67,1
15607361,Bergstrom,610,Germany,Male,40,3,63896.05,1,1,0,1000.0,1
15607362,Dubois,633,Germany,Male,50,5,183957.36,1,1,1,149441.27,0
15607363,Castellano,605,Germany,Male,46,1,49937.57,3,1,0,1000.0,1
15607364,Fairweather,850,France,Female,61,6,98820.98,2,0,0,5946.23,1
15607365,Renner,606,France,Male,36,3,127538.24,1,0,0,53356.35,1
15607366,Adeyemi,706,France,Female,27,7,0.0,1,0,0,122905.99,0
15607367,Thibault,700,Germany,Male,57,8,0.0,2,0,1,89743.48,0
15607368,Kowalski,488,Germany,Female,48,4,0.0,1,1,1,120804.26,0
15607369,Mendez,791,Germany,Male,43,3,156788.81,2,0,0,67317.63,0
15607370,Okonkwo,710,France,Male,54,5,116098.17,2,1,0,88670.95,0
15607371,Aoki,665,Germany,Male,44,0,206737.32,2,1,0,99962.08,1
15607372,Castellano,752,Spain,Female,55,2,0.0,2,0,1,152569.45,0
15607373,Novak,645,Germany,Male,41,1,89134.17,2,1,1,197619.31,0
15607374,Nakamura,735,Spain,Male,48,3,3000.0,2,1,0,36252.99,0
15607375,Sorensen,470,France,Female,44,6,0.0,1,1,0,88851.39,1
15607376,Whitfield,728,France,Female,35,2,98731.91,2,1,0,74943.24,0
15607377,Reyes,668,Germany,Female,36,5,33753.55,2,0,1,116033.96,0
15607378,Delacroix,669,France,Female,34,7,102369.23,2,1,1,179159.84,0
15607379,Hargrove,569,France,Male,41,7,123165.85,1,1,1,104039.14,0
15607380,Winters,629,France,Female,34,5,97368.12,3,1,1,66046.11,0
15607381,Castellano,626,France,Male,43,6,0.0,1,1,1,157982.05,0
15607382,Falk,541,Germany,Female,43,4,0.0,1,0,0,84849.15,1
15607383,Mendez,684,France,Female,41,5,0.0,2,1,1,90267.24,0
15607384,Abubakar,801,France,Male,41,8,105111.95,2,1,0,133680.34,0
15607385,Balogh,514,Germany,Male,33,5,0.0,1,1,0,23136.3,1
15607386,Kessler,697,Spain,Female,36,3,111837.54,1,1,0,19465.88,0
15607387,Marchetti,610,France,Female,21,10,88074.06,1,1,1,41589.57,0
15607388,Okonkwo,599,France,Female,37,10,0.0,2,1,1,82998.12,0
15607389,Dubois,657,France,Female,28,9,140468.33,1,0,1,158979.08,0
15607390,Schmitt,659,France,Female,40,9,183019.77,2,1,1,60949.85,0
15607391,Petrov,668,France,Male,31,4,122423.69,3,1,0,69810.64,0
15607392,Kessler,541,France,Female,18,10,174293.26,3,1,0,109803.56,1
15607393,Nakamura,755,Spain,Male,61,7,61964.65,1,0,0,45965.78,0
15607394,Thibault,658,Germany,Female,36,9,0.0,2,1,0,72458.23,1
15607395,Rousseau,707,Germany,Female,53,0,68538.69,1,1,1,97574.51,0
15607396,Marchetti,767,France,Male,33,1,90018.62,2,0,0,132533.43,0
15607397,Dubois,466,France,Female,56,0,114081.51,2,0,1,154160.21,0
15607398,Dubois,711,Germany,Female,27,10,0.0,2,1,1,90752.87,0
15607399,Winters,634,Germany,Male,40,3,38892.49,2,1,1,82871.65,0
15607400,Girard,748,Spain,Female,27,0,161184.14,2,0,1,87666.27,0
15607401,Laurent,573,France,Female,65,8,27969.86,4,1,1,111732.27,1
15607402,Laurent,740,France,Male,36,8,0.0,3,0,1,184412.38,0
15607403,Abubakar,549,Spain,Male,47,10,0.0,1,0,1,200000.0,0
15607404,Fairweather,689,Spain,Male,43,6,140325.47,2,1,0,200000.0,0
15607405,Novak,677,France,Female,38,7,143253.64,3,1,0,161294.49,0
15607406,Abubakar,635,Germany,Male,44,6,56718.4,2,1,1,41226.03,0
15607407,Rousseau,551,Spain,Male,52,7,0.0,2,0,1,112506.16,0
15607408,Abubakar,615,Spain,Female,45,5,120582.37,2,0,0,78987.55,1
15607409,Marchetti,739,France,Female,40,0,143563.28,1,0,0,92130.15,0
15607410,Petrov,793,Germany,Female,44,1,0.0,1,0,1,200000.0,0
15607411,Aoki,838,Spain,Female,58,10,152684.24,1,1,0,176396.91,1
15607412,Weiss,701,France,Male,34,0,68581.39,2,0,0,148706.0,0
15607413,Fontaine,674,Spain,Male,20,0,105198.92,3,1,1,200000.0,0
15607414,Castellano,693,Spain,Female,27,8,70798.67,1,1,0,147515.71,1
15607415,Bergstrom,835,Germany,Male,28,10,83208.6,2,1,1,185520.75,0
15607416,Okonkwo,700,France,Male,30,4,0.0,2,1,1,131965.99,0
15607417,Weiss,658,Germany,Female,30,1,142254.39,1,0,1,111398.57,0
15607418,Mendez,624,France,Male,38,6,141101.71,1,1,1,200000.0,0
15607419,Okonkwo,635,France,Male,41,0,0.0,1,1,1,54952.81,0
15607420,Falk,687,France,Female,41,3,134031.49,2,0,0,7296.24,0
15607421,Thibault,578,France,Female,31,6,89263.79,2,0,1,44736.01,0
15607422,Petrov,590,France,Male,49,9,179556.96,1,1,1,73731.59,0
15607423,Adeyemi,644,France,Male,44,1,145402.21,4,1,1,152708.72,0
15607424,Nakamura,607,Spain,Female,55,6,0.0,1,1,1,172347.11,0
15607425,Kessler,707,France,Female,47,0,0.0,2,1,0,54880.58,0
15607426,Kowalski,715,Germany,Male,35,5,0.0,1,1,0,65069.93,0
15607427,Osei,675,France,Male,52,7,117978.68,1,1,1,74643.57,0
15607428,Renner,697,Spain,Female,41,0,0.0,2,0,1,102729.04,0
15607429,Kessler,661,Germany,Male,47,8,0.0,1,0,0,100324.14,1
15607430,Whitfield,350,Germany,Male,46,10,0.0,2,1,0,121053.7,1
15607431,Winters,566,Spain,Male,37,3,82556.95,1,1,0,45834.76,0
15607432,Kessler,718,Spain,Male,40,8,89373.99,1,0,0,38409.69,1
15607433,Delacroix,569,France,Male,37,5,113005.42,2,1,0,50131.32,0
15607434,Novak,732,France,Male,30,10,149001.59,2,1,0,102537.29,0
15607435,Castellano,738,France,Female,18,6,153780.2,2,0,1,29878.4,0
15607436,Osei,625,France,Male,31,8,0.0,3,0,0,48198.46,1
15607437,Renner,593,France,Male,41,1,108807.21,2,1,1,129487.77,0
15607438,Duarte,651,France,Male,50,2,0.0,1,1,0,184518.85,0
15607439,Iyer,646,Germany,Female,47,4,0.0,2,1,0,122354.39,1
15607440,Abubakar,710,Germany,Male,36,9,58461.58,1,0,0,37474.84,0
15607441,Osei,425,Germany,Male,32,7,0.0,1,1,1,139809.75,0
15607442,Odom,580,Spain,Female,37,2,129893.1,2,0,1,67082.78,0
15607443,Castellano,553,France,Female,29,9,109692.09,2,1,1,180687.18,0
15607444,Weiss,408,France,Female,18,6,138212.66,2,1,1,124778.53,1
15607445,Osei,602,Spain,Male,23,4,0.0,1,1,0,51181.76,0
15607446,Delacroix,506,Spain,Male,53,4,100301.92,2,1,1,106932.24,0
15607447,Reyes,613,France,Male,57,7,232012.27,1,1,0,19444.36,1
15607448,Petrov,603,France,Female,46,9,98840.16,1,1,0,109998.62,1
15607449,Balogh,694,France,Male,38,5,0.0,2,0,1,84723.92,0
15607450,Sorensen,626,France,Male,24,9,46713.99,1,0,1,200000.0,0
15607451,Weiss,488,France,Male,37,7,118163.68,2,1,1,112056.6,1
15607452,Marceau,683,France,Female,45,0,0.0,1,0,1,103451.0,0
15607453,Castellano,850,Spain,Male,47,8,0.0,2,1,0,1000.0,0
15607454,Thibault,753,Germany,Male,46,6,84120.11,1,0,1,136369.33,0
15607455,Girard,715,Spain,Female,51,5,110454.97,1,0,1,167207.61,0
15607456,Adeyemi,631,Spain,Female,58,6,70825.54,2,0,0,167611.24,0
15607457,Odom,603,Germany,Female,34,0,67817.57,1,1,1,92882.73,0
15607458,Reyes,596,France,Female,67,9,0.0,2,1,0,64600.61,0
15607459,Schmitt,673,Spain,Male,18,9,0.0,2,1,1,171456.58,0
15607460,Hargrove,541,France,Female,31,10,164881.06,1,0,1,95010.86,0
15607461,Kessler,671,Spain,Male,41,6,83046.75,1,0,1,97920.97,0
15607462,Girard,586,France,Female,44,2,82210.43,1,0,1,80953.26,0
15607463,Laurent,485,Germany,Male,37,6,176255.8,1,1,1,1000.0,0
15607464,Kowalski,585,Germany,Female,33,3,191694.96,1,0,0,52790.99,0
15607465,Girard,770,France,Female,61,5,107792.31,3,1,0,105646.22,1
15607466,Whitfield,663,France,Male,33,8,135284.93,1,1,1,134478.25,0
15607467,Mendez,350,France,Male,28,1,195478.79,1,1,1,98220.33,0
15607468,Balogh,585,Germany,Female,56,5,0.0,1,0,0,130986.4,0
15607469,Mendez,737,Spain,Male,47,5,0.0,2,1,0,1508.81,1
15607470,Laurent,621,France,Female,50,10,149665.82,1,1,1,45111.94,0
15607471,Balogh,700,Germany,Male,40,5,118644.09,2,0,0,200000.0,1
15607472,Reyes,612,France,Female,24,3,37993.03,2,1,1,140644.8,0
15607473,Okonkwo,668,France,Female,39,4,129325.82,4,1,1,177871.87,0
15607474,Iyer,653,France,Male,23,3,180559.31,1,0,1,84378.16,0
15607475,Rousseau,588,Spain,Female,41,1,74342.34,2,1,1,159286.58,0
15607476,Weiss,705,France,Female,45,7,0.0,1,0,1,157042.83,0
15607477,Nakamura,797,France,Female,49,8,0.0,1,1,0,200000.0,1
15607478,Renner,687,France,Female,38,2,24185.74,2,1,1,125622.17,0
15607479,Weiss,660,Germany,Female,46,5,33395.71,2,1,1,39857.05,0
15607480,Falk,569,Spain,Male,29,8,0.0,1,1,0,56076.59,1
15607481,Okonkwo,740,Germany,Male,48,7,0.0,2,0,0,117510.14,1
15607482,Okafor,601,Spain,Male,45,0,164868.51,2,1,1,1000.0,0
15607483,Balogh,704,Germany,Female,30,0,118915.12,1,0,1,123751.98,0
15607484,Voss,723,France,Female,44,0,214834.28,1,1,1,132329.06,0
15607485,Nakamura,745,Germany,Male,50,5,0.0,2,1,0,185184.29,1
15607486,Whitfield,747,France,Male,39,10,215071.89,2,1,0,1000.0,0
15607487,Okafor,743,France,Male,30,0,79800.68,1,1,1,36163.45,0
15607488,Iyer,529,France,Female,40,7,0.0,1,1,1,106674.71,0
15607489,Petrov,568,France,Female,44,8,0.0,2,1,0,97507.73,0
15607490,Delacroix,518,Germany,Female,30,10,0.0,1,1,0,101168.7,0
15607491,Laurent,512,Germany,Female,28,6,183729.31,2,1,1,156068.71,0
15607492,Rousseau,796,Germany,Female,44,10,109973.63,1,1,1,119925.39,0
15607493,Castellano,555,France,Male,47,4,0.0,1,0,0,188292.56,1
15607494,Osei,542,Germany,Male,60,2,0.0,1,1,1,169213.17,0
15607495,Aoki,645,Spain,Male,45,10,119177.83,1,0,0,61284.2,0
15607496,Delacroix,578,France,Female,26,5,119241.37,1,1,0,117339.21,0
15607497,Duarte,850,Spain,Female,59,3,178653.09,1,0,1,132764.63,0
15607498,Winters,624,Spain,Male,49,7,0.0,2,0,1,200000.0,0
15607499,Okonkwo,693,France,Male,18,4,101664.38,1,0,0,113422.88,0
15607500,Voss,575,Spain,Male,28,8,0.0,3,1,0,133906.35,1
15607501,Okonkwo,490,Spain,Female,33,8,0.0,2,1,1,73438.14,0
15607502,Voss,580,France,Male,47,0,89664.21,1,1,1,131718.1,0
15607503,Winters,581,France,Female,18,5,0.0,2,1,0,38749.82,0
15607504,Lindqvist,580,Spain,Male,37,9,70794.93,1,0,1,62682.79,0
15607505,Novak,496,Spain,Female,46,7,0.0,1,1,0,173290.46,0
15607506,Fontaine,663,Germany,Female,18,7,193830.7,1,1,1,149872.89,0
15607507,Osei,618,Germany,Male,46,10,0.0,2,0,0,178658.76,0
15607508,Whitfield,502,Spain,Female,47,3,140781.26,1,1,0,200000.0,1
15607509,Hallgren,660,Spain,Male,30,7,0.0,1,0,1,154693.02,0
15607510,Novak,723,Spain,Female,27,0,140001.38,2,1,0,114716.2,0
15607511,Sorensen,765,Spain,Male,30,1,116771.62,2,0,0,68452.15,0
15607512,Winters,418,France,Female,18,7,249592.93,1,0,0,69544.59,0
15607513,Marceau,580,Spain,Male,35,2,76082.78,2,0,0,101516.11,1
15607514,Voss,518,Spain,Female,41,8,92650.04,2,1,0,97190.69,0
15607515,Novak,587,Spain,Male,26,9,0.0,1,1,0,150418.22,0
15607516,Iyer,783,Germany,Female,48,9,0.0,1,1,0,49828.03,1
15607517,Duarte,580,Spain,Male,40,0,212589.51,2,1,1,68109.8,1
15607518,Aoki,604,France,Male,41,3,111917.58,2,1,1,121084.73,0
15607519,Whitfield,570,France,Female,34,5,0.0,1,1,1,15478.98,0
15607520,Bergstrom,806,France,Male,46,0,0.0,1,1,0,184613.53,1
15607521,Schmitt,429,France,Male,52,9,107866.45,1,1,0,150003.56,0
15607522,Okonkwo,597,France,Female,34,10,0.0,3,1,0,112139.24,1
15607523,Adeyemi,567,France,Male,46,8,133420.86,1,1,0,41502.2,0
15607524,Voss,485,France,Female,46,3,161432.02,1,1,1,92242.22,0
15607525,Aoki,756,France,Male,43,1,97344.5,1,1,1,141287.04,0
15607526,Hargrove,477,Germany,Female,56,9,0.0,1,1,0,64080.61,0
15607527,Lindqvist,606,Germany,Female,31,8,94841.11,3,1,1,5803.39,1
15607528,Okonkwo,642,France,Male,34,10,0.0,2,1,1,127083.96,0
15607529,Okonkwo,578,France,Male,31,4,0.0,1,1,1,118323.12,0
15607530,Winters,484,France,Female,46,1,216835.06,2,1,1,72257.9,0
15607531,Schmitt,634,France,Female,36,9,120749.38,1,0,1,200000.0,0
15607532,Renner,577,France,Male,31,1,205164.31,2,1,0,52968.46,0
15607533,Thibault,728,France,Male,55,6,0.0,1,1,1,180209.69,0
15607534,Weiss,700,France,Male,57,5,0.0,2,1,0,138819.14,1
15607535,Laurent,837,Germany,Female,35,6,117945.13,2,0,0,121274.24,1
15607536,Weiss,661,Spain,Female,25,4,0.0,1,1,1,200000.0,0
15607537,Weiss,707,Germany,Male,58,0,0.0,2,1,1,167038.37,0
15607538,Laurent,616,France,Male,43,6,0.0,1,0,1,62176.96,0
15607539,Fairweather,814,France,Female,43,2,0.0,2,0,1,67785.13,0
15607540,Whitfield,651,Germany,Female,40,1,95241.61,3,0,1,56561.87,1
15607541,Marceau,640,France,Male,30,4,0.0,1,0,1,118452.23,0
15607542,Nakamura,702,Spain,Male,34,3,0.0,3,1,0,60032.65,0
15607543,Hargrove,588,Germany,Male,45,7,0.0,2,0,1,1000.0,0
15607544,Marceau,602,Spain,Female,34,3,90942.04,2,1,1,73004.53,0
15607545,Abubakar,702,France,Male,43,5,0.0,1,1,0,153893.99,1
15607546,Nakamura,720,Spain,Male,39,5,0.0,1,1,0,179222.43,0
15607547,Petrov,707,France,Female,28,9,0.0,1,1,1,149130.76,0
15607548,Hargrove,642,France,Male,55,1,0.0,2,0,1,93909.63,0
15607549,Mendez,676,France,Male,45,0,125480.88,1,1,0,161819.9,0
15607550,Marceau,742,Germany,Male,42,9,76622.04,1,1,0,200000.0,1
15607551,Marchetti,545,Spain,Male,44,3,104588.49,1,1,1,131453.07,0
15607552,Renner,650,France,Male,20,7,95747.46,3,1,0,103542.2,1
15607553,Weiss,371,France,Male,33,6,77658.99,2,0,0,200000.0,0
15607554,Fairweather,721,Spain,Male,23,8,173818.19,1,1,0,64736.5,0
15607555,Petrov,575,Germany,Male,40,7,177494.32,2,1,1,145482.67,0
15607556,Falk,577,France,Female,42,2,143989.93,1,1,1,1000.0,0
15607557,Voss,638,France,Female,40,5,0.0,2,0,0,79694.28,0
15607558,Falk,709,Germany,Male,51,3,0.0,2,0,1,1000.0,0
15607559,Hallgren,850,Germany,Female,23,4,0.0,1,1,1,145305.95,0
15607560,Voss,501,Germany,Male,30,5,94541.95,1,1,1,55814.22,0
15607561,Hargrove,568,France,Female,43,0,0.0,1,1,1,139511.32,0
15607562,Girard,672,France,Female,41,0,48969.61,2,0,1,68295.75,0
15607563,Falk,580,France,Female,25,7,0.0,1,0,0,73117.39,0
15607564,Castellano,730,France,Female,51,0,0.0,3,1,1,62986.05,0
15607565,Petrov,634,Germany,Male,54,9,149393.12,2,0,1,133759.69,0
15607566,Lindqvist,735,France,Male,43,7,169744.97,2,0,1,121200.14,0
15607567,Sorensen,626,Spain,Male,23,8,55403.85,1,1,1,50436.77,0
15607568,Hallgren,702,Germany,Male,40,5,93641.93,2,1,1,96694.94,1
15607569,Adeyemi,558,Germany,Female,42,7,0.0,3,1,1,62170.81,1
15607570,Winters,836,Spain,Male,36,2,181594.0,1,1,1,74442.54,0
15607571,Petrov,487,Germany,Male,52,6,40616.94,2,0,0,74123.02,0
15607572,Okafor,582,France,Female,37,3,0.0,2,0,0,69517.19,1
15607573,Hargrove,514,France,Female,60,8,144681.21,1,0,0,141491.36,1
15607574,Nakamura,727,France,Female,46,4,0.0,2,1,1,140760.94,0
15607575,Okonkwo,702,Germany,Male,41,8,183803.84,1,1,0,11314.42,1
15607576,Novak,533,Germany,Female,48,9,84653.2,1,0,0,88333.26,1
15607577,Okonkwo,746,France,Male,54,0,91255.25,2,1,0,200000.0,1
15607578,Nakamura,583,France,Female,48,0,79041.52,1,0,1,176334.46,0
15607579,Sorensen,687,France,Male,38,3,124277.85,2,1,0,200000.0,0
15607580,Adeyemi,710,France,Male,32,6,98569.33,1,1,1,44899.94,0
15607581,Hallgren,626,Germany,Female,27,9,155614.67,2,1,1,80772.37,0
15607582,Osei,737,France,Male,18,4,0.0,2,1,0,53364.34,0
15607583,Hargrove,636,Germany,Male,40,9,103710.81,2,1,0,103706.11,0
15607584,Nakamura,683,Spain,Male,35,8,124642.69,3,1,1,117478.67,0
15607585,Weiss,624,France,Female,35,7,73126.61,3,0,0,131818.77,1
15607586,Abubakar,471,France,Female,49,10,165475.54,2,1,0,76201.88,1
15607587,Weiss,638,Germany,Male,37,3,148948.3,2,1,1,64358.09,0
15607588,Iyer,566,Spain,Female,58,7,147318.13,2,0,1,50912.01,0
15607589,Falk,784,France,Male,33,8,0.0,1,1,0,92993.65,0
15607590,Nakamura,519,France,Female,29,10,0.0,1,1,0,137316.84,1
15607591,Kowalski,768,Germany,Male,26,2,22100.77,2,1,1,145079.29,0
15607592,Fontaine,633,Germany,Male,46,8,0.0,1,1,1,175516.64,0
15607593,Kowalski,689,Germany,Female,50,2,121705.63,2,1,1,122935.29,1
15607594,Fontaine,518,Spain,Female,32,10,0.0,2,1,1,147577.07,0
15607595,Mendez,620,Germany,Male,28,5,0.0,2,0,1,20275.93,0
15607596,Voss,586,France,Male,54,9,118983.42,2,1,0,160936.85,0
15607597,Voss,850,Spain,Female,24,6,0.0,2,1,0,167506.86,1
15607598,Voss,584,France,Male,49,0,114726.89,1,1,0,200000.0,1
15607599,Dubois,761,Spain,Male,33,3,125558.71,2,1,1,200000.0,0
15607600,Winters,762,Germany,Male,43,6,127184.76,2,1,0,36296.41,0
15607601,Aoki,759,Germany,Male,49,6,0.0,1,0,1,155700.23,0
15607602,Voss,593,Spain,Male,43,6,34926.52,2,1,0,82227.95,0
15607603,Novak,823,Spain,Male,35,7,179626.19,1,1,1,75266.51,1
15607604,Weiss,843,Germany,Male,53,6,137445.35,2,1,1,81916.79,0
15607605,Weiss,685,Germany,Male,41,1,0.0,2,1,0,75109.09,0
15607606,Lindqvist,605,Germany,Female,76,0,0.0,1,1,0,94292.94,1
15607607,Hallgren,567,France,Male,21,3,172442.72,2,0,0,78519.56,0
15607608,Duarte,695,France,Female,21,1,0.0,2,1,0,130177.9,0
15607609,Balogh,656,Germany,Male,49,7,188439.57,2,1,1,143151.39,0
15607610,Marchetti,668,Germany,Male,38,10,87617.93,1,1,0,171374.91,1
15607611,Abubakar,521,Spain,Male,47,10,188437.4,2,1,1,134237.79,0
15607612,Osei,653,Spain,Male,27,6,79326.88,1,1,0,98377.39,0
15607613,Falk,760,France,Female,39,9,68111.03,1,1,1,143586.82,1
15607614,Marceau,728,France,Male,43,7,0.0,4,1,0,161929.18,0
15607615,Osei,610,Germany,Female,33,1,77584.23,1,1,0,137882.69,0
15607616,Laurent,640,France,Female,41,6,102870.37,2,1,1,134487.0,0
15607617,Bergstrom,509,Spain,Male,25,6,198998.65,2,1,1,200000.0,0
15607618,Lindqvist,586,Spain,Female,43,6,0.0,1,1,0,69555.95,0
15607619,Aoki,617,Germany,Male,53,8,0.0,2,1,1,156116.06,0
15607620,Falk,711,France,Male,26,10,194250.91,1,0,0,112821.78,0
15607621,Balogh,582,Spain,Male,25,2,126582.97,3,1,0,8171.8,1
15607622,Fairweather,551,France,Female,51,0,170952.8,2,0,1,5062.6,0
15607623,Abubakar,723,France,Female,25,7,0.0,2,1,0,1000.0,0
15607624,Abubakar,609,France,Female,47,1,164608.52,1,0,0,105472.05,0
15607625,Kessler,569,France,Female,39,4,0.0,3,1,0,10954.97,1
15607626,Iyer,728,Germany,Male,34,10,0.0,2,1,0,97996.02,0
15607627,Nakamura,694,Germany,Female,53,7,205049.87,2,1,1,112328.89,0
15607628,Girard,630,France,Female,48,10,98098.82,2,1,0,75597.29,1
15607629,Winters,616,Germany,Female,41,0,135553.74,2,0,1,88749.81,0
15607630,Sorensen,686,Spain,Female,18,7,0.0,2,1,1,156314.44,0
15607631,Odom,702,Spain,Female,46,3,0.0,2,1,1,52732.37,0
15607632,Dubois,670,Germany,Male,28,0,0.0,1,0,0,107009.83,1
15607633,Schmitt,662,Spain,Female,36,3,99793.98,1,1,0,1000.0,0
15607634,Delacroix,592,France,Female,39,10,0.0,2,0,0,117998.58,1
15607635,Kessler,598,France,Female,58,4,106966.79,1,1,0,178494.28,1
15607636,Reyes,634,France,Male,36,10,25041.24,2,0,0,149115.92,0
15607637,Reyes,558,Germany,Male,24,1,76046.77,2,1,0,89084.41,0
15607638,Kessler,547,Spain,Female,53,7,0.0,1,1,1,79549.64,0
15607639,Girard,641,France,Female,46,4,193232.61,2,1,0,200000.0,0
15607640,Odom,745,France,Female,46,3,0.0,2,1,0,139902.52,0
15607641,Fontaine,451,Germany,Female,54,5,159166.86,2,1,0,107242.48,0
15607642,Sorensen,612,France,Male,56,6,52941.75,2,0,0,141064.1,1
15607643,Novak,676,Spain,Female,29,0,114687.89,2,1,1,71118.31,0
15607644,Weiss,753,Spain,Male,24,7,192284.15,2,0,0,94788.22,0
15607645,Aoki,823,France,Male,47,3,159270.77,1,1,1,61034.74,0
15607646,Lindqvist,625,France,Male,36,8,89070.74,2,1,1,154208.34,0
15607647,Whitfield,839,France,Male,37,1,153750.91,1,1,1,48775.45,1
15607648,Okafor,694,France,Male,27,3,0.0,1,1,1,73883.46,0
15607649,Falk,728,Spain,Female,44,10,0.0,2,1,1,126275.65,0
15607650,Odom,548,Germany,Male,43,2,0.0,2,1,0,1000.0,1
15607651,Okonkwo,694,France,Female,37,1,0.0,1,1,1,56259.35,0
15607652,Bergstrom,736,Spain,Male,24,6,0.0,1,1,0,48764.15,1
15607653,Kessler,584,France,Female,51,6,0.0,1,1,1,111539.46,0
15607654,Winters,400,France,Male,41,6,0.0,1,1,1,110647.28,1
15607655,Okafor,664,Germany,Female,50,4,72474.1,1,0,1,200000.0,0
15607656,Adeyemi,629,Germany,Female,18,1,84877.41,1,1,1,46929.06,1
15607657,Fontaine,779,Germany,Male,39,3,62126.11,1,1,1,13156.18,0
15607658,Hallgren,598,France,Male,31,0,0.0,1,0,0,169652.7,0
15607659,Castellano,582,Spain,Male,39,9,0.0,2,1,0,62968.92,0
15607660,Mendez,538,France,Male,48,2,101971.61,1,1,1,107507.19,0
15607661,Kowalski,590,Germany,Male,42,7,88173.95,1,1,1,70565.15,1
15607662,Fontaine,850,Spain,Male,39,2,130196.99,1,1,0,135146.43,1
15607663,Fontaine,498,Germany,Female,39,6,0.0,2,1,0,119759.91,0
15607664,Marchetti,522,France,Male,23,1,253748.17,3,1,0,78437.37,1
15607665,Okonkwo,645,France,Male,29,1,103501.59,2,1,0,101162.02,0
15607666,Rousseau,840,Germany,Male,50,3,135344.65,1,1,1,71868.4,0
15607667,Voss,721,France,Male,33,2,162588.23,2,1,0,103003.33,1
15607668,Rousseau,799,Spain,Male,50,3,0.0,3,1,0,73901.07,0
15607669,Abubakar,613,Spain,Female,47,3,146329.41,1,1,0,184031.03,0
15607670,Marchetti,517,Germany,Female,47,7,169852.83,2,1,0,83974.65,1
15607671,Fontaine,607,France,Male,42,4,0.0,2,1,1,73603.05,0
15607672,Kowalski,638,Germany,Male,34,1,0.0,3,1,0,1000.0,1
15607673,Hargrove,651,France,Male,37,10,169542.22,3,1,1,37518.47,1
15607674,Dubois,629,France,Female,45,6,0.0,1,1,0,134192.79,0
15607675,Petrov,707,Spain,Male,18,4,0.0,2,1,1,90574.18,0
15607676,Voss,582,France,Female,51,5,46858.19,1,1,1,80897.11,0
15607677,Iyer,561,Germany,Female,33,3,76158.71,1,1,1,142270.0,0
15607678,Duarte,534,Germany,Female,38,4,95402.26,2,1,1,175195.44,0
15607679,Mendez,670,Germany,Male,38,0,0.0,2,1,0,51175.47,0
15607680,Sorensen,660,Germany,Female,38,9,204421.23,1,1,0,86523.75,1
15607681,Mendez,755,Spain,Male,25,4,153588.09,2,1,1,1000.0,0
15607682,Hargrove,799,France,Male,40,7,105501.9,1,1,0,154871.55,0
15607683,Bergstrom,534,Germany,Female,45,0,0.0,1,1,0,200000.0,0
15607684,Okafor,652,France,Female,18,1,176995.5,1,1,1,79718.33,0
15607685,Osei,630,Germany,Male,25,4,130558.01,2,1,1,78268.37,0
15607686,Bergstrom,502,France,Male,48,0,3000.0,1,0,1,95293.12,0
15607687,Osei,599,Spain,Male,46,10,166726.58,1,0,1,113709.73,0
15607688,Renner,800,France,Female,42,0,0.0,1,0,1,116168.63,1
15607689,Aoki,589,France,Male,32,6,7130.19,1,1,0,116028.93,0
15607690,Mendez,573,France,Male,46,3,0.0,2,0,1,20018.62,0
15607691,Petrov,645,France,Male,26,2,0.0,1,1,1,96812.46,0
15607692,Petrov,738,France,Female,37,1,48790.36,1,0,1,136805.23,0
15607693,Petrov,621,France,Female,25,3,216523.4,1,1,1,31391.57,0
15607694,Voss,662,France,Male,37,0,136508.61,2,1,1,21749.26,0
15607695,Petrov,431,Spain,Female,28,6,90337.08,1,1,0,67998.92,1
15607696,Weiss,705,France,Male,46,2,75374.45,1,0,1,109957.16,0
15607697,Falk,671,Germany,Female,43,0,104947.02,1,1,1,135766.06,0
15607698,Odom,735,France,Female,33,1,106577.88,3,1,0,144890.32,1
15607699,Winters,471,Spain,Male,50,9,143317.04,2,1,1,50300.07,0
15607700,Fairweather,621,France,Female,29,2,102525.03,1,1,0,1000.0,1
15607701,Marchetti,743,Spain,Female,38,6,93809.55,2,0,1,190368.33,0
15607702,Hallgren,597,Spain,Male,32,4,122391.89,2,1,1,171138.94,0
15607703,Winters,655,Spain,Male,46,5,92643.87,2,1,1,74331.68,0
15607704,Aoki,611,France,Female,45,9,108668.43,2,1,1,143904.16,0
15607705,Okafor,613,Spain,Male,52,7,0.0,1,1,0,116217.82,0
15607706,Hallgren,762,France,Male,39,6,90264.97,2,1,0,89656.09,0
15607707,Laurent,513,France,Male,18,2,105683.82,1,1,0,200000.0,1
15607708,Laurent,645,France,Female,34,9,0.0,1,1,0,62554.31,0
15607709,Osei,674,Spain,Female,54,0,167259.14,3,1,1,19251.74,0
15607710,Petrov,740,France,Female,35,6,27522.57,2,0,0,108527.12,1
15607711,Odom,638,Germany,Male,19,6,0.0,1,1,0,66601.56,0
15607712,Marchetti,743,France,Female,43,10,147689.56,2,1,1,110179.49,0
15607713,Schmitt,645,France,Male,44,1,0.0,2,0,1,83125.42,0
15607714,Hallgren,661,France,Female,31,3,156140.28,2,1,0,59393.74,1
15607715,Nakamura,658,France,Female,36,0,102342.91,2,0,0,87412.22,0
15607716,Sorensen,713,Spain,Male,30,2,0.0,1,1,1,12283.45,0
15607717,Abubakar,702,Germany,Female,44,10,0.0,2,0,0,11839.48,0
15607718,Duarte,543,Germany,Male,39,0,0.0,2,0,1,85387.83,1
15607719,Okafor,671,France,Male,27,8,70712.23,1,1,1,122544.65,0
15607720,Novak,702,France,Female,38,10,157627.56,2,1,0,3499.63,1
15607721,Weiss,790,Germany,Male,31,1,99061.59,2,0,0,126073.61,1
15607722,Hargrove,553,France,Female,53,3,110488.41,1,0,1,72137.81,0
15607723,Petrov,702,France,Male,48,9,118230.74,1,1,1,122469.43,0
15607724,Rousseau,617,Germany,Male,37,7,33578.54,2,1,0,113526.62,1
15607725,Balogh,668,France,Female,39,0,34063.29,1,1,0,156115.48,0
15607726,Winters,547,France,Male,49,9,131079.49,1,1,0,91513.07,0
15607727,Delacroix,649,France,Female,37,8,0.0,1,1,1,5657.35,0
15607728,Rousseau,681,Spain,Female,46,3,100992.28,2,0,1,200000.0,0
15607729,Fontaine,557,France,Male,54,4,142764.41,1,0,0,105737.75,0
15607730,Winters,789,Spain,Male,33,3,65267.65,1,1,0,108735.68,1
15607731,Hargrove,502,France,Male,55,5,0.0,1,1,1,92167.59,1
15607732,Novak,702,France,Female,52,8,94369.29,2,0,0,180676.27,0
15607733,Renner,417,France,Male,41,7,128829.45,1,1,1,29661.71,0
15607734,Reyes,626,Germany,Female,34,10,94027.19,1,1,0,20526.23,1
15607735,Fontaine,696,France,Female,41,1,80357.84,2,1,0,59822.73,0
15607736,Duarte,718,Spain,Male,36,10,196678.1,2,1,1,122562.35,0
15607737,Laurent,640,France,Female,30,9,113997.01,2,1,1,58436.78,0
15607738,Winters,627,France,Male,44,4,144737.39,1,1,1,56075.08,0
15607739,Odom,704,France,Male,28,1,21533.81,1,0,0,35920.74,1
15607740,Novak,741,Spain,Male,35,2,47593.41,1,0,1,149196.49,0
15607741,Osei,782,France,Female,35,10,141285.12,1,1,1,120561.03,0
15607742,Reyes,526,Germany,Male,25,0,0.0,1,1,1,145740.8,0
15607743,Adeyemi,631,Germany,Female,45,1,92683.92,2,1,0,68969.03,0
15607744,Osei,439,Germany,Male,36,0,64478.31,2,1,1,95781.64,0
15607745,Marceau,519,Spain,Female,52,1,0.0,2,0,0,143235.96,1
15607746,Iyer,582,Spain,Female,36,8,0.0,1,0,0,53430.92,0
15607747,Renner,733,Spain,Female,34,0,108739.74,1,1,1,157710.63,0
15607748,Renner,604,France,Male,29,10,124291.35,2,1,0,124805.45,1
15607749,Whitfield,622,Germany,Male,39,4,96751.9,2,1,1,174186.4,0
15607750,Dubois,679,Germany,Male,39,5,77806.96,2,1,0,153949.27,0
15607751,Mendez,586,France,Male,46,6,0.0,2,0,1,5878.83,0
15607752,Fairweather,459,Germany,Female,39,8,150220.84,1,1,1,67058.44,0
15607753,Hallgren,578,Germany,Male,60,6,0.0,1,0,0,1000.0,1
15607754,Fairweather,638,France,Male,43,0,114870.19,2,1,1,1000.0,0
15607755,Kowalski,695,Germany,Female,28,9,90523.3,2,1,1,43228.67,0
15607756,Osei,630,France,Male,28,0,0.0,1,1,1,176771.94,0
15607757,Novak,693,France,Female,44,5,79492.32,1,0,0,98759.04,1
15607758,Adeyemi,739,France,Male,28,9,188354.5,3,1,0,125367.81,0
15607759,Aoki,758,Spain,Male,45,5,83327.74,2,1,1,70957.28,0
15607760,Winters,667,France,Female,48,4,83385.58,2,1,0,81027.9,1
15607761,Duarte,541,Germany,Male,48,3,212170.45,1,1,0,138235.56,1
15607762,Fairweather,530,France,Female,30,8,58673.05,3,1,1,89812.96,0
15607763,Winters,539,France,Male,48,7,0.0,2,0,1,87336.53,0
15607764,Whitfield,547,Spain,Male,42,8,162583.54,1,0,0,129572.02,1
15607765,Mendez,660,France,Male,32,9,34826.98,1,1,1,38034.88,0
15607766,Duarte,831,Spain,Male,37,6,0.0,1,1,0,110280.08,0
15607767,Nakamura,670,France,Female,43,3,0.0,1,0,1,113069.6,0
15607768,Winters,642,Germany,Male,32,6,113831.64,1,1,0,1000.0,0
15607769,Hargrove,742,Spain,Female,42,3,213795.7,1,0,0,36151.03,1
15607770,Aoki,570,France,Female,53,2,3000.0,1,1,1,62044.37,0
15607771,Novak,750,France,Male,48,3,0.0,2,1,0,71617.23,1
15607772,Girard,743,France,Female,39,5,89259.51,1,1,1,127892.63,1
15607773,Whitfield,656,Germany,Male,41,2,61635.25,1,1,0,46808.13,0
15607774,Abubakar,850,Spain,Female,33,3,35500.99,3,0,0,45818.79,0
15607775,Laurent,757,France,Male,33,6,0.0,1,0,0,136169.21,0
15607776,Abubakar,654,France,Female,23,1,0.0,1,1,1,154547.73,0
15607777,Fairweather,636,Germany,Male,41,1,0.0,2,1,1,156522.29,0
15607778,Balogh,609,France,Male,45,8,64924.94,2,1,0,35014.15,0
15607779,Kessler,637,Spain,Male,38,9,0.0,2,1,0,46769.2,0
15607780,Nakamura,640,Germany,Male,30,3,33435.33,1,1,0,1395.03,0
15607781,Iyer,619,France,Female,39,1,116383.68,2,0,0,1000.0,1
15607782,Mendez,629,Spain,Male,52,5,124753.86,1,1,1,27907.27,0
15607783,Duarte,536,France,Female,48,1,0.0,2,1,1,61826.1,0
15607784,Petrov,595,France,Male,38,9,213037.06,1,1,0,111289.53,1
15607785,Hallgren,497,Germany,Male,59,0,64959.72,1,0,1,147573.5,0
15607786,Reyes,690,Spain,Male,66,5,0.0,2,1,0,93463.14,0
15607787,Abubakar,658,Germany,Male,34,4,85646.8,1,1,0,181766.58,1
15607788,Reyes,638,Spain,Female,36,5,154731.32,2,1,1,47488.7,0
15607789,Okafor,735,France,Male,46,8,0.0,1,1,1,177904.97,1
15607790,Adeyemi,567,Spain,Female,29,2,55464.58,2,1,0,51422.18,0
15607791,Okafor,582,Spain,Male,47,10,0.0,1,1,0,127447.53,0
15607792,Abubakar,508,France,Male,40,10,0.0,1,0,1,112079.04,0
15607793,Bergstrom,748,France,Male,42,4,0.0,2,1,0,167640.99,0
15607794,Voss,708,Spain,Female,33,4,151678.72,2,1,0,184705.79,0
15607795,Kowalski,778,Spain,Male,30,2,0.0,1,0,1,41513.46,0
15607796,Osei,802,France,Female,18,8,95530.86,2,0,1,1000.0,0
15607797,Abubakar,609,Germany,Male,54,7,96452.96,2,0,0,87732.27,0
15607798,Mendez,582,France,Male,48,4,0.0,2,0,0,122296.44,0
15607799,Laurent,478,France,Female,45,7,0.0,1,1,1,99213.55,0
15607800,Bergstrom,545,France,Female,42,4,0.0,2,0,1,200000.0,0
15607801,Castellano,619,Germany,Female,18,7,0.0,1,0,1,131213.77,0
15607802,Voss,452,France,Male,31,9,129121.63,1,1,1,131027.46,0
15607803,Petrov,547,France,Female,36,4,182667.44,1,0,0,25184.83,1
15607804,Aoki,642,France,Male,27,7,81989.3,1,0,0,68350.98,1
15607805,Mendez,736,Spain,Female,21,6,114123.08,2,1,1,127292.55,0
15607806,Rousseau,581,Germany,Male,29,0,84088.23,1,1,0,117934.18,1
15607807,Fairweather,662,France,Female,39,0,234180.53,1,1,1,103859.35,1
15607808,Duarte,829,Germany,Male,39,2,150215.23,1,1,1,172384.13,0
15607809,Odom,477,France,Female,48,2,0.0,1,1,0,61000.31,1
15607810,Hargrove,754,France,Female,60,2,0.0,1,0,0,124251.39,1
15607811,Novak,687,Spain,Female,45,10,109177.48,2,1,0,62510.54,0
15607812,Duarte,772,Spain,Male,37,6,245537.58,1,1,0,200000.0,1
15607813,Fairweather,743,France,Male,57,0,172774.99,2,1,1,56274.43,0
15607814,Mendez,586,Spain,Female,22,9,95962.67,2,1,1,200000.0,0
15607815,Schmitt,650,France,Female,18,3,98398.81,1,1,1,86149.75,0
15607816,Thibault,510,Spain,Female,29,10,0.0,1,0,1,62986.03,0
15607817,Adeyemi,600,Spain,Male,47,2,84958.69,1,1,1,98052.25,0
15607818,Hargrove,653,Germany,Male,40,0,94618.79,1,1,0,34542.85,1
15607819,Rousseau,679,France,Male,27,1,0.0,1,1,0,47397.69,1
15607820,Petrov,726,Spain,Female,31,4,3000.0,2,1,1,194237.52,1
15607821,Mendez,802,Spain,Male,26,10,210846.13,1,0,0,126416.18,1
15607822,Thibault,608,France,Male,26,6,0.0,2,1,0,153375.91,1
15607823,Osei,760,France,Female,54,1,96799.97,2,1,0,73422.56,0
15607824,Schmitt,676,Germany,Female,37,3,115451.83,1,1,1,140214.21,0
15607825,Duarte,524,France,Female,57,5,146799.69,2,0,1,108307.4,0
15607826,Girard,636,Germany,Male,29,5,150794.98,1,0,0,59401.11,1
15607827,Kessler,661,France,Male,44,9,163455.91,1,0,1,200000.0,0
15607828,Thibault,570,Germany,Male,41,0,0.0,2,1,0,20119.27,0
15607829,Fontaine,550,France,Male,47,0,0.0,2,1,0,105011.03,0
15607830,Thibault,547,Germany,Female,41,7,0.0,2,0,0,132343.27,1
15607831,Lindqvist,598,Spain,Male,49,1,103071.86,2,1,0,117963.69,0
15607832,Sorensen,567,France,Male,44,7,0.0,1,1,0,74545.15,0
15607833,Hargrove,768,Spain,Male,27,3,35008.51,1,1,0,63076.86,1
15607834,Duarte,415,Spain,Female,46,4,177069.15,1,1,0,120214.44,1
15607835,Hallgren,661,France,Female,37,1,67422.88,3,1,1,58003.07,1
15607836,Voss,701,France,Male,31,8,39498.73,3,1,0,166790.68,1
15607837,Novak,558,Spain,Male,46,2,47046.43,1,0,0,113804.31,0
15607838,Thibault,628,Spain,Male,48,0,122142.92,2,1,1,90280.62,0
15607839,Reyes,617,France,Female,34,6,226296.63,1,1,1,107245.56,0
15607840,Sorensen,643,Germany,Male,35,1,0.0,2,1,1,130704.11,0
15607841,Renner,714,France,Male,24,1,0.0,1,1,1,176370.74,0
15607842,Sorensen,705,France,Female,20,2,0.0,2,0,0,123533.35,0
15607843,Iyer,592,Spain,Male,36,7,83210.02,1,0,1,112156.18,0
15607844,Kowalski,506,France,Female,47,8,0.0,2,1,0,152849.49,0
15607845,Mendez,666,France,Male,33,10,0.0,1,1,0,18494.87,0
15607846,Castellano,587,Spain,Female,53,10,210363.55,2,0,0,69170.6,0
15607847,Delacroix,599,France,Male,36,2,115781.25,1,1,0,91583.69,0
15607848,Odom,671,France,Male,36,2,0.0,2,1,1,50041.44,0
15607849,Laurent,608,Spain,Male,36,2,76389.56,2,0,1,142172.68,0
15607850,Hallgren,679,Spain,Male,49,2,55052.07,1,0,1,101949.53,0
15607851,Weiss,850,Germany,Female,29,0,0.0,1,0,1,35355.09,0
15607852,Marceau,716,Spain,Male,37,6,124641.7,1,0,0,28931.08,0
15607853,Fontaine,779,France,Male,33,0,163504.06,2,1,1,99831.22,0
15607854,Okafor,699,France,Female,33,0,0.0,1,1,0,138148.7,1
15607855,Delacroix,657,Germany,Male,39,4,0.0,2,1,1,105427.86,0
15607856,Duarte,701,France,Female,37,8,47584.6,2,0,0,200000.0,1
15607857,Nakamura,696,France,Female,49,5,87278.37,1,1,0,89184.98,1
15607858,Novak,733,Germany,Male,38,4,39731.76,1,1,1,66638.66,0
15607859,Kessler,656,Spain,Female,44,2,0.0,3,1,0,175494.38,0
15607860,Iyer,524,Spain,Female,40,7,0.0,2,1,0,118973.29,1
15607861,Renner,509,France,Female,53,3,0.0,2,0,1,177186.09,0
15607862,Iyer,694,France,Male,35,10,0.0,2,0,1,182343.77,0
15607863,Kessler,542,France,Male,35,1,103651.41,1,1,1,79991.06,0
15607864,Kessler,716,Spain,Female,46,8,0.0,2,1,0,66227.32,1
15607865,Hargrove,779,France,Female,35,7,0.0,1,0,1,142152.33,0
15607866,Whitfield,629,France,Male,44,4,47049.3,1,1,1,53535.48,0
15607867,Lindqvist,766,France,Male,62,4,0.0,2,1,1,73074.72,0
15607868,Falk,675,Spain,Female,29,10,0.0,2,0,1,1000.0,0
15607869,Okafor,652,Spain,Female,54,8,196533.41,2,1,0,91571.49,1
15607870,Hallgren,657,France,Female,33,0,0.0,2,0,1,185079.28,0
15607871,Aoki,570,France,Female,52,6,131799.5,1,1,1,102001.03,0
15607872,Delacroix,558,France,Male,45,8,0.0,1,0,1,5183.13,1
15607873,Nakamura,492,France,Female,45,4,0.0,2,1,1,200000.0,0
15607874,Duarte,580,Spain,Male,37,7,97280.92,2,1,1,62866.2,0
15607875,Abubakar,850,France,Male,36,6,108315.75,2,0,1,102845.77,0
15607876,Marchetti,507,Spain,Male,31,3,0.0,3,1,1,119351.63,0
15607877,Mendez,537,Germany,Female,39,0,169203.54,1,1,1,149952.73,0
15607878,Hargrove,573,Germany,Male,37,0,77412.52,2,1,1,127299.02,0
15607879,Bergstrom,577,Germany,Male,40,7,78717.98,2,1,1,92044.94,0
15607880,Sorensen,676,France,Male,24,8,0.0,1,1,1,99352.62,0
15607881,Renner,591,France,Male,39,4,0.0,2,1,0,59919.16,0
15607882,Weiss,631,France,Male,51,5,84383.92,4,0,0,40281.46,1
15607883,Kowalski,568,Spain,Male,48,5,0.0,3,1,1,82509.54,0
15607884,Kowalski,604,France,Male,39,9,0.0,2,1,1,189167.92,0
15607885,Castellano,644,France,Male,65,5,0.0,1,1,1,38926.57,0
15607886,Petrov,637,France,Female,33,6,0.0,2,0,0,24003.58,0
15607887,Hargrove,840,France,Female,38,6,0.0,2,1,0,110328.06,0
15607888,Weiss,647,Spain,Female,24,1,0.0,2,0,1,158865.47,0
15607889,Mendez,630,Spain,Male,34,7,207046.11,1,1,0,61294.4,1
15607890,Renner,410,Spain,Male,57,9,0.0,1,1,1,44008.5,0
15607891,Nakamura,673,Germany,Male,35,1,70289.27,1,0,0,121099.55,1
15607892,Bergstrom,460,France,Female,23,0,56344.37,1,1,0,109693.66,0
15607893,Sorensen,703,France,Male,47,5,0.0,1,0,1,187319.85,0
15607894,Fairweather,664,France,Male,42,8,175328.73,1,1,1,169296.94,1
15607895,Abubakar,727,Spain,Female,47,0,137711.3,2,1,0,27305.51,0
15607896,Hargrove,589,Spain,Female,35,8,50148.3,1,0,1,40616.12,0
15607897,Petrov,653,France,Male,28,2,0.0,2,1,0,1000.0,0
15607898,Reyes,715,Germany,Female,37,2,183735.8,1,1,1,111157.02,1
15607899,Okafor,561,France,Male,44,2,171041.37,1,0,1,55940.77,0
15607900,Sorensen,709,France,Male,38,5,178527.6,1,0,1,200000.0,1
15607901,Schmitt,704,Spain,Male,42,6,152013.57,2,1,1,71180.86,0
15607902,Kessler,637,Germany,Female,33,5,47889.15,1,1,1,80924.23,0
15607903,Kowalski,802,Spain,Male,43,6,71631.3,1,1,1,59609.67,0
15607904,Voss,699,Germany,Female,38,8,0.0,2,1,0,105137.66,1
15607905,Nakamura,489,France,Male,31,9,94995.02,2,1,1,177615.88,1
15607906,Girard,745,Spain,Female,40,8,17173.51,1,1,0,1000.0,0
15607907,Rousseau,587,Germany,Female,35,5,0.0,3,1,0,164288.65,1
15607908,Nakamura,727,Spain,Female,45,2,0.0,2,1,0,1000.0,0
15607909,Thibault,678,France,Female,47,8,0.0,2,1,0,83020.83,0
15607910,Nakamura,396,Germany,Female,44,7,0.0,3,1,1,37643.36,1
15607911,Abubakar,708,France,Female,22,9,70590.68,2,0,1,40624.14,0
15607912,Aoki,629,France,Male,29,7,88784.67,1,1,1,20194.45,0
15607913,Petrov,606,Germany,Female,32,1,21555.46,3,1,0,122489.73,1
15607914,Mendez,609,Germany,Male,30,6,58322.66,2,1,0,74165.52,0
15607915,Nakamura,726,Germany,Male,33,7,0.0,1,1,0,130650.49,0
15607916,Laurent,562,Germany,Male,48,10,3000.0,1,1,1,137820.13,1
15607917,Iyer,757,France,Male,46,3,92632.47,1,1,0,84008.53,1
15607918,Rousseau,504,Germany,Female,34,9,85312.23,1,1,0,137602.7,1
15607919,Fairweather,678,France,Male,45,3,141724.05,1,0,0,104134.04,1
15607920,Kessler,724,Spain,Male,42,4,5332.66,2,1,0,72349.3,0
15607921,Falk,722,France,Female,38,10,73827.39,1,1,0,152592.15,1
15607922,Kessler,668,Germany,Female,50,1,0.0,1,1,1,184776.05,0
15607923,Odom,630,Spain,Male,32,2,132262.44,1,1,1,172254.16,0
15607924,Aoki,597,Germany,Female,39,9,0.0,1,0,1,2103.04,1
15607925,Balogh,533,France,Male,28,10,29198.62,4,0,1,103605.67,1
15607926,Girard,584,France,Male,28,1,0.0,1,0,0,174935.03,1
15607927,Castellano,558,France,Female,25,9,73128.42,3,1,1,29417.23,0
15607928,Mendez,542,France,Female,28,6,135175.23,2,1,0,94517.19,1
15607929,Winters,823,Spain,Female,39,9,0.0,1,1,0,56818.63,1
15607930,Falk,485,France,Male,35,5,0.0,1,1,0,115443.09,0
15607931,Iyer,758,Spain,Male,36,6,0.0,2,1,0,200000.0,1
15607932,Thibault,531,France,Male,35,2,0.0,1,0,1,99479.61,0
15607933,Hargrove,552,France,Female,57,6,0.0,1,1,1,90344.46,0
15607934,Fontaine,550,Spain,Male,27,4,102349.56,2,0,1,200000.0,1
15607935,Mendez,543,France,Male,26,4,154089.38,2,1,1,111375.07,1
15607936,Fontaine,739,France,Male,30,3,89889.79,1,1,0,63890.28,0
15607937,Adeyemi,706,France,Female,38,4,0.0,1,1,1,5056.85,0
15607938,Weiss,628,France,Male,44,1,129851.62,2,1,1,162394.91,0
15607939,Novak,850,Spain,Female,45,9,64682.42,1,1,0,31642.89,0
15607940,Kessler,648,France,Male,48,4,143535.61,2,1,0,88549.48,0
15607941,Laurent,656,France,Male,37,4,93103.27,1,1,0,124681.9,0
15607942,Hallgren,584,Spain,Male,34,10,66859.69,2,1,0,136458.45,0
15607943,Schmitt,573,Spain,Male,55,5,0.0,2,1,0,5446.93,1
15607944,Balogh,599,Spain,Female,18,7,0.0,4,1,0,37828.7,1
15607945,Schmitt,732,France,Female,39,10,101669.02,2,1,0,112574.01,0
15607946,Thibault,705,Germany,Male,43,9,0.0,1,0,1,8741.41,1
15607947,Fontaine,774,France,Male,58,3,97790.54,1,1,0,139095.9,1
15607948,Balogh,581,France,Male,22,5,38006.97,3,1,1,23269.46,1
15607949,Okafor,707,Germany,Female,34,9,0.0,1,1,0,82950.33,0
15607950,Kessler,679,Spain,Female,25,5,34348.1,1,1,1,70585.31,0
15607951,Balogh,692,Spain,Female,20,3,0.0,2,1,0,145303.91,0
15607952,Laurent,567,Germany,Male,36,5,0.0,1,0,1,69667.18,1
15607953,Odom,550,France,Male,47,0,105242.55,1,1,1,140563.24,0
15607954,Girard,702,Germany,Female,51,9,133099.08,1,1,0,165875.03,1
15607955,Balogh,734,Spain,Male,33,6,182012.08,1,1,1,97383.81,0
15607956,Fairweather,591,France,Female,45,2,107529.3,2,0,0,113744.72,0
15607957,Renner,708,France,Female,36,5,158432.49,2,1,0,59651.05,0
15607958,Adeyemi,765,France,Female,44,0,0.0,1,1,1,36034.11,0
15607959,Hargrove,615,Germany,Female,50,8,0.0,1,1,1,25716.77,0
15607960,Falk,512,France,Male,37,5,0.0,2,1,0,105538.52,0
15607961,Kowalski,524,France,Female,49,0,0.0,1,1,0,66740.18,0
15607962,Rousseau,585,Spain,Male,26,5,0.0,1,0,1,124052.19,0
15607963,Marceau,607,Spain,Female,45,0,160215.68,1,0,1,82817.06,0
15607964,Bergstrom,647,France,Male,49,4,41993.51,2,1,1,70862.42,0
15607965,Marceau,648,Germany,Female,48,9,0.0,2,1,1,88556.66,0
15607966,Bergstrom,624,Spain,Female,26,7,92459.77,2,1,1,1000.0,0
15607967,Marchetti,715,Germany,Female,36,5,69576.54,1,1,0,152510.98,1
15607968,Fairweather,577,France,Male,42,5,0.0,1,1,0,79058.34,0
15607969,Abubakar,771,France,Male,43,5,0.0,1,1,0,77133.77,0
15607970,Lindqvist,740,Spain,Female,40,1,174638.24,1,1,1,191289.04,0
15607971,Girard,733,France,Female,53,2,0.0,2,0,0,81393.64,1
15607972,Nakamura,587,Spain,Male,25,8,0.0,3,1,0,133519.38,1
15607973,Renner,639,France,Female,36,10,128927.89,1,0,0,1000.0,1
15607974,Falk,719,Germany,Female,21,1,107733.34,1,0,1,63194.69,0
15607975,Rousseau,631,Germany,Female,45,10,32358.38,2,1,1,165970.67,0
15607976,Bergstrom,583,Germany,Female,44,0,0.0,1,1,1,149854.74,0
15607977,Hallgren,579,Germany,Female,73,5,92746.87,1,1,1,138479.93,0
15607978,Odom,584,Germany,Female,49,9,0.0,1,1,0,53215.54,1
15607979,Petrov,539,France,Male,42,2,0.0,2,0,1,113043.55,0
15607980,Renner,850,France,Female,41,10,0.0,2,1,1,77405.11,1
15607981,Aoki,463,Germany,Female,35,10,0.0,2,1,0,119721.88,0
15607982,Renner,556,Germany,Female,40,4,153241.59,2,0,1,150710.45,0
15607983,Thibault,707,Germany,Female,41,9,0.0,1,1,1,111136.07,0
15607984,Schmitt,585,Germany,Female,18,0,0.0,1,1,0,160257.88,0
15607985,Falk,616,France,Male,41,5,100499.45,1,1,0,163763.73,1
15607986,Rousseau,688,Germany,Male,40,3,0.0,1,1,0,31788.04,1
15607987,Hargrove,749,Germany,Male,56,6,89292.19,2,0,1,1000.0,1
15607988,Aoki,624,Spain,Female,37,2,165826.58,1,1,0,159133.49,0
15607989,Marchetti,739,Germany,Female,31,4,0.0,2,0,1,104601.25,0
15607990,Kessler,487,Spain,Male,41,8,0.0,1,1,0,181094.78,1
15607991,Winters,592,Germany,Male,39,2,161172.87,1,0,0,119892.93,0
15607992,Mendez,698,France,Female,37,9,99304.19,1,1,0,191598.94,0
15607993,Balogh,839,Germany,Male,25,7,104150.51,1,0,0,144022.95,1
15607994,Thibault,557,France,Male,37,2,157580.18,1,1,1,122565.28,0
15607995,Mendez,540,France,Male,33,7,132733.0,2,0,0,77026.99,0
15607996,Kessler,683,France,Female,36,3,151793.16,2,0,0,69851.52,1
15607997,Schmitt,655,France,Female,46,6,169332.87,2,1,1,1000.0,0
15607998,Osei,581,France,Female,32,6,37289.61,1,1,1,136113.37,0
15607999,Voss,533,Germany,Male,36,8,0.0,2,1,1,52302.21,0
15608000,Okonkwo,601,Spain,Male,44,3,68186.14,2,1,0,84208.14,0
15608001,Hargrove,700,Germany,Female,36,4,125491.14,2,1,1,97594.69,0
15608002,Renner,618,France,Female,65,4,161213.52,3,1,0,68095.23,1
15608003,Fontaine,762,France,Male,41,9,3000.0,2,0,0,110281.1,1
15608004,Delacroix,637,Germany,Female,26,9,29991.66,2,1,0,1000.0,0
15608005,Laurent,708,Spain,Female,30,2,5448.32,1,1,1,101276.58,0
15608006,Aoki,677,Spain,Female,29,1,0.0,2,0,0,137902.31,0
15608007,Fairweather,611,Germany,Male,30,10,110345.22,3,1,1,1000.0,0
15608008,Reyes,730,Germany,Male,44,1,188971.99,1,1,0,59208.61,1
15608009,Lindqvist,533,Spain,Male,27,2,42478.46,1,1,1,180386.39,0
15608010,Kessler,597,Germany,Female,35,1,227438.92,2,1,1,94230.26,0
15608011,Balogh,610,Spain,Female,50,1,0.0,1,1,1,58230.93,0
15608012,Hargrove,687,Spain,Male,33,0,0.0,2,0,1,143938.16,0
15608013,Thibault,711,France,Male,45,6,0.0,1,1,0,33691.39,1
15608014,Fontaine,572,France,Male,21,5,0.0,1,1,0,38871.79,0
15608015,Rousseau,558,France,Female,35,1,77886.66,2,1,0,44251.31,1
15608016,Schmitt,658,Germany,Female,29,7,56270.75,1,1,0,180698.12,1
15608017,Mendez,502,Spain,Male,42,1,0.0,2,1,1,39178.68,0
15608018,Aoki,747,France,Female,28,5,61893.68,2,1,1,95380.02,0
15608019,Kowalski,629,Spain,Male,60,8,96384.86,3,1,0,167206.96,0
15608020,Aoki,538,France,Female,22,4,0.0,1,1,0,40258.05,0
15608021,Fairweather,536,France,Female,50,3,178446.43,2,0,0,1000.0,1
15608022,Okafor,680,Germany,Male,47,9,76544.24,1,1,1,200000.0,0
15608023,Kowalski,677,France,Female,42,8,0.0,3,0,0,107591.68,1
15608024,Aoki,576,France,Female,39,9,131017.59,2,1,1,61785.44,0
15608025,Renner,639,France,Female,57,1,103820.64,1,1,0,90420.87,0
15608026,Weiss,542,France,Female,64,3,177139.81,2,1,1,143903.27,0
15608027,Castellano,625,Spain,Male,36,4,0.0,2,1,1,7978.97,0
15608028,Abubakar,792,Germany,Female,40,1,120648.14,1,1,1,71976.31,0
15608029,Novak,850,Spain,Female,33,4,0.0,1,1,1,147094.6,0
15608030,Lindqvist,630,Spain,Male,27,2,129991.08,1,1,1,186611.68,0
15608031,Girard,691,France,Female,43,5,0.0,2,1,1,186030.52,0
15608032,Fairweather,688,Spain,Male,41,7,0.0,1,1,1,106342.39,0
15608033,Petrov,485,France,Female,22,4,90604.56,1,1,1,188791.11,0
15608034,Abubakar,540,France,Male,43,7,0.0,2,1,1,1000.0,1
15608035,Hargrove,428,Germany,Male,41,4,0.0,2,1,1,108512.87,0
15608036,Fontaine,693,France,Male,32,5,0.0,3,0,1,1000.0,1
15608037,Balogh,837,France,Female,32,3,70158.93,1,1,1,183852.52,0
15608038,Rousseau,752,France,Female,43,0,87269.31,1,0,0,125827.44,1
15608039,Laurent,654,Germany,Male,55,0,171915.07,2,1,1,200000.0,0
15608040,Fontaine,641,France,Male,43,2,0.0,2,0,1,64366.95,0
15608041,Aoki,616,France,Female,46,6,194731.66,1,1,0,20719.61,1
15608042,Castellano,752,Germany,Female,30,1,130612.12,1,1,1,146538.85,0
15608043,Castellano,671,France,Male,34,5,0.0,1,1,1,90376.7,0
15608044,Marchetti,656,Germany,Female,45,1,0.0,2,1,0,163958.36,0
15608045,Okafor,544,France,Male,25,4,159224.43,1,0,1,145651.58,1
15608046,Bergstrom,708,Spain,Male,41,2,0.0,1,0,1,82101.07,0
15608047,Abubakar,636,Germany,Male,44,2,143387.28,2,0,1,98143.8,0
15608048,Whitfield,688,Spain,Female,38,5,0.0,1,1,1,86251.44,0
15608049,Hargrove,746,Spain,Male,42,9,0.0,2,1,0,101553.5,0
15608050,Fairweather,493,France,Female,39,7,0.0,1,1,1,70430.2,0
15608051,Kowalski,622,Germany,Male,32,2,154656.07,1,0,1,135171.14,1
15608052,Odom,608,Germany,Female,26,9,0.0,1,0,0,1000.0,0
15608053,Okafor,599,Spain,Male,38,10,0.0,1,1,0,1000.0,1
15608054,Adeyemi,543,Germany,Male,52,8,0.0,1,0,0,73977.63,1
15608055,Hargrove,580,Spain,Male,49,2,0.0,1,1,0,63566.83,0
15608056,Schmitt,545,Spain,Male,35,1,0.0,1,1,1,69539.97,0
15608057,Marchetti,729,France,Male,35,10,66885.32,1,1,1,171234.95,0
15608058,Weiss,686,Spain,Female,34,9,92348.9,3,1,1,107321.46,1
15608059,Fairweather,680,Germany,Female,34,4,0.0,2,0,0,144478.41,0
15608060,Okonkwo,465,Spain,Female,41,5,90331.71,1,1,1,129747.31,0
15608061,Thibault,837,France,Male,49,5,162564.53,2,1,0,186672.74,1
15608062,Marchetti,611,Spain,Female,62,9,97959.61,1,1,0,63010.24,1
15608063,Reyes,817,Germany,Male,30,3,69544.42,1,1,0,132911.24,1
15608064,Iyer,722,Germany,Female,45,7,0.0,2,1,0,87409.81,1
15608065,Adeyemi,628,France,Female,44,10,135513.04,1,0,1,36016.63,0
15608066,Duarte,846,France,Male,35,3,0.0,1,1,1,29801.49,1
15608067,Fairweather,704,France,Male,28,3,132336.69,1,0,0,87140.64,1
15608068,Sorensen,628,France,Female,41,1,120597.34,2,1,1,160537.66,1
15608069,Voss,612,Germany,Male,60,8,50467.78,2,0,0,66301.52,0
15608070,Nakamura,749,France,Female,41,2,0.0,1,1,1,70753.03,0
15608071,Sorensen,598,Spain,Female,30,0,116921.69,1,1,1,59924.21,0
15608072,Girard,614,France,Male,37,5,63907.97,1,1,0,30811.97,1
15608073,Renner,593,France,Male,27,6,129614.13,1,1,0,71938.38,0
15608074,Dubois,577,Germany,Male,39,0,73464.29,1,1,1,164902.87,0
15608075,Odom,583,France,Female,45,8,88293.35,2,1,0,115005.54,0
15608076,Hargrove,820,France,Male,31,6,0.0,1,1,0,67038.53,0
15608077,Dubois,747,France,Male,18,5,187890.4,1,0,0,78059.13,1
15608078,Reyes,673,Germany,Male,41,3,0.0,2,0,0,119096.63,1
15608079,Adeyemi,597,Germany,Female,33,7,100899.68,1,1,1,65142.0,0
15608080,Girard,597,France,Female,31,8,0.0,2,1,0,150968.83,0
15608081,Novak,615,Spain,Female,31,8,139773.49,1,1,1,171185.55,0
15608082,Girard,822,France,Female,43,4,0.0,2,0,0,33480.88,0
15608083,Marchetti,678,Spain,Female,34,5,0.0,2,1,0,82469.87,0
15608084,Renner,722,France,Female,48,2,172927.24,2,0,0,122946.5,0
15608085,Voss,669,Germany,Male,48,2,77493.0,1,0,0,174804.39,0
15608086,Renner,565,Germany,Male,36,9,51109.3,1,0,1,1000.0,0
15608087,Petrov,660,France,Female,33,4,125873.78,1,1,1,63246.96,0
15608088,Lindqvist,547,France,Male,40,3,0.0,2,0,0,1000.0,0
15608089,Laurent,765,France,Male,37,8,0.0,4,1,1,143520.22,0
15608090,Sorensen,578,France,Female,21,7,84942.02,1,0,0,100046.11,0
15608091,Weiss,595,France,Female,58,2,0.0,1,1,0,158991.26,0
15608092,Mendez,728,France,Male,46,1,131902.25,1,0,1,86274.96,1
15608093,Schmitt,583,Germany,Male,34,6,0.0,1,1,0,86821.71,1
15608094,Whitfield,629,France,Male,19,10,137923.45,2,0,1,120543.0,0
15608095,Laurent,397,Germany,Male,37,1,0.0,1,0,0,104594.24,1
15608096,Abubakar,619,France,Male,33,2,228395.34,2,0,1,69680.53,0
15608097,Hargrove,707,Spain,Male,38,10,68804.66,1,1,0,150223.1,0
15608098,Okafor,590,France,Female,18,8,62145.49,2,1,1,163675.95,0
15608099,Odom,704,Germany,Male,34,6,3000.0,2,1,1,118468.7,0
15608100,Thibault,648,France,Male,34,3,69995.0,3,1,0,179458.62,1
15608101,Sorensen,754,France,Female,37,5,144607.38,2,0,0,184744.19,0
15608102,Dubois,579,Spain,Male,36,2,0.0,2,0,1,65632.96,1
15608103,Delacroix,627,Spain,Male,39,8,0.0,2,1,0,100784.57,1
15608104,Marchetti,509,Spain,Male,54,5,121200.01,1,0,0,121331.16,0
15608105,Mendez,641,France,Female,33,8,59518.97,1,1,1,7849.71,0
15608106,Fairweather,610,France,Male,29,9,102350.31,2,0,1,105701.59,0
15608107,Winters,742,Germany,Male,21,1,61222.84,2,1,1,92131.87,0
15608108,Osei,590,Spain,Female,33,9,151247.62,3,0,0,56955.82,1
15608109,Girard,609,Spain,Female,24,3,17204.79,2,1,0,113802.82,0
15608110,Voss,585,France,Female,48,3,145157.43,1,0,0,45348.99,1
15608111,Kessler,653,France,Female,38,5,72205.03,2,1,1,10238.97,0
15608112,Lindqvist,841,Germany,Female,48,3,114128.21,2,1,1,1000.0,0
15608113,Whitfield,350,Spain,Male,53,3,0.0,1,1,0,1000.0,0
15608114,Kowalski,645,France,Male,30,7,115355.91,1,0,1,29664.83,0
15608115,Fairweather,763,Germany,Male,35,3,0.0,2,0,0,100936.57,0
15608116,Winters,601,Spain,Male,52,6,0.0,2,1,1,118035.71,0
15608117,Fontaine,701,France,Male,40,3,39870.68,1,1,0,64468.82,1
15608118,Whitfield,763,France,Male,44,3,0.0,3,1,1,133974.11,1
15608119,Bergstrom,623,Spain,Female,49,1,126871.0,1,1,1,117220.42,0
15608120,Rousseau,587,France,Female,48,9,116011.35,1,1,1,47249.95,0
15608121,Kowalski,740,Spain,Male,43,1,0.0,1,1,0,43717.67,0
15608122,Abubakar,698,Spain,Male,53,6,0.0,1,0,0,169589.64,0
15608123,Schmitt,644,France,Male,38,2,104388.01,1,0,0,68846.79,0
15608124,Renner,709,Germany,Male,44,10,54330.67,2,1,0,198953.02,1
15608125,Girard,742,France,Male,37,0,0.0,1,1,1,25886.04,0
15608126,Mendez,645,France,Male,49,4,0.0,2,1,1,84148.73,0
15608127,Fontaine,679,Spain,Male,31,5,113265.06,1,1,0,11143.24,0
15608128,Iyer,700,Spain,Female,21,10,109663.0,2,0,1,1000.0,0
15608129,Okonkwo,606,France,Male,45,1,107124.38,2,0,0,59061.72,0
15608130,Kessler,764,Spain,Female,28,9,0.0,2,0,1,139646.38,0
15608131,Thibault,551,Germany,Male,27,0,147319.25,2,0,1,61315.45,0
15608132,Petrov,637,Germany,Male,51,3,97435.66,1,1,0,131664.76,1
15608133,Delacroix,724,Germany,Male,48,9,0.0,1,1,0,47371.9,1
15608134,Aoki,549,France,Female,35,4,85545.02,2,1,1,175752.46,0
15608135,Fontaine,734,France,Male,18,6,0.0,2,1,1,50480.21,0
15608136,Thibault,668,Spain,Male,44,4,117212.99,3,1,0,182635.38,1
15608137,Fairweather,777,France,Female,45,9,47482.11,1,1,1,100901.44,0
15608138,Balogh,709,Germany,Male,44,1,0.0,1,1,0,38363.47,1
15608139,Hallgren,634,France,Male,43,10,62548.46,1,1,0,48468.09,1
15608140,Laurent,672,France,Female,37,2,67950.11,1,1,1,120031.61,0
15608141,Thibault,676,France,Male,34,6,151472.62,2,0,1,32422.49,0
15608142,Balogh,844,France,Female,27,2,0.0,4,1,1,113761.0,0
15608143,Hallgren,658,France,Male,31,8,121636.43,2,0,1,56017.64,0
15608144,Rousseau,637,Spain,Female,42,7,44012.49,2,0,1,35165.97,0
15608145,Rousseau,631,Spain,Male,42,1,0.0,2,0,1,48818.47,0
15608146,Castellano,668,France,Female,47,2,60436.34,2,0,1,7419.93,1
15608147,Kessler,541,France,Female,24,7,0.0,1,1,1,104564.02,0
15608148,Mendez,613,Germany,Female,22,5,130483.89,2,1,0,108615.87,0
15608149,Hallgren,553,France,Female,35,6,101256.0,1,0,0,53115.8,0
15608150,Okafor,565,Spain,Female,28,4,100040.91,1,1,0,51187.94,0
15608151,Hallgren,727,Spain,Male,40,7,145457.12,1,1,1,10390.72,0
15608152,Winters,653,Spain,Male,25,10,96014.72,4,0,0,59565.94,1
15608153,Schmitt,579,Germany,Male,51,1,0.0,1,1,1,122116.96,0
15608154,Sorensen,636,Spain,Male,30,7,95014.69,2,1,0,55772.91,0
15608155,Castellano,626,Germany,Male,55,10,126393.17,1,0,1,110047.01,0
15608156,Kessler,655,Germany,Female,44,2,120912.23,1,1,1,129528.07,0
15608157,Reyes,505,France,Female,28,4,103045.64,2,0,1,27269.66,0
15608158,Osei,545,France,Female,60,6,232552.28,1,1,0,200000.0,1
15608159,Osei,512,France,Male,41,8,194982.83,2,1,1,148461.11,0
15608160,Okafor,564,France,Female,40,7,51959.98,2,1,0,75362.0,0
15608161,Sorensen,581,Spain,Female,38,10,0.0,1,1,1,1000.0,0
15608162,Thibault,551,France,Female,43,6,178301.36,1,1,0,36956.74,1
15608163,Castellano,723,France,Female,44,9,165268.82,2,1,1,200000.0,0
15608164,Kowalski,827,France,Male,30,5,185976.56,1,1,0,122034.08,0
15608165,Bergstrom,729,Spain,Male,36,3,89791.85,1,1,0,64684.91,0
15608166,Hallgren,596,Spain,Female,40,7,103982.05,2,1,1,70395.48,0
15608167,Mendez,670,Germany,Female,44,4,0.0,2,1,0,176936.99,1
15608168,Fontaine,644,France,Female,45,7,119196.44,1,1,1,121025.92,1
15608169,Novak,592,France,Female,40,7,80063.48,1,1,0,73642.75,1
15608170,Novak,777,Germany,Female,33,0,72967.81,2,1,1,1918.05,0
15608171,Adeyemi,843,Spain,Female,32,5,0.0,2,0,1,85452.44,0
15608172,Weiss,509,Spain,Female,26,0,104203.93,2,1,0,130785.69,0
15608173,Voss,788,Spain,Female,45,4,0.0,3,1,0,125337.24,1
15608174,Girard,593,France,Male,32,7,106604.32,1,0,1,38131.75,0
15608175,Laurent,625,Germany,Male,37,7,139408.34,2,1,0,95795.78,0
15608176,Adeyemi,677,Spain,Male,41,1,46374.15,1,0,0,129197.45,0
15608177,Novak,799,Spain,Male,39,10,0.0,1,1,1,179191.25,0
15608178,Iyer,677,Spain,Female,38,8,134667.99,2,0,0,76091.83,1
15608179,Duarte,690,France,Female,29,3,196623.92,1,1,1,200000.0,0
15608180,Balogh,732,France,Male,41,4,0.0,1,1,1,126241.97,0
15608181,Marchetti,747,Germany,Male,35,1,0.0,1,1,0,63925.35,1
15608182,Aoki,699,Spain,Male,38,3,187115.17,1,0,1,39147.22,0
15608183,Okonkwo,748,France,Female,50,7,101095.89,1,0,1,1000.0,0
15608184,Falk,593,France,Female,44,9,72171.95,1,0,0,39720.79,1
15608185,Thibault,483,Germany,Male,33,6,112344.22,1,1,1,183938.43,0
15608186,Nakamura,825,France,Male,37,3,130638.03,2,0,0,71800.27,1
15608187,Lindqvist,550,France,Female,55,9,48688.01,1,1,0,3817.7,0
15608188,Whitfield,599,Spain,Male,35,5,118454.49,1,1,1,49116.1,0
15608189,Rousseau,618,Germany,Female,39,8,25785.77,2,1,0,99959.46,0
15608190,Marchetti,602,Spain,Female,45,7,96974.68,3,1,0,77674.3,0
15608191,Reyes,580,Germany,Male,41,4,104168.94,2,1,1,119180.08,0
15608192,Petrov,695,France,Male,35,0,0.0,1,1,0,78278.36,0
15608193,Iyer,696,Germany,Male,31,6,0.0,2,1,0,63232.11,0
15608194,Aoki,710,Germany,Male,38,9,0.0,1,0,1,93658.61,0
15608195,Mendez,703,Spain,Male,45,9,0.0,1,1,1,32170.85,0
15608196,Castellano,610,Spain,Male,52,9,182403.31,2,0,1,107343.75,1
15608197,Okonkwo,610,France,Male,24,3,0.0,1,0,1,40132.2,0
15608198,Iyer,757,France,Female,56,9,0.0,3,0,0,86548.7,1
15608199,Aoki,600,France,Male,36,0,0.0,1,0,1,115437.36,1
15608200,Mendez,598,France,Female,48,3,73995.94,2,1,0,76142.7,1
15608201,Iyer,739,Germany,Male,31,6,75581.39,1,1,0,95706.56,1
15608202,Okonkwo,648,France,Male,22,3,112904.35,2,1,1,136815.17,0
15608203,Schmitt,602,Spain,Male,25,0,153359.26,2,1,1,55563.27,0
15608204,Balogh,602,France,Male,35,1,144163.61,1,1,1,193808.53,0
15608205,Petrov,758,France,Male,44,10,3000.0,1,1,0,24460.59,0
15608206,Winters,706,France,Female,39,4,63786.32,2,1,0,167790.39,0
15608207,Petrov,673,France,Female,36,1,150359.39,2,1,0,121794.45,0
15608208,Schmitt,538,Spain,Male,50,6,67568.12,2,1,0,124023.39,0
15608209,Laurent,673,Germany,Male,39,4,105563.24,3,1,1,155261.91,0
15608210,Nakamura,630,France,Male,41,4,129955.16,1,1,0,98344.56,0
15608211,Fontaine,562,Germany,Female,70,10,136182.63,2,0,0,108851.93,1
15608212,Girard,592,Spain,Male,38,5,155034.03,1,1,0,102288.07,0
15608213,Aoki,717,Spain,Male,31,0,0.0,3,1,0,147149.39,1
15608214,Nakamura,769,France,Female,43,10,143628.56,1,1,0,157468.52,0
15608215,Falk,548,France,Female,46,0,50627.04,2,1,1,98280.66,0
15608216,Sorensen,561,Germany,Female,42,7,141321.91,4,0,1,78079.37,1
15608217,Marceau,717,Spain,Male,40,1,0.0,2,0,1,38497.49,0
15608218,Winters,611,France,Male,54,2,134674.62,1,1,0,109843.01,1
15608219,Voss,703,Germany,Male,52,10,176486.4,2,0,1,70786.19,0
15608220,Castellano,609,France,Female,37,1,123877.58,1,0,0,1000.0,1
15608221,Duarte,705,Germany,Female,32,10,105650.35,1,1,1,91029.48,0
15608222,Bergstrom,518,France,Male,43,3,0.0,2,1,0,101449.38,0
15608223,Renner,703,Germany,Female,32,4,213717.08,1,1,1,144362.8,0
15608224,Marchetti,448,France,Male,48,10,0.0,2,1,1,96934.12,0
15608225,Mendez,739,France,Female,43,8,111760.74,2,0,0,38918.6,0
15608226,Reyes,647,Spain,Male,66,3,94185.46,2,0,1,156829.3,0
15608227,Balogh,692,France,Male,54,8,45289.99,1,0,1,1000.0,0
15608228,Mendez,673,Germany,Male,27,5,156408.54,1,0,0,9508.06,1
15608229,Iyer,486,Spain,Female,33,1,136947.68,1,0,1,82588.17,0
15608230,Voss,781,France,Male,19,2,124198.9,2,1,1,79440.76,0
15608231,Whitfield,682,France,Male,18,2,80631.13,3,1,0,82974.07,1
15608232,Mendez,723,Germany,Female,40,5,0.0,1,1,1,48800.46,1
15608233,Novak,573,Spain,Female,26,9,98944.34,1,1,0,150913.1,0
15608234,Odom,673,Germany,Female,55,6,136051.42,2,1,0,84604.06,1
15608235,Renner,524,France,Female,50,1,183806.9,1,1,0,16930.27,1
15608236,Balogh,664,Germany,Female,36,6,0.0,1,0,0,117001.72,1
15608237,Whitfield,560,Spain,Female,35,5,0.0,1,0,1,50312.43,0
15608238,Nakamura,850,Spain,Male,54,4,0.0,2,0,1,40553.13,0
15608239,Okonkwo,708,France,Male,56,2,198042.2,1,1,1,90065.57,0
15608240,Reyes,778,France,Male,29,7,150649.37,2,1,0,187448.73,1
15608241,Okafor,626,Germany,Male,28,6,173171.76,2,1,0,1000.0,0
15608242,Schmitt,688,Germany,Male,35,4,69519.8,1,0,0,1000.0,1
15608243,Fairweather,737,France,Male,43,2,0.0,2,1,1,41884.79,0
15608244,Thibault,547,Germany,Male,33,1,104500.94,1,1,0,189653.55,0
15608245,Schmitt,585,France,Female,43,2,0.0,3,0,0,29544.85,1
15608246,Hallgren,743,France,Female,58,6,0.0,3,1,0,152972.59,0
15608247,Duarte,629,France,Female,24,0,0.0,2,1,0,143028.8,0
15608248,Osei,578,France,Female,34,0,19284.26,1,1,1,157468.69,0
15608249,Lindqvist,589,France,Male,24,10,133923.18,3,1,1,40609.72,1
15608250,Whitfield,533,France,Male,30,2,0.0,1,1,1,98358.26,0
15608251,Girard,462,France,Male,35,1,0.0,2,0,1,133371.58,0
15608252,Thibault,487,Spain,Male,31,10,91514.26,3,1,0,115690.13,1
15608253,Abubakar,654,Germany,Male,44,4,25859.25,2,0,1,200000.0,0
15608254,Nakamura,714,Spain,Female,40,0,0.0,1,1,1,200000.0,0
15608255,Voss,850,France,Male,42,4,0.0,1,1,0,161020.33,1
15608256,Reyes,646,Germany,Male,35,0,60618.1,2,0,0,135173.19,0
15608257,Hallgren,527,France,Male,36,3,83866.79,1,1,1,139631.03,0
15608258,Petrov,647,Germany,Male,35,10,148362.11,1,1,1,157836.52,0
15608259,Fairweather,717,Spain,Female,36,8,42938.12,1,0,1,197164.1,0
15608260,Okonkwo,749,France,Female,43,4,156151.72,2,0,1,50467.79,0
15608261,Iyer,740,France,Female,19,3,48513.27,2,0,0,164464.08,0
15608262,Kowalski,705,Germany,Female,41,6,92943.88,1,0,0,111984.03,1
15608263,Voss,659,Germany,Male,30,6,110218.25,2,0,1,157314.05,0
15608264,Novak,721,Spain,Male,35,8,97015.85,2,1,1,102094.52,0
15608265,Odom,536,Germany,Female,23,5,0.0,2,0,0,71594.84,0
15608266,Petrov,457,Germany,Male,35,0,106579.74,2,1,1,72577.61,0
15608267,Winters,850,France,Male,41,9,0.0,2,1,0,104484.7,0
15608268,Marchetti,645,Spain,Male,43,3,3000.0,2,1,0,128188.95,0
15608269,Marceau,701,France,Female,26,9,132037.67,1,1,0,74038.5,1
15608270,Aoki,381,France,Male,43,8,205932.85,1,1,0,14074.15,0
15608271,Castellano,798,France,Female,50,2,87403.48,2,1,0,136577.97,1
15608272,Adeyemi,761,Germany,Male,33,5,0.0,1,0,1,91695.16,1
15608273,Delacroix,500,Spain,Male,39,8,0.0,4,1,0,1000.0,0
15608274,Adeyemi,620,France,Male,18,3,0.0,1,1,0,6198.71,0
15608275,Duarte,676,France,Male,29,8,0.0,1,1,0,114783.17,1
15608276,Sorensen,529,France,Male,41,5,0.0,1,1,1,136128.74,0
15608277,Hargrove,697,Spain,Female,48,10,90376.94,1,0,1,162604.4,0
15608278,Nakamura,750,Germany,Male,32,9,144267.26,2,1,1,68841.05,0
15608279,Fairweather,681,France,Male,66,10,0.0,2,0,0,61754.23,1
15608280,Petrov,500,France,Male,42,2,50431.39,1,1,0,130334.3,0
15608281,Weiss,550,Spain,Male,26,8,0.0,2,1,0,49390.29,0
15608282,Novak,638,France,Female,52,8,141412.22,2,1,1,51276.52,1
15608283,Lindqvist,626,Spain,Male,26,4,73845.57,2,0,1,109649.54,0
15608284,Balogh,628,France,Female,42,1,113763.85,1,1,1,114249.54,0
15608285,Petrov,625,France,Male,29,3,0.0,2,1,1,130053.03,0
15608286,Thibault,477,France,Male,25,5,0.0,1,1,0,105038.75,0
15608287,Balogh,727,Germany,Female,48,9,0.0,2,1,0,40996.11,0
15608288,Winters,710,France,Male,36,10,193131.75,2,1,0,77983.61,1
15608289,Reyes,700,France,Female,56,10,0.0,3,1,0,103129.45,1
15608290,Hargrove,691,Spain,Male,28,10,162950.05,3,0,0,171395.53,1
15608291,Castellano,623,Germany,Male,23,1,0.0,1,1,0,138162.11,1
15608292,Sorensen,592,France,Female,34,10,123959.58,1,0,0,108254.85,1
15608293,Dubois,552,France,Male,68,6,68898.38,2,1,1,135892.53,0
15608294,Adeyemi,798,Spain,Female,47,1,0.0,1,1,1,172863.55,0
15608295,Whitfield,648,France,Female,44,1,0.0,2,1,1,24394.64,1
15608296,Osei,491,Spain,Male,44,2,0.0,1,0,0,100700.3,0
15608297,Weiss,647,France,Male,34,2,0.0,4,0,0,5411.24,1
15608298,Petrov,450,France,Female,66,1,153580.53,1,1,0,99730.39,1
15608299,Marceau,674,France,Male,43,4,11761.84,1,0,1,71369.69,0
15608300,Okafor,664,Spain,Female,42,6,0.0,1,1,0,176792.62,1
15608301,Aoki,598,France,Male,49,3,0.0,1,1,1,165655.49,0
15608302,Winters,560,France,Male,26,7,0.0,2,1,1,200000.0,0
15608303,Schmitt,704,France,Male,30,7,148707.51,1,0,0,83609.19,1
15608304,Weiss,642,Germany,Female,36,4,0.0,2,1,0,114159.18,1
15608305,Delacroix,464,France,Female,49,0,61806.58,1,0,1,96786.63,0
15608306,Bergstrom,766,Spain,Female,25,3,0.0,3,1,1,175665.76,1
15608307,Delacroix,560,Spain,Male,38,6,0.0,3,1,1,98386.02,0
15608308,Schmitt,523,France,Male,36,4,190384.47,2,1,1,45020.87,0
15608309,Thibault,780,Germany,Male,22,6,77692.94,1,1,1,2246.77,0
15608310,Rousseau,752,Germany,Male,33,9,126566.9,1,1,1,172476.52,0
15608311,Petrov,610,France,Male,44,8,131370.44,1,0,1,118970.6,0
15608312,Marchetti,530,France,Female,23,6,132294.38,3,1,0,111178.25,1
15608313,Winters,563,France,Male,53,1,143037.66,3,0,0,188637.13,1
15608314,Okafor,608,France,Male,43,8,134980.65,1,1,1,108606.87,0
15608315,Lindqvist,767,Spain,Female,42,3,112958.9,1,1,1,14835.49,0
15608316,Thibault,774,Germany,Male,39,4,14919.61,2,0,0,28107.41,1
15608317,Kessler,666,Germany,Female,27,7,155208.59,2,0,1,134880.81,0
15608318,Dubois,712,France,Male,32,9,3000.0,1,1,1,141191.01,0
15608319,Dubois,630,France,Male,42,7,50314.7,2,1,1,200000.0,0
15608320,Osei,566,France,Female,32,3,76765.63,2,1,1,104793.61,0
15608321,Voss,506,Spain,Female,40,4,157159.6,1,1,1,200000.0,0
15608322,Dubois,681,France,Female,29,3,100888.89,1,1,1,37691.16,0
15608323,Kessler,736,Germany,Male,43,5,0.0,1,1,1,60198.04,0
15608324,Thibault,601,Germany,Male,44,8,42660.19,1,1,1,39920.6,0
15608325,Rousseau,764,France,Female,22,10,0.0,2,1,0,115674.71,1
15608326,Hallgren,613,Spain,Male,39,4,0.0,1,1,0,172637.61,0
15608327,Rousseau,658,Spain,Female,23,3,0.0,1,0,1,93475.85,0
15608328,Odom,629,Germany,Male,20,9,80368.57,1,1,1,49267.68,1
15608329,Kowalski,769,France,Male,32,1,0.0,3,1,1,139907.22,0
15608330,Laurent,697,France,Male,67,4,164289.06,2,0,1,96377.6,0
15608331,Mendez,644,Spain,Female,46,10,123922.53,2,1,0,140943.56,1
15608332,Fairweather,657,France,Male,53,9,96437.84,1,1,1,98643.49,0
15608333,Hargrove,536,Spain,Female,45,8,0.0,2,1,0,98379.16,0
15608334,Kowalski,436,France,Male,41,9,175637.89,1,1,1,200000.0,1
15608335,Kessler,599,Spain,Male,48,2,79662.82,3,0,1,43321.13,1
15608336,Thibault,631,Germany,Male,32,0,0.0,2,1,1,127722.06,0
15608337,Voss,701,France,Female,43,9,90426.75,1,1,1,145122.15,0
15608338,Falk,634,France,Female,51,5,25275.18,1,1,1,164419.75,0
15608339,Lindqvist,605,Spain,Male,46,2,172546.69,2,0,0,40719.54,1
15608340,Castellano,367,France,Male,51,5,82829.42,1,1,1,126273.48,0
15608341,Fontaine,701,Spain,Female,40,9,97532.71,1,1,1,76176.33,0
15608342,Marceau,670,Spain,Male,56,5,0.0,1,0,1,99195.62,0
15608343,Duarte,728,France,Female,36,6,85020.0,3,1,0,78216.34,1
15608344,Odom,653,Germany,Female,60,5,175303.54,2,0,1,73086.29,0
15608345,Kowalski,760,Spain,Male,44,5,24590.99,1,1,0,192368.77,1
15608346,Thibault,597,Spain,Female,35,10,0.0,2,1,0,161484.77,0
15608347,Lindqvist,646,France,Female,26,10,0.0,1,1,1,22979.16,0
15608348,Hallgren,673,France,Male,30,4,33030.12,1,1,0,86937.14,0
15608349,Girard,713,France,Male,29,8,0.0,1,1,1,95328.48,0
15608350,Petrov,690,Germany,Male,38,7,0.0,1,0,1,180848.51,0
15608351,Fairweather,696,Germany,Female,26,1,64001.96,1,1,1,35893.59,1
15608352,Rousseau,676,Germany,Female,52,9,131150.27,3,1,0,62504.49,1
15608353,Voss,632,France,Male,40,7,74733.27,1,0,1,59061.27,0
15608354,Laurent,737,Spain,Male,39,9,31028.17,2,1,0,1000.0,0
15608355,Osei,489,Germany,Male,27,8,160490.41,3,0,1,1000.0,1
15608356,Balogh,590,Spain,Male,31,10,126719.79,1,1,0,115835.58,0
15608357,Mendez,803,France,Male,18,5,0.0,1,1,0,57855.26,1
15608358,Sorensen,585,Germany,Male,55,0,0.0,2,1,1,113876.07,0
15608359,Bergstrom,642,France,Male,24,3,0.0,2,1,1,8039.15,0
15608360,Odom,783,France,Female,25,1,0.0,2,1,1,34829.95,0
15608361,Abubakar,638,Germany,Female,53,2,0.0,1,1,1,75651.17,0
15608362,Castellano,570,France,Male,42,6,179021.07,3,1,0,14621.91,0
15608363,Castellano,765,France,Female,40,10,0.0,1,1,1,82703.59,0
15608364,Odom,622,Spain,Male,42,8,181458.0,1,1,1,81870.92,0
15608365,Lindqvist,629,Germany,Male,48,4,0.0,2,1,0,76852.23,0
15608366,Okafor,460,France,Female,40,5,123742.04,1,1,0,21024.1,0
15608367,Okafor,638,Germany,Male,23,5,0.0,2,0,1,167402.58,0
15608368,Falk,716,France,Male,46,4,0.0,1,1,1,30231.96,0
15608369,Iyer,609,France,Male,43,6,163050.04,2,1,0,89561.17,1
15608370,Osei,527,France,Female,50,10,116060.93,1,1,1,89897.45,0
15608371,Whitfield,604,Spain,Male,26,1,0.0,2,0,0,101534.59,1
15608372,Whitfield,591,France,Female,31,3,162975.3,2,1,0,20094.35,1
15608373,Rousseau,626,France,Male,42,0,52087.88,2,0,0,115339.83,0
15608374,Duarte,600,Spain,Male,29,9,87754.82,1,0,0,59405.99,0
15608375,Hallgren,810,Spain,Male,18,2,145666.74,1,1,0,130162.04,1
15608376,Kowalski,679,Spain,Female,41,7,35652.68,1,0,1,151633.47,0
15608377,Bergstrom,483,Germany,Male,48,0,0.0,2,1,0,102426.87,1
15608378,Okonkwo,657,France,Female,37,5,0.0,3,1,0,66800.49,1
15608379,Novak,646,France,Female,44,9,0.0,1,1,1,191835.82,0
15608380,Novak,765,France,Male,43,10,65768.15,3,1,1,123433.13,0
15608381,Marceau,635,Spain,Male,39,1,0.0,2,1,1,54781.54,1
15608382,Osei,632,France,Male,40,7,0.0,1,1,0,34087.6,0
15608383,Castellano,829,France,Female,52,2,0.0,2,0,1,121423.16,1
15608384,Bergstrom,547,France,Female,29,8,37322.82,1,1,0,80555.34,0
15608385,Hargrove,727,France,Male,46,5,96765.92,1,1,1,36256.84,0
15608386,Hallgren,656,Germany,Female,26,8,48022.29,2,1,1,104461.01,1
15608387,Laurent,602,Spain,Male,30,9,171668.87,1,1,0,27613.67,1
15608388,Laurent,588,France,Female,51,3,73280.4,2,1,0,104461.65,0
15608389,Abubakar,780,Spain,Female,26,0,0.0,2,1,1,115113.67,0
15608390,Whitfield,695,Spain,Male,36,3,0.0,2,1,0,50755.74,0
15608391,Odom,708,France,Male,63,2,74677.23,1,0,1,119004.2,0
15608392,Whitfield,735,France,Male,49,1,0.0,1,0,1,55768.77,0
15608393,Rousseau,683,Spain,Female,31,7,0.0,1,1,1,97446.56,0
15608394,Adeyemi,548,France,Male,33,9,15386.47,1,0,1,9790.22,0
15608395,Kowalski,499,Spain,Female,37,5,179089.61,1,0,1,104230.37,0
15608396,Okafor,798,Spain,Male,52,5,105165.97,2,0,0,160418.72,0
15608397,Whitfield,670,Germany,Male,28,6,38292.16,1,1,0,12900.54,1
15608398,Duarte,658,Germany,Female,28,9,98767.91,2,1,1,141244.92,0
15608399,Lindqvist,823,Germany,Male,46,0,140889.85,2,1,1,66678.69,0
15608400,Laurent,548,Spain,Female,21,5,71146.85,3,1,1,150609.08,1
15608401,Aoki,408,France,Male,29,9,0.0,1,1,1,199015.8,0
15608402,Delacroix,476,Spain,Male,38,1,105831.79,1,1,1,104452.16,0
15608403,Sorensen,599,Germany,Male,38,6,0.0,2,1,0,130660.58,0
15608404,Thibault,661,Germany,Male,25,0,123652.23,3,0,1,120695.23,0
15608405,Balogh,784,Germany,Female,42,9,0.0,2,1,1,154835.8,1
15608406,Falk,731,France,Male,44,7,159836.12,1,1,0,86635.05,1
15608407,Voss,404,Spain,Male,32,10,191147.29,2,1,0,137910.08,0
15608408,Aoki,850,Germany,Male,55,3,3000.0,2,1,0,59120.64,1
15608409,Petrov,611,Spain,Female,42,8,0.0,1,1,0,164108.66,1
15608410,Rousseau,768,Spain,Female,28,8,0.0,1,1,0,38645.89,0
15608411,Renner,702,Spain,Female,55,0,125852.8,2,1,1,72828.79,0
15608412,Osei,651,Spain,Female,33,8,34557.68,1,1,1,62994.02,1
15608413,Dubois,627,France,Male,40,7,72890.88,2,1,1,121668.37,0
15608414,Fairweather,543,France,Male,34,6,0.0,3,0,0,143768.91,1
15608415,Winters,526,Germany,Male,45,6,94296.68,1,1,0,130405.84,1
15608416,Petrov,634,Germany,Male,34,8,122516.25,3,0,0,69244.42,1
15608417,Rousseau,517,Germany,Female,34,1,201541.56,2,1,1,183822.74,1
15608418,Hargrove,808,France,Female,37,4,116708.97,2,1,0,166920.0,0
15608419,Petrov,659,France,Male,33,2,151368.84,2,1,1,115169.88,0
15608420,Voss,850,France,Female,49,9,0.0,1,0,0,64766.6,0
15608421,Petrov,608,Germany,Male,26,1,95203.07,2,1,0,22097.97,1
15608422,Voss,593,Spain,Female,38,0,92345.78,1,1,0,140061.59,0
15608423,Renner,707,Germany,Male,39,10,171080.42,1,1,1,81935.43,1
15608424,Thibault,625,France,Female,37,4,111597.16,2,1,1,154825.12,0
15608425,Castellano,743,Spain,Male,48,8,61557.68,2,1,1,159044.8,0
15608426,Mendez,788,Germany,Female,23,2,166115.87,1,0,0,74446.06,1
15608427,Odom,756,France,Female,44,7,3000.0,1,0,1,100596.23,0
15608428,Fairweather,781,Germany,Male,26,10,190914.63,1,1,0,98233.36,1
15608429,Nakamura,728,Spain,Male,33,8,0.0,2,1,0,183086.27,0
15608430,Aoki,597,France,Female,25,3,0.0,1,1,1,78743.71,1
15608431,Castellano,759,France,Female,35,6,116151.29,1,0,1,137296.32,1
15608432,Marchetti,717,Germany,Male,33,9,178534.46,2,1,0,103957.91,0
15608433,Okafor,591,Spain,Female,55,9,0.0,1,1,1,188815.0,0
15608434,Hargrove,603,Germany,Female,41,3,110865.68,2,1,1,61764.17,1
15608435,Lindqvist,641,Germany,Female,43,2,0.0,2,0,1,40018.89,0
15608436,Girard,757,France,Male,27,4,76318.46,2,0,1,1000.0,0
15608437,Marchetti,661,Germany,Female,46,2,144103.44,1,1,0,109410.85,1
15608438,Rousseau,649,Germany,Male,55,7,0.0,2,1,0,113611.34,0
15608439,Marceau,635,France,Male,47,6,0.0,1,0,0,87449.93,1
15608440,Falk,616,Germany,Female,25,5,71258.23,2,1,1,152116.69,0
15608441,Fairweather,538,France,Male,34,8,54306.16,1,1,1,187347.49,1
15608442,Sorensen,726,France,Male,40,2,126989.12,1,0,1,55308.11,0
15608443,Reyes,552,France,Female,33,9,107729.17,3,1,0,86805.37,1
15608444,Fontaine,656,Germany,Female,64,6,52073.92,2,1,0,2644.39,0
15608445,Okafor,611,France,Male,34,10,0.0,2,0,0,103348.82,1
15608446,Novak,724,France,Male,38,6,147238.39,1,1,1,63274.57,0
15608447,Osei,617,Spain,Male,32,8,45988.06,2,1,1,75187.87,0
15608448,Mendez,553,France,Male,41,2,0.0,1,1,1,91085.0,0
15608449,Sorensen,745,Germany,Male,53,2,75587.19,2,1,1,127558.07,0
15608450,Hallgren,571,Germany,Male,40,6,76614.55,2,1,0,84161.19,0
15608451,Castellano,665,France,Female,36,2,0.0,2,1,0,200000.0,0
15608452,Delacroix,772,France,Female,28,0,84239.43,1,1,0,93173.61,1
15608453,Castellano,580,Germany,Female,51,4,0.0,2,1,0,17083.72,1
15608454,Kowalski,640,France,Female,37,2,0.0,1,1,0,55612.56,0
15608455,Kessler,609,France,Female,37,7,0.0,2,1,1,133326.31,0
15608456,Delacroix,663,Germany,Female,18,6,0.0,1,1,1,135862.38,0
15608457,Schmitt,643,Germany,Male,37,5,112160.39,2,1,0,96863.45,1
15608458,Hallgren,738,Spain,Female,34,9,3000.0,1,1,1,97080.63,0
15608459,Kessler,590,Spain,Male,20,0,57128.76,1,1,1,107993.4,0
15608460,Balogh,772,Germany,Male,49,8,103628.9,4,1,1,135389.78,0
15608461,Dubois,804,Spain,Male,33,5,13521.92,1,0,1,95062.8,1
15608462,Girard,675,Spain,Male,58,7,0.0,2,1,1,24898.22,0
15608463,Whitfield,574,Germany,Male,53,8,50264.92,2,1,1,56107.11,0
15608464,Hargrove,646,Spain,Female,31,3,128866.0,2,1,0,62973.84,0
15608465,Winters,638,Spain,Male,52,2,135861.3,1,1,1,29113.15,0
15608466,Weiss,820,France,Male,55,8,50821.22,1,1,0,26405.36,0
15608467,Falk,640,Spain,Male,33,6,101932.3,1,1,0,115279.47,0
15608468,Hargrove,783,Spain,Female,28,2,133184.79,2,1,1,93337.62,0
15608469,Marchetti,661,France,Male,18,2,178254.02,1,0,0,135316.26,1
15608470,Castellano,654,France,Male,42,9,176308.67,1,1,0,196021.41,1
15608471,Duarte,616,Germany,Female,29,6,157564.26,1,1,1,139733.23,0
15608472,Castellano,625,France,Female,43,10,85036.02,2,0,1,134431.62,1
15608473,Balogh,735,France,Male,33,7,0.0,2,1,0,10800.55,0
15608474,Hallgren,580,France,Female,31,2,115563.64,2,1,1,128945.65,0
15608475,Okafor,742,France,Male,33,2,101170.77,2,1,0,93697.59,0
15608476,Iyer,788,Germany,Female,25,10,0.0,1,1,1,163189.2,0
15608477,Castellano,593,France,Female,33,8,184054.63,1,1,1,23959.49,0
15608478,Girard,766,France,Female,31,6,0.0,2,1,0,146117.27,0
15608479,Girard,751,Germany,Male,38,7,155500.76,1,1,1,62457.54,0
15608480,Kowalski,733,France,Female,40,4,145024.63,1,1,0,38320.87,0
15608481,Petrov,589,France,Male,28,3,0.0,2,1,0,200000.0,0
15608482,Hallgren,639,Germany,Male,50,9,37047.06,1,1,0,100462.63,0
15608483,Schmitt,638,Spain,Female,37,9,0.0,2,1,1,89794.85,0
15608484,Balogh,850,Germany,Female,54,9,146320.77,2,1,1,65411.59,0
15608485,Iyer,649,Germany,Male,41,8,126483.6,1,1,1,78049.68,0
15608486,Marchetti,632,Germany,Female,39,9,219621.87,1,1,0,73179.95,1
15608487,Winters,540,France,Male,33,5,83686.85,1,0,1,82140.67,0
15608488,Girard,557,Germany,Female,45,3,0.0,1,1,1,87808.5,0
15608489,Petrov,584,Spain,Male,39,0,122333.67,2,1,1,81485.19,0
15608490,Kowalski,685,France,Male,47,3,87138.79,2,1,1,34483.59,0
15608491,Thibault,513,Germany,Female,55,4,0.0,1,1,1,96958.17,0
15608492,Voss,586,France,Male,31,0,0.0,1,1,1,111440.59,0
15608493,Hargrove,471,Germany,Female,45,3,79625.67,1,1,1,140616.08,0
15608494,Novak,785,Spain,Male,44,10,0.0,1,1,0,158485.34,0
15608495,Adeyemi,660,Spain,Female,43,2,140878.5,1,1,0,77429.4,0
15608496,Petrov,680,France,Male,34,4,46011.75,1,0,1,115625.47,0
15608497,Delacroix,545,Germany,Female,34,7,107904.0,2,1,1,138754.97,0
15608498,Schmitt,761,Spain,Female,33,9,0.0,1,1,0,64036.02,0
15608499,Marceau,794,France,Female,32,10,0.0,1,1,0,108380.04,1
15608500,Abubakar,656,France,Male,30,8,0.0,1,1,1,115158.49,0
15608501,Nakamura,604,Germany,Female,37,1,104007.13,1,1,0,1000.0,1
15608502,Kessler,703,France,Female,31,1,0.0,1,1,1,95742.7,0
15608503,Thibault,721,Spain,Male,43,8,110240.74,3,0,0,104048.94,0
15608504,Whitfield,734,Spain,Female,39,9,0.0,2,1,1,56607.57,1
15608505,Bergstrom,714,France,Female,40,6,0.0,1,1,0,149861.06,0
15608506,Aoki,743,Spain,Female,36,10,137088.32,1,1,0,196298.74,0
15608507,Odom,584,France,Male,39,7,0.0,2,0,1,116801.12,0
15608508,Voss,738,Germany,Male,36,3,68160.92,1,1,0,29800.28,1
15608509,Osei,606,Germany,Female,46,9,0.0,1,1,0,84838.28,1
15608510,Renner,409,France,Female,34,8,117976.09,1,1,1,45223.05,0
15608511,Schmitt,606,Spain,Male,42,4,0.0,2,1,1,200000.0,0
15608512,Dubois,597,Spain,Female,25,6,0.0,1,0,1,66565.98,1
15608513,Adeyemi,673,Germany,Male,46,6,193318.08,2,1,1,107390.04,0
15608514,Marceau,730,France,Male,33,1,134024.18,3,0,0,160425.64,1
15608515,Odom,669,Spain,Female,29,3,205187.59,1,0,1,49306.3,0
15608516,Weiss,843,Germany,Female,27,2,167591.03,2,1,0,55979.8,0
15608517,Kessler,600,France,Female,26,3,9636.04,2,1,0,167936.2,0
15608518,Girard,459,Spain,Female,34,5,0.0,1,1,1,166124.47,0
15608519,Falk,677,France,Male,54,5,121344.47,3,1,1,42420.8,0
15608520,Laurent,598,Spain,Male,32,9,0.0,4,1,1,39810.08,0
15608521,Okonkwo,546,France,Male,18,0,0.0,1,1,1,130855.27,0
15608522,Petrov,621,Germany,Female,42,9,0.0,4,0,1,130378.79,1
15608523,Abubakar,575,France,Male,27,2,91776.95,4,1,1,65343.02,0
15608524,Petrov,584,France,Female,47,3,147281.95,1,1,1,113955.46,0
15608525,Hallgren,796,Germany,Male,34,1,70389.6,1,1,1,34419.44,0
15608526,Novak,662,Germany,Male,36,0,113412.62,1,1,1,127536.82,0
15608527,Schmitt,625,Spain,Male,51,1,0.0,1,1,0,112200.1,0
15608528,Thibault,803,Spain,Female,45,2,0.0,1,1,0,3240.0,1
15608529,Lindqvist,622,France,Male,26,4,102054.37,1,0,1,77079.03,0
15608530,Sorensen,532,Spain,Female,27,3,170405.17,2,0,1,79838.98,0
15608531,Odom,523,France,Female,20,1,0.0,1,1,1,134231.23,0
15608532,Osei,642,France,Male,65,3,16594.31,2,1,0,38916.87,1
15608533,Nakamura,492,Germany,Female,30,1,12907.1,3,0,1,161832.44,0
15608534,Marceau,537,Spain,Male,50,7,0.0,2,1,1,101215.6,0
15608535,Marchetti,613,France,Male,33,7,196209.53,2,1,0,158380.7,0
15608536,Reyes,759,France,Male,27,0,73862.83,1,0,1,19391.74,0
15608537,Odom,774,Germany,Female,39,7,97601.7,1,1,1,114027.25,0
15608538,Lindqvist,713,France,Female,35,9,0.0,2,1,0,108080.64,0
15608539,Thibault,650,France,Male,47,10,0.0,2,1,0,110013.74,0
15608540,Reyes,595,France,Female,47,0,154850.86,2,0,1,118281.55,0
15608541,Petrov,687,France,Female,32,10,104329.57,1,1,1,114106.5,0
15608542,Fairweather,821,France,Female,24,4,0.0,1,1,1,1000.0,0
15608543,Sorensen,664,Germany,Male,26,9,165048.14,1,1,1,194044.78,0
15608544,Adeyemi,606,France,Female,18,2,29726.47,2,0,0,62171.1,0
15608545,Mendez,635,Spain,Female,36,7,0.0,3,1,1,65669.4,1
15608546,Falk,624,Spain,Male,38,8,0.0,1,0,1,103248.88,0
15608547,Kowalski,703,Spain,Female,27,2,75669.94,2,0,1,127203.63,0
15608548,Whitfield,577,Spain,Male,26,8,144504.39,1,1,1,23925.42,0
15608549,Lindqvist,689,Spain,Female,38,1,0.0,2,1,0,13871.75,0
15608550,Hallgren,705,Spain,Female,32,7,227471.58,1,0,0,184681.15,0
15608551,Osei,683,Spain,Male,36,10,144951.26,1,1,1,79939.07,0
15608552,Schmitt,546,Germany,Male,35,3,82769.49,1,1,0,117026.63,1
15608553,Bergstrom,636,Spain,Female,41,10,0.0,2,0,1,41408.98,0
15608554,Rousseau,599,Germany,Female,33,7,47588.12,1,0,0,192569.85,1
15608555,Duarte,643,France,Female,34,5,38272.83,3,1,0,147832.65,1
15608556,Okafor,586,Spain,Female,19,3,92728.73,1,1,1,67757.91,0
15608557,Kessler,769,Spain,Male,38,6,0.0,1,0,0,188115.46,1
15608558,Hallgren,668,France,Male,39,10,41656.59,1,1,1,138276.35,0
15608559,Odom,495,Germany,Female,37,0,0.0,1,1,1,146651.28,0
15608560,Dubois,522,France,Male,58,9,102715.42,2,1,1,150876.64,0
15608561,Adeyemi,766,France,Female,40,1,0.0,1,0,1,78581.85,0
15608562,Voss,633,Germany,Male,37,9,115651.86,1,0,1,200000.0,1
15608563,Schmitt,613,France,Male,44,6,150722.83,4,1,0,200000.0,1
15608564,Hargrove,758,France,Female,60,9,166883.55,2,1,1,200000.0,0
15608565,Schmitt,635,France,Female,41,1,101272.12,1,0,0,1000.0,0
15608566,Iyer,535,Germany,Female,18,0,137492.24,2,1,0,102192.75,1
15608567,Osei,542,France,Male,43,5,177037.88,1,1,1,120911.98,0
15608568,Bergstrom,710,Spain,Female,30,8,152704.17,1,0,0,81869.76,1
15608569,Osei,845,Germany,Male,19,8,91341.64,3,1,1,100702.42,1
15608570,Aoki,731,Spain,Female,56,8,102245.76,3,1,0,98368.22,0
15608571,Falk,613,Germany,Female,54,8,62674.21,2,0,1,177507.01,0
15608572,Hallgren,628,Germany,Male,29,8,202887.24,2,1,0,169611.92,0
15608573,Reyes,655,France,Female,29,9,0.0,2,0,1,120193.16,0
15608574,Bergstrom,456,Germany,Female,40,1,0.0,1,0,1,125610.4,0
15608575,Nakamura,652,Spain,Male,29,2,70009.21,1,1,1,101887.2,0
15608576,Novak,706,France,Female,37,0,0.0,2,1,0,200000.0,0
15608577,Nakamura,820,France,Male,31,4,0.0,2,1,1,122053.43,0
15608578,Bergstrom,755,Spain,Female,34,2,102450.0,1,1,0,200000.0,1
15608579,Dubois,835,France,Male,24,6,142197.63,2,0,1,156265.06,1
15608580,Kessler,811,Spain,Male,47,6,0.0,1,1,1,134344.96,0
15608581,Hallgren,784,France,Female,51,6,144217.65,2,0,0,13061.37,0
15608582,Iyer,653,Spain,Male,37,7,0.0,1,0,0,171246.08,1
15608583,Renner,683,France,Female,38,10,0.0,2,1,1,1159.48,0
15608584,Adeyemi,490,Germany,Male,45,1,0.0,3,0,0,89438.71,1
15608585,Sorensen,663,France,Male,39,3,104371.38,3,1,0,21847.33,1
15608586,Okafor,704,France,Male,56,4,59114.33,2,1,1,156661.5,0
15608587,Novak,623,France,Male,25,0,145562.46,1,1,1,76926.62,0
15608588,Reyes,502,France,Male,47,9,115512.3,1,1,0,138113.34,1
15608589,Falk,802,Spain,Male,37,4,197583.35,2,1,0,1000.0,0
15608590,Marchetti,689,Spain,Male,27,1,0.0,2,1,0,151998.34,0
15608591,Petrov,815,France,Male,61,5,115641.46,2,0,0,148544.96,1
15608592,Odom,721,Germany,Male,63,2,105840.6,1,0,1,41468.39,0
15608593,Castellano,781,France,Male,36,4,147935.74,1,0,1,69080.98,0
15608594,Fontaine,762,France,Male,43,7,63420.11,2,1,0,177482.55,1
15608595,Renner,585,Germany,Male,34,3,61994.34,1,1,0,116377.84,0
15608596,Dubois,601,Spain,Male,35,9,0.0,1,1,1,149432.01,0
15608597,Weiss,609,Spain,Male,27,2,141238.17,2,0,1,1000.0,0
15608598,Castellano,557,France,Male,25,1,0.0,3,1,1,91015.43,1
15608599,Castellano,819,France,Male,57,4,0.0,1,1,0,159667.71,1
15608600,Okonkwo,654,Spain,Female,38,2,141577.35,3,0,1,58600.15,0
15608601,Abubakar,694,France,Male,39,7,0.0,2,0,0,63233.73,0
15608602,Marceau,522,France,Male,30,5,109123.94,1,1,0,99986.09,1
15608603,Girard,729,Germany,Female,40,1,107935.44,1,0,1,56467.07,0
15608604,Balogh,611,Spain,Male,23,3,150126.55,1,0,0,182516.82,1
15608605,Reyes,771,France,Male,31,9,207780.88,2,1,1,142200.76,0
15608606,Delacroix,584,France,Female,26,9,161400.91,1,1,1,100435.47,0
15608607,Mendez,778,Spain,Female,52,7,172143.37,2,1,0,200000.0,0
15608608,Bergstrom,740,France,Female,22,9,213955.32,1,0,0,94064.81,1
15608609,Thibault,605,France,Female,26,1,0.0,1,1,1,129765.83,0
15608610,Bergstrom,786,France,Female,18,8,0.0,2,0,1,48330.74,0
15608611,Fontaine,760,Spain,Female,29,0,0.0,1,1,1,98821.47,0
15608612,Hargrove,697,Spain,Male,34,6,158959.9,1,1,0,141055.13,0
15608613,Fontaine,555,France,Female,48,0,82046.66,2,1,0,139121.83,0
15608614,Petrov,727,France,Female,36,3,72159.63,1,0,0,49076.52,1
15608615,Iyer,656,Spain,Male,34,0,193652.5,1,1,0,26268.23,1
15608616,Marceau,655,Spain,Male,42,2,0.0,2,1,1,105612.16,0
15608617,Schmitt,657,Spain,Female,34,7,127278.64,3,0,1,123710.42,1
15608618,Marchetti,647,France,Male,63,8,112974.7,1,1,0,1000.0,1
15608619,Nakamura,567,Spain,Female,32,10,187503.84,1,1,0,200000.0,1
15608620,Girard,505,Germany,Male,43,10,160706.01,1,1,1,118928.65,0
15608621,Rousseau,485,Spain,Female,47,1,0.0,1,1,1,1000.0,0
15608622,Osei,679,France,Male,32,10,0.0,1,1,0,125142.71,1
15608623,Fairweather,417,Spain,Female,40,3,120909.83,2,1,1,8234.96,0
15608624,Hallgren,720,France,Male,33,9,155592.08,4,1,0,41819.96,1
15608625,Petrov,699,France,Male,41,9,179810.25,1,0,1,127492.66,0
15608626,Adeyemi,621,France,Male,40,10,173818.55,3,0,0,28390.14,0
15608627,Winters,749,Germany,Male,37,5,25712.72,1,1,0,46075.7,0
15608628,Castellano,625,France,Male,27,8,137683.05,1,0,1,149759.23,0
15608629,Marceau,690,Germany,Female,58,4,185904.78,1,1,1,94325.35,0
15608630,Marceau,462,Spain,Male,44,0,76059.12,1,1,0,74656.42,1
15608631,Aoki,435,Spain,Female,22,5,211462.44,1,1,0,90829.44,1
15608632,Lindqvist,627,France,Female,34,2,0.0,2,1,1,198488.8,0
15608633,Marchetti,691,Spain,Male,22,1,0.0,1,0,1,149126.51,0
15608634,Odom,741,France,Female,46,1,159878.74,2,0,0,21022.21,0
15608635,Petrov,633,France,Female,38,2,0.0,1,0,1,186922.97,0
15608636,Thibault,674,France,Female,39,8,161770.88,2,1,1,76107.56,0
15608637,Kessler,725,France,Female,30,10,0.0,2,1,1,95561.08,1
15608638,Nakamura,638,Spain,Female,35,9,0.0,2,1,0,44621.26,0
15608639,Fontaine,706,France,Female,47,7,0.0,2,1,1,73713.24,0
15608640,Okafor,542,France,Male,49,9,0.0,2,1,1,111611.81,0
15608641,Castellano,491,Germany,Male,47,3,0.0,2,1,1,104525.07,0
15608642,Weiss,599,France,Female,23,9,0.0,2,0,0,199695.12,0
15608643,Nakamura,724,France,Male,37,10,162451.37,2,0,1,34981.81,0
15608644,Marchetti,582,France,Female,41,1,85118.61,1,1,1,91712.69,0
15608645,Mendez,712,France,Male,31,4,0.0,2,0,0,1000.0,0
15608646,Osei,551,Spain,Male,22,3,0.0,2,0,1,67274.4,0
15608647,Aoki,594,France,Female,25,1,0.0,2,1,0,159944.69,0
15608648,Marchetti,673,France,Male,54,1,94823.52,2,1,0,186847.37,1
15608649,Reyes,586,Spain,Male,26,10,112697.02,1,1,1,191677.03,0
15608650,Kowalski,602,France,Female,39,1,0.0,1,0,1,78214.33,0
15608651,Falk,400,Germany,Female,37,7,0.0,1,1,1,82206.69,0
15608652,Aoki,731,Germany,Female,37,9,0.0,2,1,0,44397.21,0
15608653,Okonkwo,639,France,Male,35,8,59525.75,1,1,1,88873.88,1
15608654,Nakamura,559,France,Female,47,4,0.0,2,1,1,167885.71,0
15608655,Laurent,826,France,Female,39,0,116047.94,2,0,0,147919.81,1
15608656,Kessler,574,France,Female,32,4,0.0,2,1,0,70844.91,0
15608657,Petrov,601,France,Male,39,3,132465.12,1,1,1,81392.21,1
15608658,Okafor,558,Spain,Male,25,9,177224.94,2,1,0,83489.64,1
15608659,Castellano,756,France,Male,43,10,0.0,2,1,0,68594.52,0
15608660,Voss,788,France,Female,32,2,0.0,2,0,1,113420.16,0
15608661,Lindqvist,778,France,Male,32,1,167705.03,2,1,1,142578.8,0
15608662,Girard,777,Germany,Male,44,9,116597.14,1,1,0,200000.0,0
15608663,Thibault,593,Germany,Female,34,9,162945.53,1,0,0,100690.19,1
15608664,Whitfield,811,France,Male,35,10,0.0,2,0,1,139988.28,0
15608665,Rousseau,631,Spain,Male,50,8,82908.3,2,0,0,41916.9,0
15608666,Dubois,502,France,Male,29,5,0.0,2,0,1,106133.99,0
15608667,Weiss,609,Spain,Female,44,4,188806.3,1,1,1,91053.86,0
15608668,Okonkwo,681,Spain,Female,48,0,149880.67,2,1,0,138308.08,0
15608669,Dubois,588,Germany,Female,50,9,0.0,1,1,1,128183.39,0
15608670,Winters,664,France,Female,61,10,69473.74,1,1,1,139614.46,0
15608671,Novak,702,France,Female,32,10,49700.19,1,1,1,92041.08,0
15608672,Nakamura,689,Germany,Male,30,6,134623.44,2,0,0,80280.64,1
15608673,Girard,713,France,Female,47,9,0.0,2,1,1,30865.48,0
15608674,Delacroix,633,France,Female,48,0,97119.04,1,1,1,111981.07,0
15608675,Bergstrom,580,Spain,Male,30,4,0.0,1,1,1,94316.03,1
15608676,Adeyemi,509,Germany,Female,43,1,116681.59,2,0,0,178646.39,0
15608677,Delacroix,642,Spain,Male,66,6,247082.68,2,1,1,90654.08,0
15608678,Osei,598,Germany,Female,40,0,0.0,1,1,0,68978.48,1
15608679,Aoki,639,Spain,Female,48,3,0.0,1,0,1,132739.85,1
15608680,Odom,451,France,Female,55,4,103249.93,1,0,0,21084.88,0
15608681,Novak,504,Spain,Female,64,1,0.0,2,1,1,116638.39,0
15608682,Duarte,699,Germany,Male,41,0,148324.53,1,1,0,64214.61,0
15608683,Whitfield,493,Germany,Male,51,9,116510.35,1,0,0,30133.96,0
15608684,Duarte,632,France,Female,30,2,0.0,1,1,0,107576.8,1
15608685,Kowalski,570,France,Male,39,10,178058.66,1,1,0,1000.0,1
15608686,Schmitt,564,Germany,Male,34,4,121505.6,2,1,0,133095.91,0
15608687,Castellano,658,France,Female,19,0,0.0,1,0,0,105012.72,1
15608688,Hallgren,653,France,Male,22,1,151379.99,2,0,1,65443.16,0
15608689,Voss,702,Germany,Male,43,7,0.0,1,1,1,154465.55,0
15608690,Winters,544,Spain,Male,43,0,48591.89,2,0,1,129271.84,1
15608691,Petrov,565,France,Male,28,10,0.0,1,1,1,26879.42,0
15608692,Castellano,758,France,Female,54,2,188845.25,2,1,0,134067.87,1
15608693,Kowalski,628,France,Male,27,6,91041.16,2,0,1,129298.0,0
15608694,Rousseau,685,Germany,Male,41,4,180340.39,1,0,0,74539.41,1
15608695,Dubois,602,France,Female,34,0,84424.37,2,1,0,87212.94,0
15608696,Reyes,694,France,Male,40,7,0.0,1,0,1,194349.61,0
15608697,Duarte,411,France,Female,48,0,170107.4,1,1,0,123654.84,0
15608698,Fontaine,761,France,Male,46,8,154799.39,1,0,0,29205.41,1
15608699,Fairweather,606,France,Male,46,5,61397.48,1,1,1,107368.37,0
15608700,Marceau,530,France,Female,44,3,147944.49,3,1,0,12217.86,1
15608701,Bergstrom,548,Spain,Female,26,10,0.0,1,1,1,129743.92,0
15608702,Okafor,625,France,Female,50,2,0.0,1,1,1,67784.48,0
15608703,Whitfield,639,France,Male,28,3,0.0,2,1,0,73373.56,0
15608704,Delacroix,664,France,Male,37,7,0.0,2,1,0,47020.23,0
15608705,Laurent,536,France,Male,35,3,0.0,3,1,1,81184.92,1
15608706,Kowalski,734,France,Female,42,5,0.0,2,1,1,113720.15,0
15608707,Castellano,600,France,Male,34,8,86596.39,1,1,0,63137.69,0
15608708,Delacroix,595,France,Female,37,10,152877.48,1,0,1,56856.89,0
15608709,Odom,628,France,Female,55,8,140964.35,3,1,0,104713.24,1
15608710,Nakamura,714,Spain,Male,25,0,76520.66,2,1,1,82410.91,0
15608711,Falk,647,France,Male,38,10,173502.41,1,1,0,86201.76,0
15608712,Balogh,598,Germany,Male,27,4,136604.28,2,0,1,60798.26,0
15608713,Hallgren,619,Spain,Male,45,9,0.0,1,1,0,45523.24,0
15608714,Fontaine,767,France,Female,31,3,66782.99,1,1,0,92704.97,1
15608715,Fontaine,751,France,Female,39,6,209025.13,1,1,0,141633.05,0
15608716,Whitfield,685,France,Male,25,10,0.0,3,0,1,95906.45,0
15608717,Whitfield,664,France,Male,52,10,0.0,1,0,1,82649.63,0
15608718,Okonkwo,850,Spain,Male,39,7,0.0,1,0,0,17870.55,1
15608719,Winters,694,France,Male,40,6,27718.77,2,0,0,72656.0,0
15608720,Weiss,667,Germany,Female,47,0,0.0,1,1,0,69166.0,0
15608721,Hallgren,631,France,Female,26,6,171324.71,2,1,1,104928.89,0
15608722,Laurent,684,Spain,Female,32,4,0.0,2,1,0,102661.47,0
15608723,Duarte,358,Germany,Female,40,0,193904.6,1,1,1,200000.0,1
15608724,Balogh,749,Spain,Male,21,10,0.0,2,0,1,79271.82,0
15608725,Delacroix,528,Germany,Female,22,5,138731.68,1,0,0,146242.19,0
15608726,Renner,581,Germany,Female,30,8,131071.46,2,1,0,147901.53,0
15608727,Duarte,516,France,Male,27,0,0.0,1,1,0,136083.64,1
15608728,Sorensen,579,France,Male,35,2,104132.79,1,1,1,100399.28,0
15608729,Hargrove,617,France,Female,44,9,0.0,2,1,1,200000.0,1
15608730,Hargrove,735,France,Female,46,10,217280.66,2,0,0,51224.25,0
15608731,Girard,774,Spain,Male,57,0,145179.1,1,1,1,127900.04,0
15608732,Girard,836,France,Female,38,9,0.0,1,1,0,141718.03,1
15608733,Okonkwo,660,France,Female,40,3,0.0,2,1,0,5469.62,0
15608734,Mendez,629,Germany,Female,38,2,0.0,1,0,0,18866.23,0
15608735,Iyer,725,France,Male,42,10,0.0,1,1,1,171021.24,0
15608736,Aoki,568,Spain,Male,43,5,28448.58,1,1,0,117298.51,0
15608737,Kessler,557,France,Female,48,8,246173.84,1,1,0,33975.82,0
15608738,Bergstrom,615,Germany,Male,48,1,0.0,1,0,0,169882.96,1
15608739,Sorensen,647,Spain,Male,44,8,96056.98,2,1,1,89773.83,0
15608740,Renner,452,France,Female,54,4,120116.85,1,0,1,154173.64,0
15608741,Reyes,752,Spain,Male,39,7,85070.49,2,1,0,197559.26,0
15608742,Renner,673,France,Male,32,7,161830.55,1,1,0,88903.67,1
15608743,Lindqvist,727,Spain,Female,34,0,144806.95,2,0,1,1000.0,0
15608744,Whitfield,499,Spain,Male,37,9,0.0,1,0,0,55396.7,0
15608745,Kessler,586,France,Female,27,3,0.0,1,0,0,1000.0,1
15608746,Petrov,581,Spain,Male,32,4,146026.45,2,1,1,47801.18,0
15608747,Reyes,631,Germany,Male,27,8,0.0,1,1,0,179385.66,1
15608748,Abubakar,647,Germany,Male,42,9,0.0,1,0,0,57755.73,1
15608749,Osei,733,Spain,Male,42,9,167543.54,1,1,0,35946.58,1
15608750,Duarte,659,Spain,Male,20,5,206673.59,2,0,0,188963.06,0
15608751,Girard,579,France,Female,32,3,123395.46,2,1,1,88537.3,0
15608752,Marceau,850,Germany,Female,57,9,124428.91,2,0,0,112813.76,1
15608753,Hargrove,625,Germany,Male,45,2,0.0,1,1,0,36850.97,1
15608754,Hallgren,563,France,Male,43,7,0.0,1,1,0,170333.76,0
15608755,Aoki,469,France,Female,32,2,92026.82,1,1,1,101750.81,0
15608756,Novak,659,France,Male,41,2,0.0,2,1,0,144777.5,0
15608757,Kowalski,716,France,Male,38,6,131949.91,1,1,1,16027.13,0
15608758,Osei,541,France,Male,30,9,0.0,1,1,0,174000.5,0
15608759,Marchetti,710,France,Male,33,3,0.0,1,1,0,117976.06,0
15608760,Fairweather,658,Spain,Male,34,7,0.0,2,1,0,57323.53,0
15608761,Sorensen,480,France,Male,23,0,0.0,1,0,1,75033.32,0
15608762,Reyes,710,France,Female,25,7,109556.27,1,0,1,68917.79,1
15608763,Laurent,625,Spain,Male,36,4,0.0,2,1,0,114101.05,0
15608764,Sorensen,542,France,Male,30,0,171772.2,1,0,1,106228.42,0
15608765,Hargrove,742,France,Male,35,6,144885.7,3,1,0,190924.56,1
15608766,Whitfield,740,Germany,Male,22,2,260000.0,1,0,1,1000.0,0
15608767,Balogh,540,Germany,Female,47,6,0.0,2,1,0,134188.35,0
15608768,Bergstrom,678,Spain,Female,60,0,0.0,2,0,1,6271.66,0
15608769,Abubakar,670,France,Female,49,3,0.0,2,1,0,200000.0,1
15608770,Aoki,643,France,Male,50,2,0.0,2,1,1,185475.14,1
15608771,Winters,600,Germany,Male,45,3,0.0,1,1,0,96979.85,1
15608772,Laurent,636,Spain,Male,41,0,16444.91,2,1,0,123719.05,1
15608773,Kessler,740,Germany,Male,39,3,0.0,1,1,1,103416.65,0
15608774,Okonkwo,689,Spain,Female,29,0,0.0,2,1,0,63916.91,0
15608775,Falk,465,France,Male,46,6,42065.73,2,1,0,57226.42,0
15608776,Castellano,444,France,Male,45,5,0.0,1,0,1,97227.65,0
15608777,Schmitt,472,Germany,Male,34,3,164570.26,1,0,1,1000.0,0
15608778,Sorensen,520,Germany,Male,44,6,59025.18,2,1,1,175007.29,0
15608779,Kessler,578,France,Male,31,10,135611.39,2,0,1,197758.97,0
15608780,Bergstrom,607,Spain,Female,32,5,0.0,2,0,1,84617.43,0
15608781,Duarte,644,France,Female,46,3,186055.4,2,0,1,182438.84,0
15608782,Reyes,647,Germany,Male,43,4,184271.58,1,0,0,70085.18,1
15608783,Thibault,645,France,Male,36,8,95138.52,1,1,0,67045.73,0
15608784,Adeyemi,760,Spain,Male,35,1,3000.0,3,0,1,111188.36,0
15608785,Osei,489,France,Male,40,3,144914.13,2,1,0,129507.27,1
15608786,Duarte,682,Spain,Female,20,5,170266.58,2,1,1,50900.12,0
15608787,Hallgren,682,Spain,Male,31,6,0.0,1,1,0,118835.58,0
15608788,Thibault,529,France,Female,26,6,138987.0,1,0,1,115870.03,0
15608789,Petrov,701,Germany,Female,39,7,0.0,1,1,1,1000.0,0
15608790,Hallgren,686,Germany,Male,50,10,102001.35,1,0,0,83580.21,1
15608791,Voss,646,Germany,Female,43,1,0.0,1,1,0,86568.01,1
15608792,Iyer,418,France,Female,33,5,120783.16,3,1,1,64352.85,0
15608793,Dubois,743,Spain,Female,31,4,0.0,2,0,1,64534.01,0
15608794,Sorensen,672,Spain,Male,31,0,152697.9,2,1,0,127273.9,0
15608795,Thibault,689,Spain,Female,59,1,75522.24,1,1,0,7721.37,0
15608796,Girard,350,France,Male,39,6,0.0,2,1,0,161943.87,1
15608797,Reyes,599,Spain,Male,41,5,0.0,1,1,1,92261.29,0
15608798,Winters,512,France,Female,18,3,79572.1,1,1,1,171002.7,0
15608799,Sorensen,774,France,Male,26,10,47814.66,1,1,1,63432.57,0
15608800,Sorensen,544,France,Male,38,3,0.0,2,1,1,155524.73,1
15608801,Marchetti,792,France,Male,33,6,51928.85,1,0,1,131347.13,1
15608802,Sorensen,741,France,Male,40,10,126535.99,2,0,1,1000.0,0
15608803,Novak,671,France,Male,40,7,0.0,2,0,0,89211.55,0
15608804,Renner,759,Germany,Male,45,8,188204.93,1,0,0,200000.0,1
15608805,Nakamura,559,Spain,Male,19,3,0.0,1,1,1,148634.52,0
15608806,Hargrove,577,France,Female,27,10,0.0,3,0,0,36473.91,1
15608807,Abubakar,739,Germany,Male,37,5,81736.62,2,1,0,72877.23,0
15608808,Schmitt,560,Germany,Female,32,3,102175.84,1,0,1,147595.88,0
15608809,Rousseau,523,Germany,Female,35,8,0.0,2,1,1,119444.89,0
15608810,Voss,619,Germany,Female,40,5,0.0,1,1,0,12854.76,0
15608811,Delacroix,565,Germany,Female,31,1,124693.54,2,1,0,1000.0,0
15608812,Duarte,829,Spain,Female,40,0,179305.42,2,1,1,140863.02,0
15608813,Kessler,724,Germany,Male,44,1,0.0,1,1,1,83779.41,1
15608814,Balogh,595,Germany,Female,39,1,0.0,2,1,1,161458.73,0
15608815,Fontaine,554,France,Female,46,2,60318.34,2,1,0,119692.04,0
15608816,Whitfield,683,Germany,Female,18,3,0.0,2,0,0,52931.48,1
15608817,Duarte,764,Germany,Male,33,2,0.0,1,1,1,97705.82,0
15608818,Hallgren,678,Germany,Female,48,9,172642.73,1,1,0,75458.11,0
15608819,Hargrove,559,Germany,Female,30,10,107355.18,1,1,0,116601.23,1
15608820,Winters,512,France,Male,28,10,0.0,2,0,0,48319.39,0
15608821,Schmitt,614,France,Female,37,1,0.0,1,0,0,12675.93,1
15608822,Okonkwo,680,Spain,Female,38,5,140279.95,2,0,0,90791.59,1
15608823,Nakamura,605,Spain,Male,33,1,54555.04,2,1,0,50666.39,1
15608824,Novak,747,Germany,Male,57,7,0.0,3,0,1,154333.25,1
15608825,Reyes,701,Germany,Female,41,1,96703.09,3,1,1,86253.52,0
15608826,Nakamura,673,Spain,Female,29,3,0.0,2,0,1,115020.68,0
15608827,Novak,699,Germany,Male,24,2,0.0,2,0,0,78322.03,0
15608828,Dubois,517,France,Female,43,5,139415.93,1,0,1,109200.99,1
15608829,Aoki,602,Germany,Male,29,4,103772.74,1,1,0,134892.46,0
15608830,Hallgren,550,France,Female,60,5,170078.33,1,0,0,113739.41,1
15608831,Iyer,687,Spain,Female,43,2,0.0,1,0,1,5920.17,0
15608832,Abubakar,552,France,Female,44,5,184451.55,2,0,0,74420.09,1
15608833,Sorensen,658,Spain,Male,41,0,0.0,2,1,1,200000.0,0
15608834,Abubakar,634,France,Male,50,0,0.0,4,0,1,121396.88,0
15608835,Whitfield,708,France,Female,18,1,137931.04,1,0,0,74228.61,1
15608836,Delacroix,535,Spain,Male,26,2,141082.41,3,0,1,70641.55,1
15608837,Duarte,693,Spain,Male,49,8,81536.92,2,0,1,180665.03,0
15608838,Winters,547,France,Male,54,3,89048.82,2,0,0,130373.16,1
15608839,Kessler,557,Spain,Male,26,5,3000.0,1,1,0,27327.78,0
15608840,Iyer,636,France,Female,20,7,152698.24,2,1,1,200000.0,0
15608841,Odom,765,France,Male,40,8,0.0,2,1,0,116235.68,0
15608842,Fairweather,569,France,Male,43,6,87066.88,2,1,0,114886.37,0
15608843,Abubakar,479,Spain,Male,40,1,0.0,2,1,0,185091.05,0
15608844,Marchetti,559,Germany,Male,38,7,90593.66,3,1,1,109355.95,1
15608845,Balogh,613,Spain,Male,20,3,0.0,1,1,1,124479.25,0
15608846,Kowalski,829,Germany,Female,35,6,124327.31,1,1,1,12591.42,0
15608847,Delacroix,687,Spain,Female,36,10,98549.58,2,1,0,94877.86,0
15608848,Kessler,578,Germany,Female,33,0,0.0,4,1,0,27396.73,1
15608849,Marceau,636,Germany,Male,19,0,97959.72,1,0,1,70170.59,1
15608850,Marceau,801,France,Male,44,2,73230.37,1,1,0,114356.41,1
15608851,Aoki,627,France,Male,47,4,103843.48,2,1,1,1000.0,0
15608852,Odom,628,France,Female,30,5,0.0,2,1,0,118661.98,0
15608853,Novak,611,Spain,Female,37,3,87619.68,2,1,1,148235.82,0
15608854,Petrov,717,Spain,Female,33,9,0.0,1,1,0,1000.0,1
15608855,Okafor,600,France,Male,34,0,0.0,1,1,1,60939.18,0
15608856,Winters,734,Germany,Female,44,5,0.0,1,1,1,12928.01,0
15608857,Schmitt,752,Germany,Female,44,6,103129.67,1,0,1,129837.62,0
15608858,Okonkwo,709,France,Male,49,8,0.0,1,1,1,71101.76,0
15608859,Sorensen,628,France,Female,49,6,0.0,1,1,0,164634.42,0
15608860,Reyes,516,France,Female,37,1,91012.93,2,0,1,24572.81,0
15608861,Girard,628,France,Male,67,3,37690.97,2,1,0,111330.72,0
15608862,Sorensen,586,Germany,Female,54,1,114058.73,4,1,1,51953.59,1
15608863,Balogh,575,Spain,Female,32,5,103838.74,2,1,0,100955.17,0
15608864,Fontaine,627,France,Female,40,10,0.0,1,1,1,81143.8,0
15608865,Lindqvist,696,France,Male,18,4,129978.98,1,1,1,140420.26,0
15608866,Sorensen,590,France,Male,39,4,140307.63,1,1,0,116566.74,0
15608867,Bergstrom,518,France,Female,56,5,0.0,2,1,0,165999.15,0
15608868,Balogh,558,France,Male,67,1,98659.99,1,0,0,94449.65,1
15608869,Marceau,812,Spain,Male,37,9,0.0,3,0,1,47508.24,1
15608870,Thibault,703,Spain,Male,42,7,80832.2,2,1,0,135265.02,1
15608871,Osei,558,Germany,Male,45,7,47931.67,2,1,1,95729.94,0
15608872,Dubois,774,France,Female,59,3,186249.04,2,1,0,84694.81,1
15608873,Abubakar,627,Germany,Male,28,3,0.0,3,1,1,119561.37,0
15608874,Mendez,850,France,Male,66,5,60652.66,2,1,1,56383.61,1
15608875,Weiss,675,France,Male,35,2,81869.0,1,1,0,200000.0,1
15608876,Osei,704,Germany,Male,27,0,57917.59,2,1,0,160428.19,0
15608877,Castellano,730,Spain,Male,35,7,156532.96,3,1,1,121020.77,0
15608878,Hallgren,793,France,Male,30,9,61244.48,3,1,1,114708.96,0
15608879,Lindqvist,608,France,Male,43,2,0.0,2,1,1,102412.33,0
15608880,Balogh,784,Spain,Male,22,6,133395.7,2,1,0,70151.32,0
15608881,Fontaine,590,Germany,Female,40,9,104338.99,2,1,1,129084.31,1
15608882,Okonkwo,615,Spain,Male,45,8,179994.01,2,1,0,75642.45,0
15608883,Rousseau,651,France,Female,54,9,0.0,1,0,1,194408.25,0
15608884,Fairweather,738,France,Male,45,9,112114.92,1,1,0,182528.4,0
15608885,Girard,618,France,Female,53,2,0.0,1,1,0,112682.42,0
15608886,Odom,808,France,Female,32,0,3000.0,1,0,1,153194.25,1
15608887,Delacroix,777,Spain,Male,43,8,165003.54,1,1,0,13488.88,0
15608888,Thibault,654,Germany,Female,18,8,0.0,1,1,0,109548.91,0
15608889,Iyer,557,France,Female,37,2,0.0,1,1,1,1000.0,0
15608890,Nakamura,746,Germany,Male,42,9,94384.51,2,0,0,105954.22,0
15608891,Hargrove,449,Spain,Female,43,0,0.0,2,1,0,53702.41,0
15608892,Fairweather,721,Germany,Female,22,4,122302.33,2,1,1,152045.04,0
15608893,Iyer,571,France,Male,35,10,85029.57,2,1,1,104622.05,0
15608894,Novak,771,France,Female,36,3,31235.19,3,0,0,78533.24,1
15608895,Iyer,517,France,Male,34,8,68432.98,1,0,1,79483.11,0
15608896,Rousseau,586,France,Female,46,0,64498.46,2,1,0,1000.0,0
15608897,Lindqvist,692,France,Female,36,5,110323.37,2,1,1,150819.59,0
15608898,Winters,708,France,Female,40,8,167849.86,2,0,0,179268.98,1
15608899,Voss,590,France,Female,34,9,0.0,2,0,1,144838.51,0
15608900,Schmitt,618,France,Female,49,4,107020.91,1,1,0,71425.89,1
15608901,Reyes,741,Germany,Male,50,0,123940.14,2,1,0,50054.4,1
15608902,Schmitt,747,Germany,Male,35,5,72291.36,1,1,1,3662.55,0
15608903,Hallgren,616,France,Female,68,8,131267.2,2,1,0,77747.89,1
15608904,Marchetti,592,Germany,Male,31,4,167024.14,1,1,0,1000.0,0
15608905,Hargrove,519,France,Female,49,10,131677.32,1,1,0,1000.0,1
15608906,Dubois,674,France,Male,29,3,109488.66,2,1,1,155604.16,0
15608907,Castellano,728,Germany,Male,46,9,0.0,2,1,0,192092.62,0
15608908,Castellano,665,France,Male,46,8,106066.57,1,1,0,64223.56,0
15608909,Sorensen,561,France,Male,28,4,0.0,3,0,1,127095.61,1
15608910,Weiss,822,France,Male,37,1,0.0,2,1,0,71621.74,0
15608911,Marceau,448,Spain,Male,58,3,0.0,1,0,1,167714.71,0
15608912,Duarte,734,Spain,Female,30,8,101592.06,1,1,1,113067.07,1
15608913,Duarte,671,France,Female,43,9,163655.04,2,1,1,135443.37,0
15608914,Hallgren,695,France,Female,42,5,82603.06,3,1,0,1000.0,1
15608915,Okonkwo,574,France,Male,38,3,131432.45,2,1,0,94615.06,0
15608916,Girard,635,Spain,Male,21,8,0.0,2,0,0,69719.64,0
15608917,Kessler,678,France,Female,47,10,0.0,2,1,1,178806.7,0
15608918,Reyes,642,Germany,Male,39,1,0.0,2,0,0,68613.9,0
15608919,Fairweather,478,Spain,Male,50,3,0.0,3,0,0,85684.91,1
15608920,Adeyemi,814,France,Female,41,8,81993.79,1,0,1,1000.0,0
15608921,Rousseau,712,Spain,Male,39,1,3000.0,2,1,1,108807.31,1
15608922,Marceau,653,France,Female,42,10,0.0,2,0,1,105923.71,0
15608923,Mendez,660,France,Male,28,2,150859.52,1,1,1,83359.62,1
15608924,Marceau,812,France,Male,54,5,169711.53,1,1,0,173261.66,1
15608925,Lindqvist,579,France,Male,35,5,0.0,1,1,1,101146.24,0
15608926,Fairweather,557,Spain,Female,35,4,112736.42,3,0,1,63821.6,1
15608927,Abubakar,732,Germany,Female,52,1,0.0,1,0,0,53968.67,1
15608928,Whitfield,694,France,Female,41,0,0.0,1,1,1,143081.45,0
15608929,Odom,553,France,Male,36,4,118779.08,2,0,0,6790.09,0
15608930,Adeyemi,755,Spain,Female,43,2,0.0,1,1,1,61878.48,0
15608931,Iyer,678,France,Female,45,9,0.0,2,1,1,92712.02,0
15608932,Aoki,564,France,Female,37,7,0.0,2,1,0,76398.88,0
15608933,Kessler,697,Germany,Female,48,1,0.0,2,1,0,95781.58,1
15608934,Hallgren,683,Germany,Female,26,8,44704.4,1,1,1,165049.47,0
15608935,Mendez,642,Germany,Female,41,6,0.0,2,1,0,84446.41,0
15608936,Osei,687,France,Male,47,1,0.0,1,0,1,42690.08,0
15608937,Marchetti,710,France,Female,45,4,74886.27,2,0,0,188490.37,0
15608938,Duarte,738,France,Male,18,8,173231.57,2,1,0,84063.18,0
15608939,Iyer,660,Germany,Female,37,7,117136.38,2,1,0,124348.82,1
15608940,Sorensen,624,France,Male,26,6,185412.6,2,1,0,184986.08,1
15608941,Voss,673,France,Male,52,5,141824.52,2,1,0,58608.35,1
15608942,Nakamura,764,France,Male,35,7,0.0,2,1,0,200000.0,0
15608943,Kowalski,710,Germany,Female,50,9,124250.5,1,0,0,200000.0,1
15608944,Petrov,619,Germany,Male,26,1,75913.73,1,1,0,57981.97,1
15608945,Petrov,655,Spain,Female,42,4,45984.37,2,1,1,67068.11,0
15608946,Abubakar,810,France,Female,39,9,0.0,2,1,0,142299.09,0
15608947,Castellano,722,Spain,Male,67,5,107232.62,1,1,1,183365.37,0
15608948,Mendez,665,France,Male,51,1,241972.95,2,1,0,147662.55,0
15608949,Rousseau,759,France,Female,50,1,0.0,1,1,1,97627.46,1
15608950,Okafor,598,France,Female,59,8,69774.89,1,1,1,130761.46,1
15608951,Weiss,682,Spain,Male,41,5,0.0,1,1,0,140984.47,0
15608952,Fontaine,830,France,Female,37,8,0.0,1,1,0,118080.21,1
15608953,Whitfield,713,Germany,Male,36,1,110033.83,1,0,1,74090.32,0
15608954,Reyes,806,France,Female,42,6,46426.76,2,1,0,147021.85,1
15608955,Renner,642,France,Female,18,6,157375.48,1,1,1,84948.13,0
15608956,Whitfield,604,Spain,Male,39,5,0.0,3,1,0,1000.0,1
15608957,Reyes,761,Spain,Male,41,4,0.0,2,1,1,21645.25,0
15608958,Okonkwo,474,France,Female,37,2,0.0,1,1,1,174616.84,0
15608959,Rousseau,667,Spain,Male,23,8,0.0,3,0,1,38672.92,0
15608960,Reyes,749,France,Male,37,3,141664.3,1,0,0,106260.58,0
15608961,Weiss,704,France,Male,23,4,0.0,2,1,0,173673.04,1
15608962,Reyes,448,Spain,Female,57,9,161364.2,1,1,1,110402.77,0
15608963,Marceau,521,Spain,Male,36,6,185491.87,2,1,0,200000.0,0
15608964,Hargrove,639,France,Male,18,0,184518.28,1,1,0,94614.28,1
15608965,Kowalski,696,France,Female,36,0,0.0,1,1,0,52851.9,0
15608966,Bergstrom,699,Spain,Female,48,5,0.0,1,1,1,17212.73,0
15608967,Rousseau,649,France,Female,40,7,0.0,1,1,0,1000.0,0
15608968,Whitfield,720,Germany,Male,29,5,0.0,1,1,0,188962.63,1
15608969,Weiss,692,Spain,Male,32,10,116436.05,2,1,0,36042.18,0
15608970,Aoki,638,Germany,Male,36,9,39168.67,2,1,0,7493.45,1
15608971,Schmitt,702,France,Male,34,4,141972.89,1,1,0,79511.81,1
15608972,Castellano,588,Germany,Male,26,2,152939.07,1,1,0,66527.4,1
15608973,Lindqvist,711,France,Male,38,0,176561.79,1,1,1,61885.1,0
15608974,Okonkwo,569,France,Female,25,0,137621.58,1,0,0,174560.9,1
15608975,Weiss,697,France,Male,48,6,0.0,2,0,0,113057.52,0
15608976,Mendez,694,France,Male,49,3,102553.43,1,0,1,150312.28,0
15608977,Abubakar,621,Germany,Female,28,1,118140.23,2,0,1,200000.0,0
15608978,Bergstrom,711,Spain,Male,31,0,0.0,1,1,1,54494.47,0
15608979,Lindqvist,798,Spain,Female,34,5,185669.98,2,1,0,113425.97,0
15608980,Marchetti,552,Spain,Male,38,6,107794.57,4,1,1,20079.5,0
15608981,Falk,742,Spain,Female,41,0,161144.27,2,0,1,188583.9,0
15608982,Rousseau,754,Spain,Male,43,4,0.0,2,1,0,88258.73,0
15608983,Fontaine,630,Germany,Male,43,4,133813.11,2,0,0,1000.0,1
15608984,Okafor,727,Spain,Female,54,0,94527.7,1,1,1,23469.36,1
15608985,Weiss,626,Spain,Male,39,9,0.0,3,1,0,185719.86,0
15608986,Dubois,771,France,Male,25,2,0.0,2,1,0,1000.0,0
15608987,Lindqvist,387,Germany,Male,22,1,0.0,2,0,1,94324.32,1
15608988,Reyes,789,France,Male,55,1,0.0,1,1,0,128498.71,1
15608989,Kessler,543,France,Male,44,5,141153.87,1,0,1,132469.22,0
15608990,Renner,659,Germany,Female,41,7,56287.02,2,1,0,200000.0,1
15608991,Fairweather,572,France,Male,43,2,94941.13,1,1,1,95508.2,1
15608992,Falk,794,France,Female,40,8,0.0,3,0,1,44601.15,0
15608993,Winters,628,France,Female,43,2,168017.51,3,1,0,49568.3,0
15608994,Adeyemi,598,France,Male,35,2,0.0,1,1,1,167033.23,0
15608995,Bergstrom,758,Germany,Female,49,7,0.0,2,1,1,1000.0,0
15608996,Weiss,720,Germany,Male,33,8,71821.35,2,0,0,113478.36,1
15608997,Aoki,618,France,Male,29,8,122026.64,1,0,1,194466.84,0
15608998,Winters,555,Germany,Female,21,6,145558.2,2,1,0,105200.11,1
15608999,Petrov,542,Spain,Female,36,9,53012.03,2,1,1,175747.96,0
15609000,Marceau,772,Germany,Male,51,9,23665.86,1,1,1,1000.0,0
15609001,Fairweather,690,France,Female,34,3,66610.45,1,1,1,173381.69,0
15609002,Schmitt,667,France,Female,24,6,86041.25,3,1,1,111792.58,1
15609003,Rousseau,697,France,Male,41,0,0.0,2,1,1,68961.91,0
15609004,Dubois,463,France,Female,32,0,0.0,2,1,0,69880.84,1
15609005,Schmitt,619,Spain,Female,54,4,144431.79,2,1,0,200000.0,0
15609006,Mendez,621,France,Female,49,7,0.0,2,1,1,52114.82,0
15609007,Kessler,744,Spain,Female,26,6,89522.86,1,1,1,55095.67,0
15609008,Nakamura,509,Spain,Male,37,1,0.0,2,1,1,192845.2,0
15609009,Okafor,751,France,Female,31,8,124649.85,2,0,0,117262.9,0
15609010,Weiss,822,France,Male,27,6,142315.4,3,0,0,128540.68,1
15609011,Hargrove,485,Spain,Female,38,8,0.0,2,0,1,40724.43,0
15609012,Fairweather,652,Germany,Female,47,6,164198.48,1,0,1,39859.85,0
15609013,Adeyemi,698,France,Female,38,9,167174.81,1,0,0,200000.0,0
15609014,Bergstrom,734,Germany,Male,33,3,0.0,2,1,1,119218.35,0
15609015,Duarte,442,Germany,Male,18,0,0.0,2,1,0,98376.06,1
15609016,Weiss,682,Spain,Female,32,6,0.0,2,1,1,80791.85,0
15609017,Novak,629,France,Male,44,10,0.0,2,0,1,90739.13,0
15609018,Duarte,623,Spain,Male,25,1,0.0,1,1,1,54418.58,0
15609019,Nakamura,849,Germany,Male,52,10,0.0,4,1,0,122103.18,1
15609020,Fontaine,629,France,Female,33,8,0.0,2,1,0,61186.03,1
15609021,Balogh,693,Germany,Male,40,0,60276.23,1,1,1,75307.37,0
15609022,Hallgren,638,Germany,Female,34,5,0.0,1,1,0,126143.31,0
15609023,Castellano,673,France,Male,27,3,0.0,2,1,0,180687.23,0
15609024,Renner,703,Spain,Female,43,7,193196.48,1,1,1,170291.12,0
15609025,Marchetti,736,Spain,Male,32,8,9031.15,1,0,1,61812.71,1
15609026,Reyes,575,Germany,Male,30,4,60541.65,2,1,1,87023.22,0
15609027,Osei,665,Germany,Male,18,5,162000.87,3,0,1,1602.0,0
15609028,Hargrove,668,France,Male,52,0,0.0,2,1,1,135045.24,1
15609029,Nakamura,492,France,Female,39,0,121151.49,1,1,0,141511.58,0
15609030,Voss,558,France,Female,50,8,77625.81,2,1,1,99349.3,1
15609031,Rousseau,736,Germany,Female,45,3,0.0,1,0,1,171804.96,0
15609032,Okafor,606,France,Female,50,9,146210.61,3,1,0,64273.54,1
15609033,Petrov,850,Germany,Female,33,6,70387.04,2,1,0,103982.01,0
15609034,Bergstrom,742,France,Female,25,4,98897.03,1,0,1,31677.04,0
15609035,Mendez,693,France,Female,46,9,0.0,4,1,0,90644.02,1
15609036,Hargrove,795,Germany,Male,40,0,98460.28,1,1,0,70877.0,0
15609037,Weiss,724,Spain,Male,34,9,149542.38,1,1,1,133134.39,0
15609038,Petrov,668,France,Female,46,0,134971.96,1,0,0,76634.67,1
15609039,Okafor,514,France,Female,42,10,106768.86,1,1,1,167114.35,0
15609040,Whitfield,714,France,Female,45,6,26699.86,1,1,0,1000.0,0
15609041,Laurent,784,France,Male,28,5,171091.58,4,0,1,131070.52,0
15609042,Laurent,593,France,Female,48,7,65812.7,2,1,1,1000.0,0
15609043,Kessler,475,Spain,Male,38,8,200802.69,2,1,1,92045.49,0
15609044,Hargrove,547,France,Male,50,3,69758.0,1,1,1,166604.33,0
15609045,Novak,819,France,Female,48,1,124707.06,1,0,1,92368.89,0
15609046,Bergstrom,658,France,Female,46,10,0.0,1,1,1,168645.93,0
15609047,Balogh,790,France,Male,37,5,102169.45,2,1,1,41274.29,0
15609048,Mendez,652,Germany,Male,46,3,0.0,2,1,0,108897.81,1
15609049,Abubakar,602,France,Female,50,10,0.0,1,1,1,51327.55,0
15609050,Laurent,850,France,Male,45,0,206459.28,1,1,1,183571.94,1
15609051,Lindqvist,614,Spain,Male,41,9,122110.2,1,0,0,49719.29,0
15609052,Lindqvist,626,Germany,Female,46,0,0.0,2,1,0,42274.65,1
15609053,Fontaine,694,Germany,Female,33,7,124211.13,1,0,0,171426.04,1
15609054,Aoki,622,Germany,Male,54,0,0.0,2,0,1,26259.73,0
15609055,Castellano,725,Germany,Male,21,1,131521.16,3,1,1,50814.6,1
15609056,Laurent,693,Spain,Female,39,3,121170.74,1,1,1,130173.28,0
15609057,Osei,697,Germany,Male,34,2,0.0,1,1,1,111359.76,0
15609058,Fontaine,591,France,Male,32,0,169767.33,1,1,0,58021.92,1
15609059,Adeyemi,490,Germany,Male,42,7,0.0,2,1,0,91835.11,0
15609060,Whitfield,570,Germany,Male,27,8,0.0,1,0,1,200000.0,0
15609061,Aoki,579,Germany,Female,60,3,128335.79,1,1,1,40156.01,0
15609062,Schmitt,678,France,Male,25,7,0.0,2,1,0,98498.48,0
15609063,Okonkwo,572,Germany,Female,29,3,147752.84,2,1,1,81595.71,0
15609064,Nakamura,509,France,Male,28,2,210427.59,2,1,1,156041.03,0
15609065,Adeyemi,540,Spain,Female,41,9,155717.67,1,1,1,27619.93,0
15609066,Odom,687,France,Female,49,5,15530.68,4,0,1,59416.63,0
15609067,Balogh,716,Spain,Female,44,0,0.0,1,1,1,79182.32,0
15609068,Falk,601,Spain,Female,54,7,0.0,3,0,1,58900.23,1
15609069,Balogh,612,France,Male,30,4,0.0,1,0,0,123126.87,0
15609070,Duarte,709,France,Male,45,0,156255.4,1,1,1,138464.1,0
15609071,Thibault,666,France,Female,35,2,0.0,1,1,1,122517.07,0
15609072,Okonkwo,764,Spain,Female,41,3,0.0,2,0,1,1000.0,0
15609073,Marceau,635,Spain,Female,50,0,126310.71,2,0,0,79044.42,1
15609074,Adeyemi,570,Spain,Male,21,8,173932.64,1,1,1,83973.15,0
15609075,Marceau,754,France,Male,59,2,53159.84,3,1,0,32325.44,1
15609076,Weiss,620,Germany,Male,37,1,114015.55,1,0,1,47349.0,0
15609077,Castellano,574,Spain,Female,22,2,100499.54,1,1,0,199998.15,1
15609078,Petrov,736,France,Male,31,7,90525.94,1,1,1,144512.15,0
15609079,Voss,789,France,Male,40,5,83465.11,1,1,0,28447.18,0
15609080,Renner,668,France,Female,31,8,119902.64,1,1,1,135578.89,0
15609081,Laurent,554,France,Male,18,4,147915.18,1,1,1,131525.35,0
15609082,Voss,797,France,Female,39,7,186365.25,1,1,1,53102.68,0
15609083,Petrov,686,France,Male,31,5,0.0,2,1,0,126346.55,0
15609084,Fontaine,671,France,Female,45,6,93623.7,1,1,1,71433.83,0
15609085,Renner,611,France,Male,28,9,0.0,1,0,1,1000.0,0
15609086,Iyer,758,France,Female,62,6,185225.56,2,1,0,72459.72,1
15609087,Girard,544,Germany,Male,44,5,44098.74,1,1,1,36116.07,0
15609088,Schmitt,534,Spain,Male,41,9,136021.26,1,1,1,63111.16,0
15609089,Iyer,832,France,Male,45,7,126628.56,2,0,0,127900.61,0
15609090,Castellano,567,Spain,Female,20,10,161517.72,3,1,0,127959.5,1
15609091,Castellano,742,Spain,Female,33,7,0.0,2,1,1,120605.99,0
15609092,Marchetti,782,France,Male,57,7,140707.16,2,1,1,116548.13,0
15609093,Dubois,670,France,Female,35,5,0.0,2,1,1,37896.13,0
15609094,Castellano,565,France,Male,38,9,123625.61,1,1,1,53618.35,0
15609095,Abubakar,710,Spain,Male,34,3,68191.43,2,0,1,166113.61,0
15609096,Bergstrom,784,France,Male,53,5,38640.85,2,1,0,200000.0,0
15609097,Renner,683,France,Male,36,9,186447.05,1,1,1,99111.47,0
15609098,Okonkwo,578,Spain,Male,26,2,0.0,3,1,1,116881.62,0
15609099,Weiss,679,Germany,Male,65,4,99973.78,2,1,1,200000.0,0
15609100,Marceau,517,France,Male,24,0,238425.29,2,1,0,75207.55,1
15609101,Kowalski,557,Spain,Male,38,6,0.0,1,1,0,109286.21,0
15609102,Odom,625,France,Female,30,3,169282.86,2,1,1,61720.37,0
15609103,Hargrove,656,Spain,Female,31,6,194080.16,3,1,0,1000.0,1
15609104,Laurent,535,Spain,Male,28,2,34001.43,1,1,1,65688.06,0
15609105,Whitfield,674,Spain,Male,33,9,188736.19,1,1,0,121365.7,1
15609106,Falk,700,France,Female,49,10,195544.49,2,1,1,8951.42,0
15609107,Mendez,629,France,Male,19,5,89692.45,1,1,1,128486.62,0
15609108,Odom,443,Germany,Female,51,6,149600.21,1,0,1,25356.84,0
15609109,Kowalski,660,France,Male,50,5,0.0,1,0,1,64187.82,0
15609110,Okonkwo,824,Germany,Male,44,3,76608.45,2,1,1,88496.0,0
15609111,Mendez,694,France,Male,40,5,157726.03,1,0,1,46602.4,0
15609112,Abubakar,651,France,Female,41,5,80238.28,1,1,1,101494.31,0
15609113,Mendez,614,France,Male,53,8,241602.48,1,1,1,93225.26,0
15609114,Marchetti,705,France,Male,21,7,120083.18,1,1,0,103788.26,0
15609115,Abubakar,670,Germany,Male,46,3,140354.35,1,1,1,184411.87,1
15609116,Whitfield,718,France,Female,31,6,30621.11,1,1,1,52642.58,0
15609117,Odom,545,Spain,Male,47,10,131800.02,1,1,1,127142.32,0
15609118,Aoki,662,Spain,Female,32,4,172999.4,1,0,1,56759.03,0
15609119,Kessler,606,Germany,Male,46,9,67270.24,2,0,1,100582.09,0
15609120,Girard,686,Spain,Male,23,5,0.0,4,1,1,155194.08,0
15609121,Osei,463,Germany,Male,21,1,76456.4,1,0,0,156838.89,1
15609122,Okafor,612,Germany,Female,37,2,0.0,2,1,1,73346.31,0
15609123,Laurent,702,France,Male,53,3,47232.38,1,1,0,152227.91,0
15609124,Marceau,718,Germany,Male,44,6,163462.57,2,1,1,116312.6,1
15609125,Whitfield,647,Germany,Female,44,9,48715.69,1,1,0,106993.01,1
15609126,Bergstrom,443,France,Male,47,4,0.0,4,1,1,115902.07,0
15609127,Sorensen,712,Spain,Male,34,3,85392.58,2,1,1,98635.96,0
15609128,Novak,802,France,Male,45,7,0.0,2,1,1,49964.4,0
15609129,Abubakar,569,Spain,Female,33,3,0.0,1,1,1,92028.76,0
15609130,Fontaine,609,France,Male,35,4,67630.45,2,1,0,182285.28,1
15609131,Osei,727,Spain,Female,37,2,82587.87,4,1,1,64295.85,0
15609132,Sorensen,730,France,Female,33,3,139046.07,1,1,0,200000.0,0
15609133,Whitfield,755,Spain,Male,38,0,157225.5,1,1,0,56827.01,1
15609134,Fairweather,747,France,Male,36,6,0.0,3,0,0,150206.75,1
15609135,Duarte,503,Spain,Female,31,5,135976.64,2,0,0,16160.72,1
15609136,Girard,604,France,Female,37,1,29113.12,1,1,1,123999.73,0
15609137,Sorensen,710,Spain,Female,40,8,0.0,1,1,1,4466.72,0
15609138,Nakamura,642,France,Male,27,2,174698.1,2,1,0,151149.15,0
15609139,Balogh,685,France,Female,43,7,200539.34,3,1,1,101825.5,1
15609140,Hallgren,637,France,Female,33,1,0.0,1,1,1,157218.22,1
15609141,Voss,608,Germany,Female,41,0,0.0,1,0,1,30875.97,0
15609142,Hargrove,627,France,Male,32,1,61952.07,1,0,0,111500.19,0
15609143,Mendez,542,Spain,Female,49,5,183015.98,3,1,1,135354.38,0
15609144,Sorensen,581,France,Female,48,1,59083.17,3,1,0,134848.92,1
15609145,Lindqvist,644,Spain,Female,28,3,210086.06,2,0,1,48934.58,0
15609146,Adeyemi,645,France,Female,44,5,0.0,1,0,0,108505.87,1
15609147,Fairweather,704,France,Female,53,7,0.0,2,0,0,70634.2,0
15609148,Girard,623,France,Male,29,8,0.0,2,1,1,111529.5,0
15609149,Girard,811,France,Male,30,4,98477.16,2,1,1,4009.04,0
15609150,Laurent,768,France,Male,46,1,105687.61,2,1,1,185215.63,0
15609151,Adeyemi,602,France,Female,25,10,96060.54,2,1,0,65203.02,0
15609152,Petrov,669,Spain,Male,31,8,0.0,3,1,1,127944.95,0
15609153,Mendez,766,Germany,Female,28,9,0.0,1,1,0,33217.01,0
15609154,Falk,588,France,Female,46,10,142941.41,2,1,1,4420.82,0
15609155,Lindqvist,578,Germany,Female,31,7,121739.59,3,1,1,138556.08,0
15609156,Lindqvist,775,France,Female,36,10,169084.23,1,0,1,137308.21,0
15609157,Hargrove,716,France,Female,31,5,66185.99,1,0,1,148965.1,0
15609158,Dubois,753,France,Male,50,6,147668.13,1,1,0,120592.57,0
15609159,Girard,680,France,Male,30,6,146717.57,2,1,0,167839.25,1
15609160,Iyer,626,France,Male,24,5,186984.88,2,1,0,119782.72,0
15609161,Odom,521,Germany,Female,24,4,0.0,2,1,1,46991.15,0
15609162,Fairweather,663,Spain,Male,46,3,68691.15,2,0,0,200000.0,0
15609163,Marchetti,768,Spain,Male,46,8,71492.19,1,1,1,52037.74,0
15609164,Falk,769,France,Female,51,3,135909.43,1,1,0,148455.71,1
15609165,Odom,753,France,Male,26,9,123199.41,1,0,1,128660.92,0
15609166,Thibault,726,Spain,Female,36,8,140387.86,1,1,1,161015.55,0
15609167,Voss,850,France,Male,63,10,0.0,4,0,0,94603.85,1
15609168,Winters,501,France,Female,35,7,0.0,2,1,0,119336.38,0
15609169,Abubakar,672,France,Male,33,6,123750.44,1,1,1,63941.28,0
15609170,Rousseau,560,France,Female,38,3,139628.19,1,1,0,133372.04,1
15609171,Dubois,799,Spain,Female,44,7,130516.0,2,1,1,26190.03,0
15609172,Dubois,597,France,Male,44,6,0.0,2,1,1,173024.67,0
15609173,Winters,747,France,Male,32,4,137901.15,1,0,0,200000.0,1
15609174,Fairweather,607,Germany,Female,33,0,0.0,1,0,0,163327.72,1
15609175,Abubakar,690,Germany,Male,35,0,115147.34,2,1,1,1000.0,0
15609176,Laurent,640,France,Female,31,2,136659.59,2,1,0,69414.36,0
15609177,Odom,649,France,Male,26,7,106873.99,2,1,0,156475.45,0
15609178,Voss,682,Germany,Female,57,10,0.0,1,1,1,35776.6,0
15609179,Okonkwo,738,France,Male,34,10,0.0,1,0,1,22563.54,0
15609180,Abubakar,640,France,Female,35,5,0.0,2,1,1,107982.93,0
15609181,Reyes,736,France,Female,35,9,84328.9,1,0,0,72512.81,0
15609182,Okonkwo,750,France,Male,38,0,0.0,1,1,1,69261.44,0
15609183,Nakamura,610,Germany,Male,43,9,153717.52,1,1,0,19722.08,0
15609184,Renner,831,Germany,Female,34,10,0.0,2,1,1,197435.09,0
15609185,Castellano,722,Germany,Female,50,4,99212.81,1,1,1,43808.2,1
15609186,Renner,609,Spain,Female,45,0,50640.58,1,1,0,75233.46,0
15609187,Petrov,709,Spain,Female,37,7,0.0,1,1,0,124103.84,1
15609188,Duarte,750,Germany,Female,32,0,71386.57,2,1,0,86840.75,0
15609189,Weiss,707,Spain,Female,50,7,0.0,3,1,0,72441.45,1
15609190,Okonkwo,669,France,Female,37,3,142301.33,1,1,0,153955.1,1
15609191,Marceau,350,France,Male,26,5,88031.52,1,1,1,121095.24,0
15609192,Girard,557,Spain,Male,49,10,0.0,2,1,1,118589.72,0
15609193,Rousseau,715,France,Female,31,1,0.0,3,1,1,75739.51,0
15609194,Novak,555,France,Female,47,0,166630.84,2,1,1,24489.75,0
15609195,Bergstrom,699,France,Male,18,6,114210.72,1,1,1,165808.61,0
15609196,Odom,735,Spain,Male,35,7,120430.2,1,1,1,58322.63,0
15609197,Petrov,639,France,Female,50,3,55803.22,1,1,1,21425.63,0
15609198,Delacroix,481,France,Female,39,1,117903.84,1,1,0,78837.19,1
15609199,Petrov,579,France,Male,45,7,0.0,2,0,0,95795.76,0
15609200,Balogh,716,France,Female,29,7,0.0,2,1,0,18650.84,0
15609201,Osei,771,Germany,Male,42,10,182910.74,1,1,0,74072.52,1
15609202,Rousseau,450,France,Male,39,9,55691.99,1,1,0,98818.04,1
15609203,Marceau,658,France,Female,41,8,170767.49,1,1,1,25487.39,0
15609204,Falk,509,France,Male,59,0,0.0,3,1,0,163685.9,1
15609205,Bergstrom,659,Germany,Female,52,2,110652.88,1,1,0,24986.86,0
15609206,Winters,635,Spain,Male,47,7,68563.31,1,0,0,137093.23,1
15609207,Dubois,850,France,Female,47,5,125976.41,3,1,0,108593.75,1
15609208,Thibault,598,France,Male,29,0,220573.51,2,1,0,200000.0,0
15609209,Abubakar,751,Spain,Female,34,6,3000.0,1,1,1,103339.19,0
15609210,Hargrove,747,Germany,Female,23,8,14223.82,2,1,0,19210.11,1
15609211,Delacroix,631,France,Male,26,7,103160.73,2,1,1,26984.85,1
15609212,Renner,661,France,Female,29,10,128350.43,2,0,0,81566.25,0
15609213,Petrov,650,France,Male,38,1,158976.39,2,1,1,1000.0,0
15609214,Voss,579,France,Male,26,10,134605.48,2,1,0,22256.6,0
15609215,Odom,570,Spain,Female,38,5,30200.87,2,1,0,135810.61,0
15609216,Marceau,611,Germany,Female,37,3,0.0,2,1,1,200000.0,0
15609217,Adeyemi,541,Germany,Female,27,9,0.0,2,0,1,94076.07,0
15609218,Dubois,602,Germany,Female,54,1,0.0,1,1,0,38995.4,0
15609219,Weiss,631,France,Male,25,0,76145.83,1,0,0,159144.1,0
15609220,Falk,666,Germany,Male,50,8,0.0,1,1,1,175014.57,0
15609221,Aoki,693,France,Male,18,8,89447.94,1,0,1,73888.38,0
15609222,Marchetti,631,France,Male,37,0,0.0,1,1,1,135892.61,0
15609223,Whitfield,576,Spain,Female,26,9,131147.7,1,0,0,175072.65,1
15609224,Dubois,691,France,Male,32,9,112844.69,2,1,0,118996.47,0
15609225,Okonkwo,726,Germany,Female,57,8,0.0,3,1,1,60287.37,1
15609226,Voss,603,Germany,Male,35,4,105401.85,1,0,0,69931.86,1
15609227,Okonkwo,556,Germany,Male,27,10,0.0,2,0,0,29078.94,0
15609228,Castellano,607,Germany,Female,43,1,239607.22,3,1,1,54879.02,0
15609229,Whitfield,633,France,Male,35,8,133279.0,1,1,0,135801.41,1
15609230,Marceau,760,France,Female,40,9,163258.48,1,1,1,87272.11,0
15609231,Sorensen,717,Germany,Female,29,5,75631.27,4,0,0,12456.18,1
15609232,Lindqvist,650,Spain,Female,30,3,179663.69,1,1,1,119632.86,0
15609233,Rousseau,832,Germany,Female,30,5,0.0,2,1,1,163374.06,0
15609234,Castellano,647,France,Female,47,0,48661.05,1,1,1,89772.3,0
15609235,Odom,786,France,Male,36,0,169614.09,2,1,1,95232.1,0
15609236,Petrov,767,France,Female,28,3,116482.14,2,0,0,184560.31,1
15609237,Novak,760,Spain,Male,40,0,0.0,4,1,0,167553.6,1
15609238,Okafor,681,Germany,Male,39,6,0.0,1,1,1,131406.1,0
15609239,Fairweather,661,Germany,Female,44,7,47317.45,1,0,1,181893.84,0
15609240,Marchetti,650,France,Female,34,9,121230.29,1,1,1,167544.5,0
15609241,Marceau,732,France,Female,38,3,67160.06,1,0,0,93283.08,1
15609242,Fontaine,574,France,Female,43,8,175189.45,1,0,0,122286.4,1
15609243,Castellano,625,France,Female,28,3,0.0,1,1,1,107006.44,0
15609244,Iyer,810,France,Female,48,5,0.0,2,0,1,200000.0,0
15609245,Voss,710,Spain,Male,39,8,10490.72,2,1,0,124811.35,0
15609246,Kessler,742,France,Male,27,3,0.0,3,1,1,120423.36,1
15609247,Voss,533,France,Male,27,1,0.0,1,0,0,200000.0,1
15609248,Weiss,609,Spain,Female,37,8,98909.67,3,1,1,110002.65,0
15609249,Winters,682,Germany,Male,33,3,136190.58,1,1,0,80800.85,0
15609250,Okonkwo,646,France,Male,46,2,67777.91,3,1,1,1000.0,0
15609251,Hargrove,532,France,Male,36,7,0.0,2,1,1,75361.06,0
15609252,Okonkwo,723,Spain,Female,42,5,121650.74,1,0,0,111050.78,0
15609253,Petrov,753,Germany,Male,30,0,65447.95,3,1,1,156567.31,1
15609254,Thibault,623,Germany,Male,38,10,108159.18,1,1,0,99645.15,0
15609255,Abubakar,726,France,Male,52,5,0.0,2,1,1,50404.22,0
15609256,Bergstrom,845,Spain,Male,37,2,44038.24,2,0,0,122873.52,0
15609257,Aoki,796,Germany,Male,33,0,29930.79,1,0,0,1000.0,1
15609258,Marceau,627,France,Female,30,7,0.0,1,1,0,174660.37,0
15609259,Hargrove,544,France,Male,38,8,166825.19,1,0,0,182411.83,0
15609260,Iyer,672,Germany,Male,53,8,160898.53,1,1,0,1000.0,1
15609261,Reyes,850,France,Female,25,6,113242.76,3,1,0,51451.86,1
15609262,Balogh,778,Spain,Female,38,9,0.0,1,1,1,120323.25,0
15609263,Lindqvist,649,Germany,Male,21,6,0.0,2,0,1,200000.0,1
15609264,Fairweather,800,France,Male,34,2,152941.22,2,1,0,97023.19,0
15609265,Hargrove,762,Spain,Female,41,2,87394.76,2,1,0,122473.82,1
15609266,Nakamura,468,France,Female,22,4,0.0,1,0,0,114616.62,1
15609267,Sorensen,752,Germany,Male,34,7,0.0,1,1,1,10754.32,0
15609268,Kessler,661,Germany,Female,41,0,133631.61,3,1,1,80440.32,0
15609269,Winters,567,Germany,Male,40,3,143477.96,1,1,0,56396.44,0
15609270,Voss,659,France,Male,42,4,37574.43,1,1,1,113536.66,0
15609271,Whitfield,690,Germany,Male,29,6,0.0,3,1,0,60732.91,0
15609272,Renner,574,Germany,Female,41,1,145858.12,3,0,1,101875.2,1
15609273,Girard,638,Spain,Male,32,1,0.0,2,1,0,97009.93,0
15609274,Petrov,618,Spain,Male,46,10,141148.45,2,1,1,101762.38,0
15609275,Marchetti,726,France,Male,18,1,166809.36,3,0,1,161412.17,0
15609276,Okafor,621,Germany,Male,36,0,75203.55,1,1,1,122214.22,0
15609277,Dubois,487,France,Male,40,2,0.0,1,0,1,85962.7,0
15609278,Voss,607,France,Male,52,3,97574.91,2,1,1,128600.44,0
15609279,Mendez,559,Germany,Female,39,2,3000.0,2,1,1,68890.97,0
15609280,Marchetti,526,Germany,Male,40,8,128505.09,2,0,1,38140.32,0
15609281,Reyes,763,Germany,Male,42,1,0.0,1,0,1,161742.69,0
15609282,Bergstrom,727,France,Female,51,1,140503.28,1,0,1,62187.95,0
15609283,Thibault,557,France,Male,35,1,0.0,1,0,1,41836.72,0
15609284,Fontaine,528,France,Male,24,7,163174.34,2,1,1,187354.98,0
15609285,Okonkwo,640,France,Female,22,9,0.0,2,0,1,150550.91,0
15609286,Renner,523,Germany,Female,45,1,33417.18,1,1,0,89421.91,1
15609287,Schmitt,627,Spain,Male,41,6,118471.62,2,1,1,151336.29,0
15609288,Fairweather,657,France,Male,36,4,177069.84,2,0,1,73287.59,0
15609289,Odom,679,France,Male,33,6,130061.68,1,0,0,127705.08,0
15609290,Schmitt,683,France,Male,40,7,93403.98,2,1,0,103209.42,1
15609291,Voss,575,Germany,Female,41,3,151207.69,1,0,0,79104.68,1
15609292,Novak,657,Spain,Female,43,6,131306.14,2,1,1,114912.48,0
15609293,Dubois,773,France,Male,27,0,0.0,1,1,0,35622.49,0
15609294,Odom,449,France,Male,21,5,0.0,2,1,1,67193.23,0
15609295,Delacroix,681,France,Male,29,10,0.0,4,1,0,1000.0,1
15609296,Kowalski,537,France,Male,25,9,142741.75,2,1,0,81237.09,1
15609297,Mendez,785,Germany,Female,24,0,67005.16,2,0,1,114611.51,0
15609298,Okonkwo,728,Spain,Male,55,0,128497.61,2,0,1,17059.1,1
15609299,Bergstrom,725,France,Female,18,9,155463.3,2,1,1,121902.18,0
15609300,Castellano,568,Germany,Female,43,2,123896.05,2,0,0,1000.0,0
15609301,Kessler,675,France,Female,48,7,124463.43,2,1,1,66134.48,0
15609302,Sorensen,686,France,Female,49,5,115500.74,2,1,0,94308.44,0
15609303,Weiss,422,Spain,Female,41,4,138729.92,1,0,0,98749.12,1
15609304,Sorensen,664,France,Female,52,3,94036.3,1,1,1,113359.48,0
15609305,Sorensen,709,France,Male,57,8,105473.24,1,1,0,4667.29,0
15609306,Girard,514,Germany,Male,35,2,66950.05,2,1,0,109548.21,0
15609307,Adeyemi,708,Germany,Male,43,8,0.0,2,1,1,139104.71,0
15609308,Hallgren,660,France,Female,52,2,11772.46,2,1,0,74284.88,0
15609309,Voss,783,Spain,Female,30,9,113426.64,1,0,0,86140.0,0
15609310,Girard,610,France,Male,36,7,0.0,2,0,1,17126.91,0
15609311,Marchetti,667,Spain,Female,32,5,0.0,1,0,1,149536.15,0
15609312,Aoki,683,France,Female,43,1,158060.35,2,1,0,26992.45,0
15609313,Winters,380,Spain,Female,19,2,178768.7,2,1,1,162007.61,0
15609314,Winters,616,France,Male,53,6,0.0,2,1,1,200000.0,0
15609315,Laurent,658,Germany,Male,44,6,62175.28,2,0,0,71271.18,1
15609316,Reyes,424,Germany,Male,45,1,0.0,2,1,0,55550.82,0
15609317,Schmitt,715,France,Male,18,1,0.0,2,0,0,89238.69,0
15609318,Schmitt,658,Germany,Female,28,6,0.0,2,0,1,157159.76,1
15609319,Iyer,658,France,Male,54,4,0.0,3,1,0,47441.41,1
15609320,Girard,719,Spain,Male,37,5,130896.87,2,1,0,1000.0,0
15609321,Winters,611,France,Male,21,6,0.0,1,1,1,164808.57,0
15609322,Whitfield,654,France,Female,41,9,0.0,1,0,0,101120.77,0
15609323,Kowalski,733,Spain,Male,45,2,0.0,1,0,1,86668.16,0
15609324,Delacroix,655,France,Female,44,7,0.0,1,0,1,102918.88,1
15609325,Okonkwo,473,Spain,Male,37,9,149793.73,2,1,1,52538.88,0
15609326,Rousseau,655,Spain,Female,50,10,126078.1,1,1,0,88611.47,0
15609327,Odom,656,France,Male,31,10,106426.04,1,1,1,114709.7,0
15609328,Aoki,736,France,Male,44,0,0.0,1,1,0,127587.68,1
15609329,Weiss,617,Spain,Female,40,0,0.0,1,0,0,101479.35,0
15609330,Hallgren,556,Spain,Female,37,9,61341.85,1,1,0,1000.0,1
15609331,Okafor,556,France,Female,35,2,0.0,2,1,1,80853.47,0
15609332,Winters,788,France,Female,35,3,104454.72,1,0,1,102248.86,0
15609333,Sorensen,678,Spain,Male,39,5,40801.26,1,1,0,107064.5,1
15609334,Bergstrom,784,Spain,Female,36,7,157926.12,2,0,0,74613.51,0
15609335,Sorensen,797,Germany,Male,46,0,60783.23,3,1,1,200000.0,0
15609336,Schmitt,579,France,Female,33,7,140830.53,1,0,0,73572.8,0
15609337,Balogh,571,Spain,Female,54,1,185709.26,1,1,0,124925.9,1
15609338,Osei,638,Spain,Female,33,4,0.0,1,1,1,72579.95,0
15609339,Laurent,709,France,Female,48,9,0.0,1,0,1,126359.28,0
15609340,Rousseau,515,France,Female,48,1,148691.88,1,0,1,14177.11,0
15609341,Petrov,694,France,Male,40,0,0.0,2,1,0,186054.39,0
15609342,Fairweather,689,Germany,Male,39,5,0.0,1,1,1,118462.72,0
15609343,Dubois,542,France,Female,31,2,85567.22,1,0,1,68716.02,0
15609344,Schmitt,545,Spain,Female,33,2,7850.83,2,1,0,76055.27,0
15609345,Dubois,693,Spain,Male,41,4,0.0,2,0,1,56729.7,0
15609346,Fontaine,849,France,Female,38,1,86888.66,1,0,0,78716.4,1
15609347,Fontaine,622,Germany,Male,51,0,0.0,1,1,1,97968.92,1
15609348,Osei,682,Spain,Female,34,10,172708.22,1,1,0,66865.57,0
15609349,Okonkwo,592,France,Female,34,8,57198.62,4,1,1,141406.45,0
15609350,Hallgren,673,Germany,Male,22,4,0.0,3,1,0,200000.0,1
15609351,Falk,590,Spain,Male,45,9,0.0,2,1,0,86287.35,0
15609352,Dubois,625,France,Female,44,10,0.0,1,0,0,1000.0,0
15609353,Lindqvist,850,Spain,Male,48,4,42820.19,1,1,1,79251.95,0
15609354,Fontaine,660,Spain,Female,49,1,128887.97,1,1,0,93122.86,1
15609355,Schmitt,500,France,Male,47,2,82715.67,1,1,0,142682.59,0
15609356,Winters,712,Germany,Male,47,10,177650.93,1,1,0,58408.26,1
15609357,Fairweather,758,Spain,Male,45,9,66593.81,1,0,1,59431.45,0
15609358,Renner,715,Spain,Female,46,7,148610.31,3,0,1,57954.94,1
15609359,Duarte,633,France,Female,20,7,51383.51,2,1,1,25241.23,0
15609360,Adeyemi,562,France,Female,27,3,163593.99,1,1,1,1000.0,0
15609361,Falk,564,France,Female,26,5,117856.01,1,1,1,104069.62,1
15609362,Kowalski,632,Spain,Female,51,4,126648.21,3,1,0,15888.78,1
15609363,Castellano,615,Spain,Male,31,4,94079.13,2,1,0,81681.81,1
15609364,Hallgren,596,Germany,Male,32,7,0.0,1,1,1,136694.94,0
15609365,Okafor,767,France,Female,39,5,136838.66,2,1,0,46482.21,0
15609366,Iyer,738,Spain,Male,26,4,0.0,1,1,1,164957.22,0
15609367,Voss,772,Germany,Female,42,2,0.0,2,1,1,57132.79,0
15609368,Bergstrom,574,Germany,Female,18,7,0.0,2,0,1,11643.18,0
15609369,Winters,562,Germany,Female,26,4,81369.99,2,1,0,75208.02,1
15609370,Iyer,657,Germany,Female,41,0,0.0,1,1,1,118852.84,1
15609371,Hargrove,690,France,Female,26,7,0.0,2,0,1,145249.5,0
15609372,Delacroix,657,Spain,Female,52,3,0.0,1,1,0,121056.48,0
15609373,Weiss,683,Germany,Female,39,4,92203.4,1,1,0,200000.0,1
15609374,Duarte,802,Spain,Male,50,10,182804.55,1,1,1,110539.02,0
15609375,Iyer,629,France,Male,42,7,0.0,2,1,1,68973.41,0
15609376,Iyer,727,Germany,Male,38,0,70979.26,1,1,1,96290.3,0
15609377,Fairweather,700,France,Female,28,8,150641.97,1,1,1,24694.4,0
15609378,Voss,659,France,Female,48,3,72032.7,1,1,1,147593.96,0
15609379,Adeyemi,723,France,Female,43,8,107608.87,2,1,0,19856.93,0
15609380,Hargrove,576,France,Male,60,3,128189.19,1,0,0,39963.1,1
15609381,Odom,557,France,Female,47,6,0.0,1,1,1,91673.75,0
15609382,Odom,692,France,Male,34,7,125440.48,1,0,1,44899.52,0
15609383,Renner,493,Germany,Female,41,2,0.0,1,1,1,120961.22,0
15609384,Iyer,699,France,Male,43,1,149209.82,2,1,1,116241.66,0
15609385,Bergstrom,542,Spain,Female,50,7,168859.55,1,1,0,141279.84,1
15609386,Marchetti,796,Germany,Female,52,0,0.0,2,0,1,132828.95,0
15609387,Osei,612,Germany,Male,37,9,62288.72,3,1,0,112556.53,1
15609388,Fairweather,790,France,Male,26,4,118216.44,1,1,1,95003.54,0
15609389,Iyer,630,France,Male,20,1,111103.96,2,1,1,140078.52,0
15609390,Okafor,626,Spain,Male,27,8,0.0,1,0,0,99751.93,0
15609391,Adeyemi,733,Germany,Male,32,9,0.0,3,1,0,180282.27,1
15609392,Falk,678,Spain,Male,54,0,197835.75,1,0,1,151232.49,0
15609393,Abubakar,644,France,Male,54,10,76532.42,1,0,1,84154.52,0
15609394,Mendez,611,Spain,Male,48,4,0.0,1,1,0,168115.79,1
15609395,Reyes,612,Spain,Female,51,7,0.0,4,1,1,186310.46,1
15609396,Castellano,850,Spain,Male,31,2,160935.23,1,1,0,200000.0,0
15609397,Mendez,489,Germany,Male,23,1,0.0,3,1,0,165145.44,1
15609398,Bergstrom,535,Germany,Female,28,10,131540.05,2,0,0,38511.6,0
15609399,Whitfield,763,Spain,Male,18,7,0.0,2,1,1,44887.24,0
15609400,Schmitt,756,Spain,Female,27,2,132890.86,1,1,0,39549.28,1
15609401,Bergstrom,561,Spain,Female,33,3,42872.75,2,1,1,157785.05,0
15609402,Petrov,482,Spain,Female,40,8,91438.89,1,1,0,200000.0,1
15609403,Aoki,772,France,Male,40,3,0.0,1,0,1,120999.91,0
15609404,Okafor,550,Spain,Female,31,7,111320.2,1,1,1,102433.84,0
15609405,Odom,603,Spain,Female,44,0,0.0,3,1,1,128892.1,0
15609406,Voss,659,France,Female,32,10,0.0,1,0,1,132708.28,0
15609407,Kessler,547,France,Male,39,7,32100.29,2,1,1,172776.24,0
15609408,Thibault,739,Spain,Female,27,3,133604.02,1,1,0,66292.18,0
15609409,Marchetti,652,Spain,Female,50,6,0.0,2,0,0,126288.4,1
15609410,Whitfield,565,France,Female,39,1,161973.14,2,1,1,147026.86,0
15609411,Whitfield,574,France,Male,45,4,128196.8,1,1,1,114542.91,0
15609412,Kowalski,775,France,Male,26,3,156321.56,2,0,1,10143.77,0
15609413,Nakamura,623,Germany,Male,40,4,67411.74,1,0,1,1000.0,1
15609414,Laurent,709,Germany,Male,44,8,205189.38,1,1,1,20635.86,0
15609415,Hallgren,649,Spain,Female,18,4,222985.09,2,0,0,163735.23,0
15609416,Okonkwo,482,France,Male,50,0,113502.33,2,1,0,190515.16,0
15609417,Marchetti,722,Spain,Male,26,4,131671.09,2,1,1,36737.01,0
15609418,Rousseau,753,Spain,Male,41,0,111360.2,2,0,0,146813.46,0
15609419,Dubois,827,Germany,Female,57,5,0.0,2,0,0,1000.0,1
15609420,Odom,468,France,Female,48,7,151633.24,1,1,1,64367.57,0
15609421,Schmitt,350,France,Female,23,1,23231.4,3,1,1,121241.15,0
15609422,Aoki,711,Spain,Female,37,0,70668.3,3,1,1,148259.08,1
15609423,Aoki,592,France,Female,51,4,131637.58,1,1,0,61103.23,1
15609424,Marceau,513,Spain,Male,30,5,150685.94,3,1,1,93932.71,1
15609425,Falk,660,Germany,Male,35,0,119468.13,4,1,0,95985.23,1
15609426,Aoki,607,France,Female,35,3,27164.52,2,1,0,23241.57,1
15609427,Kowalski,527,France,Female,44,8,0.0,2,1,0,160395.0,1
15609428,Okonkwo,642,Spain,Male,23,6,0.0,1,0,1,111105.08,0
15609429,Weiss,704,Germany,Female,45,5,0.0,1,1,1,54138.56,0
15609430,Falk,667,France,Male,32,1,158964.67,1,0,1,96302.7,0
15609431,Castellano,668,France,Female,38,8,203604.71,1,0,1,163212.48,0
15609432,Renner,693,Spain,Female,36,6,0.0,2,0,1,53718.91,0
15609433,Duarte,488,France,Male,45,4,0.0,1,1,0,33905.38,0
15609434,Okafor,645,Germany,Female,38,6,156843.84,1,1,0,36379.66,1
15609435,Duarte,673,Spain,Female,53,1,0.0,1,1,0,200000.0,1
15609436,Girard,614,France,Female,49,7,139101.5,1,0,0,151108.52,1
15609437,Thibault,570,Germany,Female,30,3,116166.24,2,1,1,43747.93,0
15609438,Petrov,578,Spain,Male,52,0,117564.87,2,1,0,106468.61,0
15609439,Rousseau,622,France,Male,42,2,0.0,1,1,1,114567.88,1
15609440,Odom,738,Spain,Male,40,4,88833.94,2,1,0,103309.37,0
15609441,Reyes,797,Germany,Male,47,4,0.0,2,0,1,67185.07,0
15609442,Duarte,777,Spain,Male,28,2,81009.26,2,1,1,19773.84,0
15609443,Weiss,500,France,Male,24,8,14211.21,1,1,0,58263.58,1
15609444,Aoki,560,Spain,Male,39,2,260000.0,1,0,1,70463.02,0
15609445,Abubakar,713,France,Female,32,1,90172.16,1,1,1,147589.59,0
15609446,Osei,775,Spain,Male,60,2,98573.86,2,1,0,109803.4,0
15609447,Voss,557,Spain,Male,31,4,0.0,1,1,1,131986.26,1
15609448,Castellano,668,France,Female,39,0,0.0,2,1,0,35252.93,1
15609449,Dubois,541,France,Female,40,1,74043.36,2,1,1,85565.76,0
15609450,Fontaine,677,Germany,Female,51,1,186472.05,2,1,1,160585.36,0
15609451,Okonkwo,588,France,Male,28,4,0.0,2,1,0,26700.78,1
15609452,Laurent,668,Germany,Female,22,10,59722.69,1,1,1,197205.15,0
15609453,Balogh,534,Spain,Male,53,6,0.0,2,1,0,106528.96,0
15609454,Fontaine,493,Spain,Female,39,0,166743.74,1,1,0,137235.19,0
15609455,Adeyemi,850,France,Female,47,0,89965.29,1,1,0,1000.0,1
15609456,Marceau,657,France,Male,47,1,130784.73,2,1,1,141528.52,0
15609457,Kessler,850,France,Female,49,0,65549.7,2,1,0,50026.48,0
15609458,Mendez,795,Spain,Female,35,5,0.0,2,1,1,104297.89,0
15609459,Mendez,493,Germany,Male,32,8,110636.0,1,1,0,31184.21,1
15609460,Marceau,685,Germany,Male,18,4,0.0,2,1,1,157778.44,0
15609461,Balogh,526,France,Female,28,4,0.0,1,1,1,39321.13,0
15609462,Thibault,622,France,Male,39,6,55854.24,1,1,0,127184.38,0
15609463,Okafor,469,France,Male,31,3,0.0,1,1,1,120872.73,0
15609464,Fairweather,499,Germany,Male,27,8,133728.25,2,1,0,115656.04,0
15609465,Sorensen,568,France,Female,39,7,64755.94,1,1,1,89690.05,0
15609466,Nakamura,598,France,Male,52,10,121455.69,1,1,0,131710.83,1
15609467,Hallgren,654,Spain,Female,38,0,131554.16,1,1,1,96729.76,0
15609468,Falk,551,Spain,Female,27,4,0.0,1,1,0,84792.77,0
15609469,Hargrove,664,France,Male,51,9,130164.45,1,0,0,142537.5,0
15609470,Kowalski,759,Spain,Male,31,7,0.0,2,1,1,200000.0,0
15609471,Novak,676,France,Female,54,8,157884.63,1,1,0,98407.52,1
15609472,Girard,644,France,Male,36,5,148393.4,2,0,0,23583.23,1
15609473,Bergstrom,683,France,Male,40,4,0.0,1,1,0,84253.57,0
15609474,Fairweather,512,France,Male,54,8,23172.18,1,1,0,136718.07,0
15609475,Rousseau,741,Germany,Female,25,5,0.0,1,0,1,79665.68,0
15609476,Okonkwo,535,Spain,Female,28,4,72340.37,1,1,0,17317.93,0
15609477,Kowalski,799,Germany,Male,35,4,99578.07,2,1,0,114664.3,1
15609478,Odom,724,France,Male,37,1,0.0,1,1,1,88511.96,0
15609479,Balogh,703,Spain,Male,65,8,0.0,2,1,0,63904.75,0
15609480,Girard,708,Germany,Female,29,9,123943.72,1,0,0,115937.71,0
15609481,Whitfield,650,France,Male,25,0,68360.01,1,1,1,151731.82,0
15609482,Winters,575,Germany,Female,29,4,3000.0,1,1,1,76201.36,0
15609483,Schmitt,560,Spain,Female,41,7,44088.55,1,1,0,146753.5,1
15609484,Renner,818,Spain,Male,44,1,81512.51,2,1,1,106240.53,0
15609485,Castellano,660,France,Female,31,3,99086.78,2,1,1,42233.52,0
15609486,Iyer,543,Spain,Female,39,10,0.0,2,1,0,1000.0,0
15609487,Rousseau,700,Spain,Female,58,8,0.0,1,1,0,113207.4,0
15609488,Kessler,683,Germany,Male,39,9,0.0,1,1,1,96747.81,1
15609489,Odom,618,Germany,Female,42,10,184628.86,2,1,0,58961.46,0
15609490,Duarte,564,France,Male,58,7,102033.99,2,1,1,65928.45,0
15609491,Okafor,721,Germany,Female,31,3,0.0,1,0,0,32773.04,1
15609492,Dubois,741,Germany,Male,31,10,118061.47,2,1,1,115324.28,0
15609493,Fairweather,681,Spain,Male,34,4,69365.92,2,1,1,39425.78,0
15609494,Delacroix,657,France,Female,33,5,0.0,1,1,1,84234.42,0
15609495,Schmitt,575,France,Male,20,6,14585.05,1,0,0,72622.36,0
15609496,Iyer,696,France,Male,40,6,179005.27,2,0,1,13673.05,0
15609497,Iyer,589,France,Female,41,6,121376.47,1,1,0,135084.7,0
15609498,Dubois,528,Germany,Male,37,8,130161.82,1,1,0,90129.29,1
15609499,Petrov,758,France,Female,41,1,138330.92,2,0,1,200000.0,0
15609500,Okafor,551,Spain,Female,41,4,89927.54,4,0,1,50420.57,1
15609501,Winters,468,Spain,Male,25,6,175557.76,1,0,0,200000.0,0
15609502,Mendez,776,Spain,Female,41,6,75739.25,1,1,1,103157.39,0
15609503,Dubois,483,France,Female,44,7,0.0,1,0,1,72722.06,0
15609504,Thibault,613,Spain,Female,22,3,119450.53,1,1,1,43293.75,0
15609505,Lindqvist,545,Spain,Male,53,10,0.0,1,1,0,23351.0,0
15609506,Falk,581,Spain,Female,26,0,83685.2,2,1,1,63017.74,0
15609507,Voss,850,France,Female,27,7,0.0,3,1,1,57501.39,0
15609508,Duarte,640,Spain,Male,41,1,148752.53,1,1,1,75811.78,1
15609509,Voss,685,France,Female,44,6,110129.1,2,1,1,57856.77,0
15609510,Weiss,726,Spain,Male,46,0,66786.57,1,1,0,151349.74,1
15609511,Iyer,588,France,Male,44,2,0.0,1,1,0,37586.85,0
15609512,Abubakar,753,France,Male,33,4,0.0,2,1,0,57083.6,0
15609513,Castellano,686,Germany,Female,40,1,107117.49,1,0,1,85104.58,1
15609514,Falk,722,France,Male,35,3,80987.25,1,1,0,52399.72,0
15609515,Petrov,580,Germany,Male,40,6,63134.54,1,0,1,153878.37,0
15609516,Winters,693,Germany,Male,39,1,56909.38,1,1,0,46491.71,0
15609517,Renner,649,France,Male,33,6,20083.24,2,1,1,80973.83,0
15609518,Fairweather,758,France,Female,35,5,166063.65,1,1,1,76714.17,0
15609519,Mendez,598,France,Male,20,9,147789.52,1,0,0,77210.7,1
15609520,Castellano,845,Germany,Male,47,7,50574.29,3,0,0,200000.0,1
15609521,Voss,683,Spain,Female,42,4,0.0,1,1,0,170924.06,0
15609522,Renner,638,France,Male,18,9,114119.03,2,1,1,127500.9,0
15609523,Castellano,627,Spain,Male,47,1,47401.24,1,0,1,114975.4,0
15609524,Okonkwo,649,France,Female,38,6,0.0,2,1,1,200000.0,0
15609525,Weiss,590,Spain,Female,29,2,104547.57,3,1,0,87957.57,1
15609526,Fairweather,714,Spain,Male,28,4,0.0,3,1,0,80950.71,0
15609527,Osei,649,France,Female,31,5,141706.75,1,1,1,93826.39,0
15609528,Hargrove,837,Germany,Female,29,6,85066.08,2,1,0,90452.01,1
15609529,Petrov,608,France,Female,30,3,134963.91,1,0,1,115248.21,0
15609530,Hargrove,638,Spain,Male,56,7,103866.26,1,1,0,101605.48,1
15609531,Schmitt,608,Spain,Female,42,1,75253.96,1,0,1,1000.0,0
15609532,Delacroix,829,Germany,Female,59,1,160027.07,1,1,1,112637.26,1
15609533,Hallgren,511,France,Female,41,1,0.0,1,1,0,124988.25,1
15609534,Fontaine,659,Germany,Female,44,5,0.0,3,1,0,124245.23,1
15609535,Aoki,680,France,Female,30,4,57113.51,1,1,0,59748.36,0
15609536,Girard,542,Germany,Female,37,9,86016.97,1,1,1,17835.98,1
15609537,Iyer,850,France,Male,38,3,153007.34,2,1,1,163612.21,0
15609538,Petrov,561,Spain,Male,45,6,97965.34,1,0,1,78414.5,0
15609539,Hargrove,653,France,Female,38,10,100855.36,1,1,1,72202.52,0
15609540,Thibault,812,Germany,Male,42,6,58944.32,2,0,1,63848.62,0
15609541,Iyer,614,Germany,Female,42,9,121843.26,1,1,1,127313.59,0
15609542,Sorensen,664,France,Female,35,5,0.0,1,0,0,150899.41,1
15609543,Novak,617,Spain,Female,34,2,130288.72,3,0,0,121656.61,1
15609544,Mendez,645,Spain,Male,32,4,62356.97,2,1,1,119681.68,0
15609545,Aoki,754,France,Female,50,8,0.0,1,1,0,77365.37,1
15609546,Schmitt,610,Spain,Female,35,1,190751.11,3,1,1,73155.78,0
15609547,Kowalski,395,Spain,Male,42,5,130288.98,2,1,1,76278.03,0
15609548,Kessler,647,Spain,Female,37,5,94677.24,1,1,1,121059.96,0
15609549,Girard,656,France,Male,49,10,154841.2,3,0,1,66991.32,0
15609550,Novak,669,Germany,Female,18,10,0.0,1,1,1,130741.0,1
15609551,Marceau,632,France,Male,42,6,62689.11,3,1,1,134627.34,0
15609552,Winters,567,Spain,Female,26,2,0.0,2,0,1,137073.1,0
15609553,Hargrove,626,France,Male,42,2,166933.79,1,1,0,75248.35,0
15609554,Balogh,819,France,Male,37,6,0.0,1,1,0,49686.3,0
15609555,Hargrove,646,France,Male,23,2,0.0,1,1,1,100017.58,0
15609556,Okafor,713,France,Male,42,7,0.0,1,1,0,71971.87,1
15609557,Iyer,551,Spain,Female,41,10,133015.82,2,0,1,63812.91,0
15609558,Voss,622,Spain,Female,36,2,0.0,1,1,1,83738.17,0
15609559,Kessler,554,Spain,Male,37,10,100120.48,1,0,1,133595.53,0
15609560,Abubakar,774,Spain,Male,40,0,181126.64,2,1,0,50502.49,0
15609561,Rousseau,501,France,Female,51,5,0.0,2,0,1,195856.47,0
15609562,Whitfield,686,France,Male,35,4,154663.3,1,0,1,129389.62,0
15609563,Adeyemi,683,Spain,Male,49,6,162678.47,1,1,1,73064.52,0
15609564,Bergstrom,676,Spain,Male,38,5,0.0,2,1,0,140755.11,0
15609565,Laurent,425,Spain,Female,52,6,0.0,1,1,1,48766.91,0
15609566,Aoki,456,France,Female,36,1,101640.48,1,0,1,108813.56,0
15609567,Osei,661,Germany,Male,32,8,0.0,4,1,1,124746.92,0
15609568,Adeyemi,561,France,Female,27,10,171391.3,1,1,1,137297.76,0
15609569,Voss,588,Spain,Female,38,5,178136.41,2,1,0,91659.95,0
15609570,Whitfield,609,France,Female,30,9,172528.12,1,0,0,37803.57,1
15609571,Bergstrom,549,Spain,Female,53,1,88702.79,3,0,1,99196.54,0
15609572,Mendez,532,France,Female,30,8,83591.18,1,0,0,170041.36,1
15609573,Winters,650,Spain,Female,31,3,70595.77,2,1,0,61130.29,0
15609574,Fairweather,467,France,Female,44,7,0.0,3,0,1,59233.84,0
15609575,Marchetti,601,Spain,Male,51,6,0.0,1,1,1,86019.11,0
15609576,Fairweather,586,France,Female,46,0,83748.57,1,1,1,132407.16,0
15609577,Renner,648,Spain,Female,49,3,102850.75,1,0,0,36741.12,1
15609578,Okonkwo,850,France,Male,38,4,144333.24,2,0,0,64522.98,1
15609579,Whitfield,556,France,Male,38,8,95942.06,2,0,0,41200.49,1
15609580,Duarte,689,Spain,Male,59,1,102482.09,2,1,1,178289.75,0
15609581,Nakamura,671,France,Male,56,10,167717.1,1,0,1,46046.29,0
15609582,Voss,704,France,Male,46,0,0.0,1,1,1,106556.38,0
15609583,Reyes,630,Germany,Male,50,2,0.0,1,1,1,61408.36,1
15609584,Okafor,788,Germany,Male,47,1,116817.44,1,0,0,121836.97,1
15609585,Mendez,716,Germany,Female,26,9,133666.95,1,1,0,154332.33,1
15609586,Iyer,717,France,Male,38,6,0.0,1,1,1,89796.11,0
15609587,Balogh,514,Spain,Male,54,7,187954.05,1,1,1,143235.56,0
15609588,Hargrove,659,Germany,Male,46,7,260000.0,1,1,0,132871.49,0
15609589,Delacroix,601,France,Male,38,6,0.0,2,1,1,113421.72,0
15609590,Schmitt,567,Spain,Male,54,3,0.0,2,1,1,150128.72,0
15609591,Abubakar,590,France,Female,42,1,0.0,2,1,1,200000.0,0
15609592,Winters,645,Germany,Male,46,4,113524.3,1,1,1,170688.91,0
15609593,Laurent,694,Spain,Male,42,4,0.0,2,1,0,8380.62,0
15609594,Renner,744,France,Female,44,4,0.0,2,0,0,20581.21,1
15609595,Adeyemi,740,France,Female,45,10,0.0,2,1,1,94533.23,0
15609596,Weiss,678,France,Male,52,1,54803.68,2,1,0,1000.0,0
15609597,Kessler,655,France,Male,53,7,41138.46,1,0,1,91117.63,1
15609598,Schmitt,619,Spain,Female,34,1,37162.01,1,1,0,12441.98,0
15609599,Thibault,626,Spain,Male,42,6,0.0,2,0,0,108853.93,0
15609600,Girard,575,Spain,Male,51,7,145562.97,2,1,1,121790.19,0
15609601,Okafor,609,France,Female,37,0,63268.68,1,1,1,90942.31,0
15609602,Rousseau,684,Spain,Female,25,5,0.0,2,0,0,79571.8,0
15609603,Winters,798,France,Female,29,3,135830.12,1,1,0,58874.25,1
15609604,Renner,636,France,Male,30,5,129336.98,3,1,1,104982.36,0
15609605,Girard,572,Germany,Female,34,5,0.0,3,1,0,29829.14,1
15609606,Fontaine,743,Spain,Female,31,5,122777.3,2,0,0,47460.16,0
15609607,Whitfield,458,Spain,Female,49,7,178643.75,2,1,1,123742.98,0
15609608,Lindqvist,750,Germany,Male,36,2,143188.16,3,1,0,79316.0,1
15609609,Petrov,512,France,Male,51,9,0.0,1,1,0,72562.05,1
15609610,Petrov,713,Germany,Male,27,9,204001.9,2,1,0,154297.39,0
15609611,Falk,604,Spain,Female,35,5,63960.88,1,1,1,96876.53,0
15609612,Laurent,681,Spain,Male,40,9,0.0,1,0,1,72185.81,0
15609613,Voss,850,France,Male,47,3,239606.15,1,1,1,138227.23,0
15609614,Castellano,570,France,Male,50,2,136485.55,2,0,1,47781.15,0
15609615,Hargrove,554,France,Male,33,3,0.0,1,1,1,1000.0,0
15609616,Falk,658,France,Female,49,8,128838.39,2,0,0,178149.96,1
15609617,Okafor,796,France,Male,21,1,138117.6,2,0,1,31425.49,0
15609618,Laurent,667,Spain,Male,47,3,122058.08,3,1,1,195177.45,0
15609619,Rousseau,654,Spain,Female,25,1,86661.48,1,0,0,67367.87,0
15609620,Duarte,666,France,Female,43,4,0.0,2,1,0,1000.0,0
15609621,Bergstrom,554,Spain,Female,50,3,53767.43,1,1,1,45891.77,0
15609622,Aoki,667,Germany,Female,48,8,73033.7,1,1,1,120933.22,0
15609623,Dubois,612,Spain,Male,22,8,176746.07,2,1,1,189094.23,0
15609624,Voss,777,Germany,Male,34,9,51053.23,1,0,1,151103.69,1
15609625,Hallgren,727,Spain,Male,46,4,0.0,2,1,0,157878.61,0
15609626,Dubois,523,France,Female,46,5,181916.71,2,0,1,26967.78,0
15609627,Falk,623,France,Female,41,9,144538.19,2,1,1,146848.3,0
15609628,Marceau,701,Germany,Male,18,7,0.0,1,1,0,86059.83,0
15609629,Balogh,556,Spain,Female,51,10,82682.78,2,1,1,200000.0,0
15609630,Dubois,546,Germany,Female,53,10,0.0,2,1,0,126008.11,0
15609631,Rousseau,606,Germany,Female,40,0,169545.4,1,1,1,122071.1,0
15609632,Odom,683,France,Male,41,2,0.0,1,1,0,20003.73,1
15609633,Osei,750,France,Male,44,7,156495.42,1,1,0,136197.77,1
15609634,Laurent,672,Spain,Female,53,1,0.0,2,1,0,64542.78,0
15609635,Bergstrom,850,France,Female,41,0,145353.12,2,1,1,138691.58,0
15609636,Aoki,585,Spain,Female,37,1,0.0,2,0,1,88909.58,0
15609637,Kowalski,721,Germany,Female,42,0,0.0,1,1,0,70979.3,1
15609638,Thibault,544,Spain,Male,38,7,0.0,2,1,1,129192.86,0
15609639,Rousseau,805,France,Female,39,3,134522.23,1,0,1,108888.96,0
15609640,Abubakar,781,Spain,Male,20,10,62633.24,1,0,1,27856.41,0
15609641,Nakamura,718,France,Male,44,1,90435.01,4,1,0,187036.83,0
15609642,Kowalski,483,Germany,Male,50,5,159106.99,4,0,1,87976.99,1
15609643,Iyer,717,France,Male,49,7,164100.13,1,1,0,149387.83,1
15609644,Petrov,571,Germany,Male,48,3,136104.59,3,0,0,93166.18,1
15609645,Aoki,694,France,Female,38,7,89010.34,1,1,0,49437.71,1
15609646,Balogh,510,France,Female,40,9,56423.62,1,0,0,88608.54,1
15609647,Mendez,676,Spain,Male,51,7,73028.09,2,0,1,131790.29,0
15609648,Petrov,616,France,Male,47,6,0.0,1,1,1,200000.0,0
15609649,Marchetti,575,France,Male,54,6,0.0,2,1,0,158205.65,1
15609650,Osei,707,Germany,Male,32,10,106903.87,1,1,1,68683.73,0
15609651,Balogh,645,Germany,Male,32,8,120173.3,1,0,0,12710.0,0
15609652,Balogh,630,France,Female,35,0,0.0,2,1,0,101604.18,1
15609653,Rousseau,721,Spain,Female,29,8,60670.5,1,0,1,103167.04,0
15609654,Falk,833,Germany,Male,25,1,0.0,1,1,1,156824.83,0
15609655,Okonkwo,676,Germany,Female,43,9,144303.31,1,0,1,175930.3,1
15609656,Okonkwo,477,France,Female,43,3,0.0,2,1,1,136130.95,1
15609657,Balogh,500,France,Male,41,7,167305.6,2,1,1,154619.0,0
15609658,Nakamura,657,Germany,Male,42,8,0.0,2,1,1,88499.11,0
15609659,Falk,749,France,Male,24,3,0.0,1,1,0,149554.68,0
15609660,Weiss,663,France,Male,34,10,0.0,1,1,0,118233.85,1
15609661,Hallgren,699,Germany,Female,36,5,0.0,1,1,1,200000.0,1
15609662,Petrov,644,France,Male,39,4,59735.92,1,1,1,113103.71,0
15609663,Novak,742,Germany,Male,24,5,0.0,2,0,0,89265.75,0
15609664,Osei,709,France,Male,29,3,191524.39,2,1,0,144188.11,0
15609665,Girard,552,Spain,Male,34,1,60517.52,2,0,0,187703.96,0
15609666,Reyes,693,Germany,Female,49,10,144322.86,2,1,0,146866.76,1
15609667,Marceau,502,Germany,Male,41,8,0.0,2,1,0,124998.1,0
15609668,Balogh,693,Germany,Female,49,8,129285.78,3,1,0,97378.24,1
15609669,Delacroix,623,Germany,Male,37,10,128394.2,3,1,1,49552.82,0
15609670,Balogh,665,France,Male,39,6,0.0,4,0,0,168079.72,1
15609671,Okonkwo,681,Germany,Male,44,10,115277.02,1,1,1,168228.35,0
15609672,Falk,677,Germany,Female,37,10,0.0,2,1,1,1000.0,0
15609673,Osei,786,Spain,Male,32,2,0.0,2,1,0,51157.31,0
15609674,Abubakar,653,France,Female,23,4,159997.33,1,0,0,141302.78,0
15609675,Delacroix,668,France,Male,32,1,86482.81,1,1,1,71295.02,0
15609676,Okonkwo,778,Spain,Female,47,7,17002.57,1,0,1,132060.63,1
15609677,Marchetti,832,Spain,Female,51,1,32199.56,1,1,0,43027.37,1
15609678,Adeyemi,648,France,Female,31,8,182435.88,1,1,0,52005.81,0
15609679,Osei,601,France,Male,21,8,108135.47,1,0,0,33894.99,1
15609680,Lindqvist,606,Spain,Male,48,4,0.0,1,0,0,93468.91,1
15609681,Kessler,693,France,Female,39,6,0.0,1,1,1,99885.64,0
15609682,Abubakar,630,Germany,Female,25,10,123539.99,3,1,1,30379.18,1
15609683,Fontaine,482,France,Male,18,8,0.0,1,1,0,40661.97,0
15609684,Girard,758,France,Male,29,4,0.0,2,1,1,75248.49,0
15609685,Nakamura,728,France,Male,34,9,0.0,1,1,0,80105.13,0
15609686,Hallgren,760,Germany,Male,27,0,131308.68,1,0,1,55504.83,0
15609687,Novak,779,Germany,Male,46,2,109904.17,1,1,1,134276.64,0
15609688,Nakamura,668,France,Male,30,3,0.0,3,1,1,75602.03,1
15609689,Dubois,675,France,Male,39,4,0.0,2,1,1,108777.36,0
15609690,Falk,747,France,Female,63,7,159222.28,1,1,0,123470.43,0
15609691,Nakamura,533,France,Female,40,8,210551.35,2,0,1,48298.97,0
15609692,Marchetti,616,Spain,Female,37,0,139047.77,2,1,1,130101.68,0
15609693,Fontaine,644,France,Male,38,2,32697.85,1,1,0,108912.55,0
15609694,Kowalski,739,Spain,Female,45,8,0.0,1,1,0,104734.13,0
15609695,Weiss,598,France,Male,44,5,153042.82,1,1,1,51481.98,1
15609696,Falk,582,France,Female,28,3,99936.07,2,1,1,151890.05,0
15609697,Iyer,609,France,Male,34,4,112092.43,1,1,1,5366.69,1
15609698,Girard,695,France,Male,32,6,71493.28,1,1,0,91660.61,1
15609699,Girard,643,France,Female,36,6,184221.43,2,0,0,50866.27,0
15609700,Girard,511,France,Male,57,9,0.0,1,0,0,75275.05,1
15609701,Hargrove,530,France,Female,45,10,0.0,2,1,1,18366.18,0
15609702,Sorensen,663,Germany,Female,38,8,0.0,2,1,0,58427.78,0
15609703,Winters,666,France,Male,51,1,0.0,1,1,0,35514.77,1
15609704,Dubois,653,France,Male,40,4,164304.4,1,1,0,13147.48,0
15609705,Okafor,605,France,Female,22,5,0.0,1,1,1,129597.13,0
15609706,Nakamura,726,Germany,Female,55,6,145974.4,1,0,1,57934.31,0
15609707,Renner,685,Germany,Female,37,10,136789.96,2,1,0,87158.33,1
15609708,Schmitt,682,Germany,Male,18,4,121333.54,1,1,1,119745.04,0
15609709,Marceau,686,Spain,Female,22,3,68119.96,1,1,1,115287.77,0
15609710,Laurent,803,Germany,Male,50,9,0.0,2,1,0,90585.29,1
15609711,Rousseau,552,France,Male,22,8,0.0,2,0,0,59447.25,0
15609712,Hallgren,610,Germany,Female,52,5,79179.03,1,1,1,76369.22,0
15609713,Thibault,618,Germany,Male,39,10,0.0,1,1,1,109840.37,0
15609714,Lindqvist,771,France,Male,46,3,84955.49,1,0,0,159465.59,1
15609715,Dubois,614,France,Male,36,2,0.0,1,1,1,1000.0,0
15609716,Winters,574,France,Female,44,0,53616.31,1,1,1,121631.41,1
15609717,Winters,640,France,Female,42,0,178596.14,1,1,1,30678.37,0
15609718,Odom,660,Germany,Female,38,9,209796.88,1,1,1,69313.32,1
15609719,Thibault,765,France,Male,28,0,123845.91,2,1,1,86621.97,0
15609720,Fairweather,614,Spain,Male,42,8,0.0,1,1,1,92594.83,0
15609721,Castellano,584,Germany,Female,20,0,31076.72,2,0,1,62710.71,1
15609722,Lindqvist,563,France,Male,48,2,121170.33,1,1,1,165039.57,0
15609723,Reyes,617,France,Male,41,3,41742.21,1,1,1,131521.42,0
15609724,Novak,850,Spain,Male,43,2,25799.52,3,1,1,72671.24,1
15609725,Marchetti,687,Germany,Female,18,1,48698.53,2,0,1,189639.46,0
15609726,Rousseau,707,France,Female,27,10,0.0,1,1,1,57951.29,0
15609727,Winters,650,France,Male,33,4,0.0,2,1,1,54217.42,0
15609728,Falk,663,Spain,Male,45,4,108359.98,2,1,1,104688.08,0
15609729,Rousseau,726,Germany,Female,29,8,53811.92,2,1,0,65373.47,0
15609730,Sorensen,704,France,Female,64,10,117307.6,1,1,1,121499.49,0
15609731,Aoki,684,France,Male,36,3,0.0,1,1,1,81509.81,1
15609732,Marchetti,652,Germany,Male,28,4,118435.04,3,1,1,117662.27,0
15609733,Abubakar,616,France,Female,37,5,0.0,1,1,1,47029.24,1
15609734,Okafor,691,France,Female,29,2,0.0,2,1,0,200000.0,1
15609735,Weiss,658,Spain,Female,26,1,78031.98,2,1,0,69880.51,1
15609736,Winters,850,France,Female,49,10,0.0,2,1,1,180881.81,0
15609737,Renner,751,France,Female,44,7,153933.51,2,1,0,20869.36,1
15609738,Delacroix,585,Spain,Male,44,7,50407.85,1,0,1,200000.0,0
15609739,Weiss,538,Spain,Male,52,3,73793.07,3,1,0,91226.73,1
15609740,Bergstrom,612,Spain,Male,43,7,0.0,1,1,0,84910.44,0
15609741,Marchetti,546,France,Female,28,1,0.0,1,0,0,1000.0,0
15609742,Marchetti,606,Spain,Male,46,1,135457.53,4,1,0,22200.29,1
15609743,Delacroix,557,Spain,Male,27,10,48002.58,2,1,0,42843.52,0
15609744,Sorensen,619,Germany,Male,34,2,0.0,1,1,1,33722.01,0
15609745,Castellano,620,Germany,Female,38,8,175437.2,3,0,1,133693.78,0
15609746,Lindqvist,664,Spain,Female,37,3,122820.05,1,1,1,72349.95,0
15609747,Mendez,630,Germany,Male,20,7,0.0,1,0,1,97574.28,0
15609748,Adeyemi,563,Germany,Male,29,6,154409.01,2,0,0,108883.32,0
15609749,Schmitt,767,France,Female,38,7,121249.44,2,1,0,1000.0,0
15609750,Whitfield,689,Germany,Male,32,10,99516.23,1,1,0,80199.4,1
15609751,Whitfield,598,Germany,Female,50,4,156655.49,3,0,1,200000.0,1
15609752,Girard,565,France,Male,52,9,0.0,2,1,1,158776.7,0
15609753,Novak,509,France,Female,27,3,116034.32,3,1,0,124382.16,1
15609754,Petrov,502,Spain,Male,39,10,0.0,2,0,0,105064.85,0
15609755,Adeyemi,751,France,Female,55,5,86951.42,1,0,1,179069.84,0
15609756,Kessler,740,Spain,Male,37,9,0.0,3,0,0,131323.55,1
15609757,Abubakar,594,Spain,Male,34,9,128262.54,2,1,0,88260.57,0
15609758,Mendez,781,France,Female,47,6,189841.33,2,1,1,118021.04,0
15609759,Thibault,709,France,Female,36,10,3000.0,1,1,1,144069.43,0
15609760,Whitfield,670,Germany,Female,51,7,148669.6,2,1,1,169816.53,1
15609761,Voss,733,France,Female,32,6,0.0,2,0,1,16717.08,0
15609762,Thibault,709,Spain,Female,34,2,85293.07,1,0,1,104956.35,1
15609763,Bergstrom,665,France,Female,47,4,0.0,1,1,0,153311.72,0
15609764,Kessler,627,France,Male,40,0,0.0,4,1,0,63970.09,0
15609765,Osei,640,Spain,Female,40,7,0.0,2,0,0,86367.23,0
15609766,Okonkwo,496,France,Male,19,6,60144.95,2,1,0,191984.42,1
15609767,Reyes,573,Spain,Male,35,7,0.0,2,0,1,111025.16,0
15609768,Balogh,823,Spain,Female,47,6,180615.43,2,1,1,54433.62,1
15609769,Sorensen,571,France,Male,31,2,146870.87,2,0,0,15627.98,0
15609770,Kessler,472,France,Male,46,10,0.0,1,1,1,91122.57,0
15609771,Marchetti,737,Spain,Male,41,4,0.0,1,0,1,63771.71,0
15609772,Voss,674,Spain,Male,36,7,49627.9,2,1,0,170100.94,0
15609773,Fairweather,679,Spain,Female,52,1,0.0,1,0,0,55166.35,0
15609774,Okonkwo,635,Germany,Male,35,6,0.0,1,1,0,149099.14,1
15609775,Thibault,737,France,Male,36,4,0.0,1,1,0,96432.58,0
15609776,Adeyemi,797,France,Male,36,10,0.0,3,1,1,71378.28,0
15609777,Laurent,600,Spain,Male,39,8,59681.41,1,1,1,81040.28,0
15609778,Weiss,711,Spain,Male,46,10,0.0,2,0,1,169885.27,0
15609779,Abubakar,757,Germany,Male,23,3,117769.41,1,1,1,143140.4,0
15609780,Falk,595,France,Female,47,7,153080.74,1,0,1,110573.88,0
15609781,Marceau,795,Spain,Female,39,6,85486.77,1,1,1,62918.23,0
15609782,Sorensen,757,Spain,Male,44,2,36302.83,4,0,0,140342.24,1
15609783,Mendez,531,France,Male,63,3,0.0,1,1,0,104850.2,1
15609784,Lindqvist,803,Spain,Male,33,7,0.0,1,1,1,73910.76,0
15609785,Okonkwo,536,Spain,Male,26,1,0.0,1,1,1,45208.13,0
15609786,Winters,584,France,Male,40,4,136306.99,2,0,0,65419.74,0
15609787,Renner,716,France,Female,42,8,96414.55,1,1,1,36366.04,0
15609788,Schmitt,750,France,Female,47,9,0.0,2,1,0,50905.98,0
15609789,Castellano,659,Germany,Male,33,6,85704.2,1,1,1,200000.0,0
15609790,Rousseau,590,France,Male,30,7,0.0,2,1,1,1000.0,0
15609791,Hargrove,625,France,Female,23,9,10897.4,1,1,1,149423.45,0
15609792,Whitfield,614,France,Female,25,2,0.0,2,0,0,127002.69,0
15609793,Mendez,731,France,Male,34,7,0.0,1,1,1,7682.27,0
15609794,Sorensen,611,France,Female,37,8,176923.57,3,0,0,146249.74,1
15609795,Okonkwo,587,Spain,Male,60,8,78493.85,2,1,1,200000.0,0
15609796,Odom,508,France,Female,21,6,108063.89,1,1,1,98647.67,0
15609797,Castellano,593,France,Male,42,1,0.0,2,0,1,152739.41,0
15609798,Petrov,639,France,Female,31,0,65268.17,3,1,1,90950.2,1
15609799,Lindqvist,541,France,Male,41,6,97345.74,1,1,1,123390.88,0
15609800,Laurent,483,France,Male,33,3,0.0,1,0,0,1000.0,0
15609801,Laurent,744,Spain,Female,49,4,93758.24,1,0,1,99923.22,0
15609802,Rousseau,554,Spain,Female,49,5,0.0,1,1,1,100497.41,0
15609803,Rousseau,524,Spain,Female,37,8,126183.44,2,1,1,74462.43,0
15609804,Dubois,801,France,Male,53,3,0.0,3,1,0,183919.37,0
15609805,Balogh,731,Germany,Female,46,6,95105.55,1,1,1,96996.49,0
15609806,Petrov,748,Spain,Male,53,5,0.0,4,1,0,90946.95,1
15609807,Kessler,698,France,Female,38,0,0.0,1,1,1,78533.69,1
15609808,Hargrove,776,France,Male,48,7,173606.06,3,1,0,74847.5,1
15609809,Whitfield,735,Germany,Male,31,5,141594.03,1,1,1,91514.36,0
15609810,Marceau,617,France,Male,30,2,88187.84,2,1,1,83358.86,0
15609811,Reyes,548,France,Female,61,8,0.0,2,1,0,125151.13,0
15609812,Petrov,527,Spain,Female,27,1,0.0,1,1,0,131685.58,0
15609813,Castellano,637,France,Male,34,2,109258.23,1,0,1,183700.9,0
15609814,Marceau,544,Germany,Female,19,2,0.0,1,1,1,74347.06,0
15609815,Castellano,573,France,Male,30,7,0.0,1,1,1,42380.69,0
15609816,Adeyemi,635,France,Male,28,10,0.0,4,1,1,109198.8,0
15609817,Fontaine,784,France,Male,32,9,0.0,2,1,1,110621.55,0
15609818,Voss,505,France,Female,42,1,131280.48,2,1,1,153977.77,0
15609819,Renner,653,Germany,Female,44,0,72908.67,2,1,1,20362.77,1
15609820,Whitfield,530,Germany,Female,28,8,0.0,1,0,1,95623.65,0
15609821,Marchetti,597,Germany,Male,30,6,0.0,2,0,0,166356.97,0
15609822,Delacroix,739,Spain,Male,50,3,0.0,1,1,0,150978.04,0
15609823,Laurent,569,France,Female,56,9,56899.06,2,1,0,167748.79,0
15609824,Weiss,625,France,Male,51,1,114913.4,2,1,1,79537.92,0
15609825,Fairweather,664,France,Female,22,1,121225.37,2,0,1,1000.0,0
15609826,Abubakar,717,Germany,Female,51,5,154902.38,1,1,1,114264.37,0
15609827,Renner,597,France,Male,57,2,106448.98,2,0,0,126837.06,0
15609828,Fontaine,771,France,Male,21,2,10599.53,1,0,0,61922.33,1
15609829,Renner,607,Spain,Female,50,6,0.0,1,0,0,120367.56,0
15609830,Reyes,696,Germany,Female,41,3,0.0,2,0,0,106618.3,0
15609831,Petrov,632,France,Female,35,6,69502.14,1,1,0,15047.85,1
15609832,Reyes,721,Spain,Female,40,6,0.0,1,1,1,159302.78,0
15609833,Delacroix,845,Spain,Male,43,8,136693.37,2,1,1,13047.31,0
15609834,Aoki,623,Germany,Female,50,10,57691.61,1,0,0,140635.31,0
15609835,Delacroix,648,France,Female,50,6,161966.23,1,1,0,48488.49,0
15609836,Kowalski,609,France,Female,23,3,54103.81,1,0,1,110185.35,0
15609837,Mendez,594,France,Male,32,6,11322.81,1,0,0,105497.06,1
15609838,Castellano,583,Germany,Male,39,5,94604.09,1,1,1,105312.91,0
15609839,Iyer,648,Germany,Male,55,4,45604.7,1,0,0,162392.27,1
15609840,Aoki,575,Spain,Male,18,3,0.0,1,1,1,148569.9,0
15609841,Laurent,578,France,Female,32,0,78022.75,1,1,0,55273.12,0
15609842,Winters,350,France,Female,23,2,0.0,1,0,0,103045.75,0
15609843,Bergstrom,783,Spain,Male,25,6,96704.55,2,1,1,134534.34,0
15609844,Thibault,808,France,Female,49,0,0.0,1,1,0,131196.03,1
15609845,Dubois,712,Spain,Male,33,1,85532.01,1,1,1,130950.62,0
15609846,Laurent,566,Germany,Female,18,6,230857.44,2,1,1,103463.21,0
15609847,Marceau,529,France,Female,37,10,0.0,1,1,0,149491.21,0
15609848,Thibault,500,France,Female,59,1,3000.0,2,1,0,144840.71,0
15609849,Kowalski,711,France,Female,20,0,125009.87,1,1,1,120415.45,0
15609850,Lindqvist,771,France,Female,44,3,60753.0,2,0,1,87839.84,0
15609851,Fontaine,666,Spain,Female,54,0,0.0,1,1,1,194920.69,0
15609852,Girard,732,France,Male,38,9,0.0,1,1,1,82343.74,0
15609853,Abubakar,693,France,Female,58,8,85529.85,1,0,0,49175.93,1
15609854,Petrov,576,France,Male,32,1,91652.57,1,1,1,82505.04,0
15609855,Whitfield,747,France,Male,53,1,0.0,1,0,0,109791.33,1
15609856,Girard,741,Spain,Female,51,5,93936.61,2,1,0,82344.37,0
15609857,Marceau,555,Spain,Female,38,4,104362.04,2,0,1,52056.84,1
15609858,Okonkwo,727,Spain,Female,23,7,87109.27,2,0,0,93629.28,0
15609859,Hargrove,636,Spain,Male,28,10,0.0,1,1,1,164568.43,0
15609860,Reyes,625,France,Male,18,3,177480.04,1,1,0,21745.64,0
15609861,Winters,687,Spain,Male,45,8,0.0,1,1,0,108327.92,0
15609862,Girard,685,France,Female,43,3,0.0,2,1,0,35286.11,1
15609863,Petrov,735,Germany,Female,39,2,71272.43,1,1,1,36479.0,0
15609864,Delacroix,568,France,Female,37,10,0.0,2,1,1,4424.6,0
15609865,Sorensen,704,France,Male,52,2,0.0,3,1,1,100080.99,0
15609866,Abubakar,539,France,Female,42,1,95727.39,1,0,1,1000.0,0
15609867,Petrov,633,Germany,Male,33,6,99567.22,2,1,1,107497.92,0
15609868,Weiss,639,France,Female,40,6,179795.05,2,1,0,91642.17,0
15609869,Osei,743,Germany,Female,59,5,164371.73,2,1,1,125643.34,0
15609870,Odom,651,France,Male,45,0,0.0,2,1,1,1000.0,0
15609871,Thibault,625,Germany,Female,35,1,0.0,1,1,0,1965.77,1
15609872,Okafor,787,Spain,Female,38,8,154585.68,2,1,0,76344.66,0
15609873,Okafor,609,France,Male,43,1,0.0,1,1,1,98406.22,1
15609874,Lindqvist,605,France,Male,34,3,0.0,4,1,0,156240.17,0
15609875,Schmitt,470,France,Female,33,8,48521.03,2,1,0,90056.45,1
15609876,Weiss,629,Germany,Female,38,3,87629.29,1,0,1,52366.21,0
15609877,Kessler,560,Germany,Female,54,3,0.0,2,1,0,164870.25,0
15609878,Kessler,626,France,Male,47,10,0.0,2,0,1,63389.88,0
15609879,Odom,673,France,Female,34,8,104418.62,2,0,1,13486.88,0
15609880,Nakamura,546,France,Male,47,7,193628.81,1,0,1,118824.41,0
15609881,Schmitt,571,France,Male,39,2,0.0,2,1,0,100635.6,0
15609882,Odom,496,Spain,Male,42,3,173156.2,2,0,0,148775.01,0
15609883,Bergstrom,601,France,Male,41,6,108103.59,2,0,1,39400.51,0
15609884,Kowalski,559,France,Male,18,9,0.0,2,0,1,102543.79,0
15609885,Winters,850,Germany,Male,18,5,140918.53,1,1,0,60819.42,1
15609886,Falk,794,Spain,Male,41,8,133602.52,1,1,0,114202.83,1
15609887,Schmitt,779,Germany,Female,30,3,133572.27,1,1,1,59401.15,0
15609888,Duarte,526,France,Male,22,4,227920.06,2,0,0,100727.92,0
15609889,Abubakar,633,Germany,Male,30,6,0.0,1,1,0,166202.56,0
15609890,Adeyemi,534,Spain,Male,48,6,72644.44,3,0,0,103598.94,1
15609891,Voss,827,Spain,Female,42,1,76804.5,1,1,0,80965.27,1
15609892,Adeyemi,730,France,Female,46,4,154092.9,1,0,1,181188.26,0
15609893,Reyes,549,Germany,Male,43,9,150189.1,2,1,0,92125.18,1
15609894,Aoki,685,Spain,Female,29,5,160936.56,1,1,0,113394.27,1
15609895,Sorensen,508,Germany,Female,46,8,138044.18,1,1,0,148561.27,1
15609896,Hargrove,637,Spain,Female,44,9,59995.34,1,0,0,89589.22,0
15609897,Sorensen,633,Germany,Male,37,3,188834.21,2,1,1,92890.98,0
15609898,Dubois,721,Spain,Male,39,2,179143.97,1,1,1,92395.9,1
15609899,Rousseau,745,Germany,Male,47,6,92719.09,2,1,1,117948.51,0
15609900,Nakamura,652,France,Male,31,5,130324.85,2,1,0,200000.0,0
15609901,Kowalski,628,France,Male,50,9,121290.25,1,1,1,166861.43,0
15609902,Nakamura,350,Spain,Female,44,2,93422.89,2,1,0,158385.43,0
15609903,Marchetti,800,Spain,Male,39,4,54040.77,3,0,1,48538.61,0
15609904,Kessler,587,Spain,Male,54,0,140723.96,2,1,1,75579.86,0
15609905,Abubakar,660,Spain,Female,25,3,37400.64,1,1,0,133171.84,0
15609906,Delacroix,850,Spain,Female,34,6,0.0,2,1,0,1000.0,0
15609907,Hallgren,535,Germany,Male,32,8,0.0,1,1,0,54311.95,1
15609908,Reyes,652,France,Female,42,9,0.0,1,1,1,168961.67,0
15609909,Osei,698,Germany,Male,51,0,131157.85,1,0,0,160568.2,1
15609910,Reyes,755,France,Male,28,9,97273.45,2,1,1,116159.48,0
15609911,Lindqvist,650,Spain,Male,72,7,33931.78,1,1,0,140691.91,1
15609912,Osei,763,Germany,Male,32,2,132714.16,2,1,1,200000.0,0
15609913,Iyer,610,France,Female,42,2,0.0,1,1,1,85490.23,0
15609914,Duarte,702,France,Male,39,8,151708.79,1,0,1,200000.0,0
15609915,Lindqvist,690,France,Female,39,7,92369.31,3,1,1,127355.05,0
15609916,Girard,641,Spain,Male,30,2,0.0,1,1,1,89065.99,0
15609917,Marchetti,681,France,Female,49,4,0.0,2,1,1,182440.31,1
15609918,Sorensen,566,France,Male,30,9,49107.54,1,1,1,55549.51,0
15609919,Weiss,621,Germany,Female,20,0,0.0,1,1,1,103280.91,0
15609920,Dubois,526,France,Male,27,5,103987.17,1,0,1,87500.55,0
15609921,Lindqvist,608,Spain,Female,53,9,126651.81,2,1,0,191080.34,0
15609922,Adeyemi,759,Spain,Female,51,0,0.0,1,1,0,78294.31,0
15609923,Voss,690,France,Female,18,6,98404.3,2,1,0,85784.84,1
15609924,Falk,680,France,Male,47,6,0.0,1,1,0,96398.2,1
15609925,Lindqvist,497,Germany,Female,18,3,113498.12,1,0,1,1000.0,0
15609926,Abubakar,681,Spain,Female,38,5,0.0,2,1,0,172023.23,0
15609927,Rousseau,644,France,Female,26,7,0.0,2,0,0,98198.33,0
15609928,Whitfield,702,Germany,Female,48,3,3000.0,2,0,0,76283.86,1
15609929,Aoki,783,Spain,Female,44,5,149873.33,2,1,1,147518.12,0
15609930,Dubois,611,France,Female,48,5,0.0,1,0,1,87022.63,0
15609931,Winters,620,Spain,Male,35,0,0.0,1,1,0,120726.24,0
15609932,Nakamura,738,France,Male,37,2,110077.76,2,1,1,49014.89,0
15609933,Balogh,592,France,Male,23,7,45709.42,1,0,1,62427.28,1
15609934,Fontaine,658,Germany,Female,28,5,0.0,1,1,0,115454.43,0
15609935,Iyer,458,France,Female,48,10,57206.08,2,1,0,66209.48,0
15609936,Voss,620,France,Male,42,9,47533.31,2,1,1,8451.8,0
15609937,Petrov,775,France,Male,40,2,0.0,1,1,1,182111.96,0
15609938,Dubois,682,Germany,Male,51,10,173175.86,2,1,1,18379.96,0
15609939,Balogh,736,Spain,Male,25,9,148112.09,1,0,0,149148.22,0
15609940,Thibault,742,Germany,Female,46,4,0.0,2,1,1,88877.15,0
15609941,Okonkwo,780,France,Female,26,6,103814.12,1,0,0,164171.93,0
15609942,Reyes,617,Germany,Male,54,3,84850.49,2,1,1,102857.0,0
15609943,Girard,740,Spain,Male,44,0,52288.52,1,1,0,93821.01,0
15609944,Adeyemi,850,France,Male,48,2,0.0,1,0,1,127219.05,0
15609945,Delacroix,647,France,Female,31,8,0.0,1,0,1,102284.01,0
15609946,Sorensen,523,Germany,Female,61,6,75485.02,2,1,0,112864.95,1
15609947,Delacroix,593,France,Male,59,4,0.0,2,0,1,94777.34,0
15609948,Marceau,695,Spain,Male,43,5,60966.46,1,1,1,150878.13,0
15609949,Whitfield,490,Spain,Female,50,8,151588.5,2,0,1,62234.34,0
15609950,Rousseau,577,France,Female,35,7,143949.94,2,1,1,181260.13,0
15609951,Okonkwo,618,Germany,Female,26,6,189831.74,1,0,0,121641.71,0
15609952,Schmitt,661,Germany,Male,47,5,0.0,1,1,1,163436.44,0
15609953,Castellano,822,France,Female,29,0,65917.92,1,1,0,61124.63,1
15609954,Sorensen,716,Spain,Female,52,3,69002.41,1,1,0,200000.0,0
15609955,Fairweather,543,France,Female,49,1,129568.36,1,1,1,135746.74,1
15609956,Rousseau,850,Spain,Male,41,8,67683.7,3,1,1,200000.0,0
15609957,Voss,648,France,Male,40,3,0.0,2,1,0,80911.89,1
15609958,Novak,489,France,Male,49,2,94689.19,2,1,0,40283.54,0
15609959,Marchetti,550,France,Female,41,5,157831.85,2,1,0,92977.9,0
15609960,Fairweather,551,France,Female,34,5,159263.09,1,1,0,147127.77,1
15609961,Osei,521,France,Male,23,10,0.0,2,1,1,173315.13,0
15609962,Laurent,699,France,Female,48,1,0.0,2,1,0,68037.87,0
15609963,Voss,394,Germany,Female,42,9,162518.43,1,1,1,163670.91,0
15609964,Petrov,744,France,Male,67,2,81445.3,1,0,0,122204.45,1
15609965,Delacroix,728,France,Female,38,8,0.0,1,0,1,156000.22,0
15609966,Renner,606,France,Female,42,5,105164.35,2,1,1,36707.71,0
15609967,Okafor,738,Spain,Male,42,5,0.0,2,0,1,57013.8,0
15609968,Fairweather,545,France,Female,45,7,80880.62,1,0,0,26013.82,0
15609969,Delacroix,569,Spain,Male,29,1,56066.78,1,0,0,99508.63,0
15609970,Girard,703,Spain,Female,38,8,0.0,2,0,1,157493.2,0
15609971,Schmitt,630,France,Female,47,8,0.0,1,1,0,174082.66,1
15609972,Kessler,590,Germany,Female,35,2,0.0,2,1,1,61980.41,0
15609973,Adeyemi,639,France,Female,47,0,105687.13,2,1,0,125706.26,0
15609974,Hargrove,777,Spain,Male,39,7,52673.98,3,1,1,125102.12,0
15609975,Hallgren,773,France,Male,43,1,137703.26,1,1,1,1000.0,0
15609976,Sorensen,691,Spain,Female,50,6,0.0,2,0,1,117715.11,0
15609977,Okonkwo,616,Germany,Male,36,2,106637.29,2,1,1,1000.0,0
15609978,Whitfield,700,France,Female,24,7,63282.25,1,1,0,94136.59,0
15609979,Nakamura,567,France,Male,36,10,116091.66,2,0,0,62677.32,0
15609980,Balogh,762,France,Male,30,9,120294.36,1,1,0,134160.87,0
15609981,Laurent,741,France,Male,18,8,0.0,2,1,1,141107.23,0
15609982,Reyes,835,Germany,Female,37,7,57843.62,2,1,1,179311.56,0
15609983,Marceau,573,Spain,Male,41,0,0.0,2,0,1,104229.19,0
15609984,Schmitt,561,Spain,Female,49,10,120133.34,3,0,0,118962.76,1
15609985,Hargrove,703,Germany,Male,27,10,132938.05,4,1,1,51446.06,1
15609986,Renner,624,Germany,Female,39,0,0.0,2,1,0,65165.63,1
15609987,Petrov,746,Germany,Female,50,8,0.0,2,1,1,69959.8,0
15609988,Balogh,777,France,Female,33,1,111905.21,2,1,1,92600.59,0
15609989,Voss,813,France,Male,44,6,181750.63,2,1,0,200000.0,0
15609990,Duarte,656,France,Male,55,2,123143.24,2,1,1,107858.29,0
15609991,Fairweather,735,France,Male,20,1,54084.38,1,0,0,177844.44,1
15609992,Bergstrom,600,France,Female,41,2,153790.67,2,1,1,134373.25,0
15609993,Odom,671,France,Male,50,3,93790.17,1,1,1,146697.86,0
15609994,Osei,645,France,Female,35,3,89794.82,1,1,0,110964.63,0
15609995,Kessler,640,France,Female,53,3,163904.78,2,1,0,93451.12,1
15609996,Fairweather,825,France,Male,45,5,0.0,2,1,1,109916.46,0
15609997,Iyer,521,France,Female,57,7,24410.48,1,0,1,54888.37,0
15609998,Laurent,650,France,Female,44,5,101044.06,1,0,1,66304.2,0
15609999,Bergstrom,655,France,Male,57,6,127072.6,1,1,1,99636.98,0
